timestamp,velocidad,carga,vida_util,humedad,corriente,vibracion,defectos,produccion,energia
2026-06-05 11:12:50,1180.93,83.41,93.14,30.71,22.65,1.62,2,451,19.58
2026-06-05 11:13:50,1563.78,86.9,88.69,38.32,23.48,1.82,2,565,21.5
2026-06-05 11:14:50,1641.69,70.07,52.59,45.63,20.66,4.76,4,525,18.56
2026-06-05 11:15:50,1180.12,92.7,65.36,48.0,23.68,3.8,3,419,20.93
2026-06-05 11:16:50,1676.02,61.77,41.44,38.6,19.89,5.82,5,510,17.44
2026-06-05 11:17:50,1328.22,30.61,88.72,53.62,12.17,2.16,1,386,9.81
2026-06-05 11:18:50,1693.43,54.97,89.4,49.25,19.42,1.62,3,538,16.99
2026-06-05 11:19:50,1670.68,35.65,99.27,35.0,15.99,1.06,1,497,11.89
2026-06-05 11:20:50,1427.4,98.35,59.26,41.17,24.92,4.12,4,494,22.78
2026-06-05 11:21:50,1406.24,51.29,23.09,30.04,17.22,7.27,7,382,14.78
2026-06-05 11:22:50,1748.04,70.13,96.33,53.76,21.84,0.82,0,586,18.25
2026-06-05 11:23:50,1329.02,50.99,81.89,36.43,17.28,2.24,2,423,14.16
2026-06-05 11:24:50,996.44,91.68,46.71,64.14,22.16,5.69,5,364,20.71
2026-06-05 11:25:50,1353.25,56.55,87.59,56.03,18.48,1.53,2,423,14.85
2026-06-05 11:26:50,1110.71,58.65,58.0,45.76,17.48,4.57,5,342,16.17
2026-06-05 11:27:50,1374.18,90.01,67.45,49.0,24.39,3.87,3,471,22.78
2026-06-05 11:28:50,1369.74,97.01,64.47,35.42,24.56,3.85,3,486,21.54
2026-06-05 11:29:50,1640.12,98.76,96.07,44.22,27.26,1.07,2,579,24.46
2026-06-05 11:30:50,1207.81,38.57,33.5,64.0,13.64,6.06,6,346,11.95
2026-06-05 11:31:50,988.87,57.61,86.82,62.37,17.27,2.41,2,345,14.74
2026-06-05 11:32:50,1178.5,31.64,37.18,67.73,12.51,5.66,4,309,10.37
2026-06-05 11:33:50,1476.69,62.31,57.36,48.86,18.19,4.44,5,457,15.4
2026-06-05 11:34:50,1587.52,59.35,36.79,47.56,19.02,5.83,5,471,16.07
2026-06-05 11:35:50,1547.64,81.35,78.38,38.49,23.48,2.93,4,517,20.21
2026-06-05 11:36:50,976.48,46.43,82.76,43.05,14.55,2.22,2,317,12.86
2026-06-05 11:37:50,1125.24,49.21,94.01,35.49,15.04,1.33,2,355,12.59
2026-06-05 11:38:50,1062.57,70.61,78.82,62.79,18.1,2.46,3,388,16.12
2026-06-05 11:39:50,1633.72,59.71,30.12,68.85,19.06,7.02,5,500,15.25
2026-06-05 11:40:50,1036.35,30.65,50.11,34.04,11.33,4.6,5,271,8.53
2026-06-05 11:41:50,1409.69,97.78,73.36,31.94,25.92,3.14,2,532,24.24
2026-06-05 11:42:50,1601.68,78.17,79.78,30.71,22.65,2.17,2,539,20.77
2026-06-05 11:43:50,1738.07,79.09,58.26,65.38,22.61,4.66,4,579,19.15
2026-06-05 11:44:50,1718.08,64.24,75.25,41.48,20.53,3.38,2,539,16.96
2026-06-05 11:45:50,1088.88,47.61,25.96,30.42,15.86,7.08,6,313,12.63
2026-06-05 11:46:50,1611.72,66.06,75.02,68.52,21.28,3.32,3,535,18.85
2026-06-05 11:47:50,1198.49,53.65,61.79,49.83,16.01,4.1,4,360,13.99
2026-06-05 11:48:50,1571.06,45.95,29.8,52.55,16.44,6.98,6,424,12.63
2026-06-05 11:49:50,1579.7,55.51,40.36,69.9,17.73,5.86,5,471,15.5
2026-06-05 11:50:50,1482.17,88.98,31.72,31.22,24.24,6.91,6,462,22.36
2026-06-05 11:51:50,1320.15,63.39,92.34,30.03,19.01,2.03,2,445,15.72
2026-06-05 11:52:50,1443.1,62.9,20.92,31.19,18.46,7.06,6,433,16.94
2026-06-05 11:53:50,1035.21,35.37,20.55,69.92,12.95,7.39,7,268,10.26
2026-06-05 11:54:50,1041.69,94.25,49.03,50.15,23.34,4.86,5,383,20.81
2026-06-05 11:55:50,1716.55,30.38,44.57,56.17,14.19,5.49,5,472,10.48
2026-06-05 11:56:50,1283.51,59.2,20.99,66.31,17.67,7.25,7,383,14.86
2026-06-05 11:57:50,1687.67,85.45,47.47,33.64,24.47,5.14,5,548,22.37
2026-06-05 11:58:50,1152.91,93.68,45.76,59.38,24.24,5.67,5,407,22.37
2026-06-05 11:59:50,1743.17,75.65,88.65,56.47,22.88,1.55,1,606,18.83
2026-06-05 12:00:50,1297.86,65.93,74.08,37.01,19.5,2.81,2,442,16.71
2026-06-05 12:01:50,1631.97,40.74,58.54,65.19,15.22,4.48,5,469,12.32
2026-06-05 12:02:50,1309.24,82.96,34.23,69.62,21.89,6.62,5,442,19.6
2026-06-05 12:03:50,1512.61,89.23,92.57,47.9,23.67,1.89,3,538,20.44
2026-06-05 12:04:50,1291.84,80.6,51.17,42.16,22.16,4.78,4,430,20.28
2026-06-05 12:05:50,1042.46,88.6,85.24,57.42,22.7,2.65,2,391,21.02
2026-06-05 12:06:50,932.96,33.37,45.16,31.3,12.34,5.47,5,242,9.39
2026-06-05 12:07:50,933.5,95.87,45.41,60.76,23.09,5.79,5,363,21.33
2026-06-05 12:08:50,1027.67,64.72,25.78,32.27,18.2,6.75,6,309,16.42
2026-06-05 12:09:50,1381.23,91.67,96.29,39.23,23.4,1.58,1,495,22.01
2026-06-05 12:10:50,1275.18,48.19,21.84,68.59,16.01,7.07,6,354,13.59
2026-06-05 12:11:50,1619.88,42.75,60.43,44.7,16.74,4.47,3,487,14.42
2026-06-05 12:12:50,1511.8,98.7,46.19,36.88,26.51,5.23,4,512,23.45
2026-06-05 12:13:50,1738.32,38.97,63.57,51.92,15.94,3.58,4,512,13.42
2026-06-05 12:14:50,1084.56,88.82,80.57,68.98,21.48,2.16,2,420,19.31
2026-06-05 12:15:50,1060.74,40.38,84.96,55.71,14.34,2.51,3,343,11.84
2026-06-05 12:16:50,1258.98,47.32,51.04,30.86,16.08,4.7,5,354,12.48
2026-06-05 12:17:50,1247.66,44.51,30.8,60.77,14.51,6.19,6,330,13.26
2026-06-05 12:18:50,1643.17,74.13,62.47,69.8,22.05,3.76,3,520,19.81
2026-06-05 12:19:50,1113.02,67.69,59.94,49.25,18.41,4.62,4,370,17.01
2026-06-05 12:20:50,1774.1,90.42,88.03,39.68,24.51,1.93,3,611,21.5
2026-06-05 12:21:50,1170.17,99.7,94.9,30.08,25.31,1.4,2,440,22.96
2026-06-05 12:22:50,1139.56,79.03,46.63,34.85,20.24,5.12,4,375,18.23
2026-06-05 12:23:50,1308.09,76.29,94.0,38.64,21.65,1.13,2,458,19.77
2026-06-05 12:24:50,1097.94,35.2,79.52,69.69,13.71,2.43,3,334,10.49
2026-06-05 12:25:50,956.83,75.3,88.54,33.87,18.75,2.38,3,336,17.37
2026-06-05 12:26:50,1749.45,99.89,91.89,42.88,27.21,1.22,1,633,23.39
2026-06-05 12:27:50,1264.15,57.37,90.03,65.67,17.35,2.13,2,414,14.34
2026-06-05 12:28:50,1486.9,56.53,68.91,32.56,17.7,3.71,3,478,14.4
2026-06-05 12:29:50,1152.25,35.93,68.07,67.24,12.66,3.99,5,323,10.43
2026-06-05 12:30:50,1652.15,66.8,77.95,64.78,20.29,3.26,2,537,16.76
2026-06-05 12:31:50,1508.75,81.14,70.57,64.43,22.59,3.49,4,514,20.98
2026-06-05 12:32:50,1223.85,40.72,69.8,47.76,13.3,3.86,4,370,11.7
2026-06-05 12:33:50,1462.3,52.4,39.39,45.45,16.93,6.06,5,422,14.66
2026-06-05 12:34:50,1363.62,98.94,56.05,55.94,25.99,4.44,3,487,23.8
2026-06-05 12:35:50,1087.11,83.04,36.44,58.62,21.15,5.65,5,387,20.33
2026-06-05 12:36:50,1401.05,69.98,29.18,53.22,20.74,6.89,6,430,18.35
2026-06-05 12:37:50,1750.28,92.08,83.56,37.1,26.2,2.43,2,589,23.72
2026-06-05 12:38:50,1694.76,49.4,78.83,63.78,17.06,2.84,3,496,13.39
2026-06-05 12:39:50,1055.99,49.05,83.33,56.19,15.2,2.21,1,361,13.92
2026-06-05 12:40:50,1480.67,95.76,56.25,58.92,25.69,4.35,5,502,23.21
2026-06-05 12:41:50,1379.93,69.09,48.8,52.39,19.15,4.85,5,437,16.74
2026-06-05 12:42:50,1183.21,56.05,70.61,56.43,16.44,3.39,3,391,14.03
2026-06-05 12:43:50,1496.54,47.86,93.5,59.09,16.44,1.14,1,494,12.77
2026-06-05 12:44:50,1696.51,79.84,51.97,52.88,22.19,4.82,4,565,19.6
2026-06-05 12:45:50,938.64,91.54,26.63,51.8,21.25,6.66,6,350,19.83
2026-06-05 12:46:50,1437.35,57.37,32.4,34.29,18.83,6.13,5,412,15.26
2026-06-05 12:47:50,1267.18,96.04,91.47,56.14,24.53,2.15,3,451,23.27
2026-06-05 12:48:50,1198.52,93.8,71.51,51.04,23.12,3.18,3,433,21.51
2026-06-05 12:49:50,1289.1,62.55,86.8,38.71,19.09,1.75,2,444,16.1
2026-06-05 12:50:50,1579.77,65.07,58.27,59.46,20.26,4.64,4,478,17.53
2026-06-05 12:51:50,1091.96,85.48,59.82,60.51,21.39,4.42,5,370,19.73
2026-06-05 12:52:50,938.79,49.27,96.62,40.27,15.4,1.63,3,314,12.26
2026-06-05 12:53:50,1526.19,78.23,72.32,31.67,22.23,3.05,2,500,20.12
2026-06-05 12:54:50,926.03,39.44,76.74,64.18,11.91,2.8,4,281,10.29
2026-06-05 12:55:50,1562.74,74.37,62.18,41.45,20.65,4.16,3,524,18.22
2026-06-05 12:56:50,1149.25,43.3,79.3,51.09,14.82,2.31,2,350,11.97
2026-06-05 12:57:50,957.94,41.66,34.19,60.91,14.1,6.38,7,238,10.98
2026-06-05 12:58:50,1724.4,69.32,55.05,61.28,21.36,4.18,3,566,17.54
2026-06-05 12:59:50,1269.17,92.88,52.96,40.5,24.57,4.84,4,433,22.65
2026-06-05 13:00:50,990.46,77.0,95.79,36.06,19.41,0.95,1,388,18.01
2026-06-05 13:01:50,1363.21,55.99,62.26,52.47,18.15,3.59,4,403,15.56
2026-06-05 13:02:50,1053.0,37.03,61.68,57.51,13.62,3.76,4,288,11.62
2026-06-05 13:03:50,957.72,57.52,23.98,35.16,16.93,6.9,5,284,15.7
2026-06-05 13:04:50,1395.79,60.43,36.64,65.38,18.8,6.09,5,404,16.33
2026-06-05 13:05:50,1693.82,91.66,62.29,52.16,24.9,4.15,3,568,22.55
2026-06-05 13:06:50,1741.32,60.3,88.27,45.28,20.39,2.29,3,548,17.59
2026-06-05 13:07:50,1583.89,45.95,36.42,48.81,16.78,6.41,6,435,14.62
2026-06-05 13:08:50,1612.66,54.86,47.54,69.26,18.15,5.52,5,492,16.14
2026-06-05 13:09:50,993.22,64.3,79.67,50.41,17.44,3.05,2,365,15.86
2026-06-05 13:10:50,1244.51,90.85,79.25,57.54,22.8,2.37,2,447,20.45
2026-06-05 13:11:50,925.13,37.51,54.74,66.57,12.89,4.37,4,275,10.07
2026-06-05 13:12:50,1549.42,41.33,58.61,33.96,15.25,4.23,4,444,12.98
2026-06-05 13:13:50,1643.31,93.21,33.13,37.13,25.55,5.97,6,534,22.98
2026-06-05 13:14:50,1365.22,56.9,63.26,34.47,17.07,4.14,4,436,15.14
2026-06-05 13:15:50,1020.6,48.88,53.96,64.1,15.31,4.49,4,298,13.48
2026-06-05 13:16:50,1489.83,64.09,66.78,65.35,19.99,3.72,4,471,17.39
2026-06-05 13:17:50,1008.4,89.94,54.06,46.29,22.2,4.77,4,355,20.48
2026-06-05 13:18:50,1311.5,58.15,48.13,37.88,18.61,5.47,4,409,15.05
2026-06-05 13:19:50,914.88,74.52,35.25,65.59,19.12,6.24,5,304,17.55
2026-06-05 13:20:50,1766.39,45.59,56.24,65.43,17.79,4.3,4,498,14.08
2026-06-05 13:21:50,1184.58,69.32,76.27,62.33,20.1,2.68,2,392,17.14
2026-06-05 13:22:50,1040.76,86.89,95.05,39.76,21.88,1.55,3,411,19.81
2026-06-05 13:23:50,1285.86,74.89,21.19,46.51,20.45,7.05,6,418,18.45
2026-06-05 13:24:50,1626.63,97.86,74.32,61.12,26.8,3.4,3,587,24.85
2026-06-05 13:25:50,989.71,89.07,49.94,44.59,21.77,5.48,4,381,19.59
2026-06-05 13:26:50,1737.62,71.93,65.1,51.1,21.11,3.42,3,545,19.37
2026-06-05 13:27:50,1651.66,66.56,93.91,48.49,20.98,1.91,2,545,17.95
2026-06-05 13:28:50,1715.23,94.1,22.02,58.4,26.57,7.47,6,547,24.39
2026-06-05 13:29:50,1035.71,73.36,99.9,47.23,19.85,1.37,1,369,18.75
2026-06-05 13:30:50,1278.96,99.36,35.94,45.95,25.12,5.75,4,461,23.25
2026-06-05 13:31:50,1626.56,74.81,32.93,52.1,21.37,6.01,6,510,19.21
2026-06-05 13:32:50,1499.52,82.71,96.31,39.61,22.16,1.75,1,526,19.32
2026-06-05 13:33:50,958.23,66.27,21.99,67.81,17.19,7.4,6,294,15.5
2026-06-05 13:34:50,916.59,92.11,54.46,56.94,22.03,4.51,5,347,19.74
2026-06-05 13:35:50,1625.22,36.18,38.78,37.09,15.13,5.41,5,468,12.13
2026-06-05 13:36:50,991.81,53.59,78.77,45.03,15.34,2.68,2,348,14.43
2026-06-05 13:37:50,1024.17,37.39,93.65,51.19,13.15,1.72,2,331,10.73
2026-06-05 13:38:50,1596.07,99.98,54.33,42.84,26.76,4.46,4,536,23.44
2026-06-05 13:39:50,1711.22,63.22,94.03,39.29,20.55,1.29,2,541,16.93
2026-06-05 13:40:50,1161.99,92.78,96.9,46.15,24.02,1.18,1,443,21.65
2026-06-05 13:41:50,934.74,36.48,38.67,52.11,12.98,5.87,6,263,10.23
2026-06-05 13:42:50,1780.81,45.58,26.41,38.19,16.98,6.78,7,497,13.48
2026-06-05 13:43:50,1311.47,96.52,92.32,55.87,24.15,1.51,2,506,21.59
2026-06-05 13:44:50,1784.99,76.3,67.4,42.74,22.44,3.23,3,568,19.38
2026-06-05 13:45:50,1716.99,82.37,56.15,60.99,23.54,4.04,4,559,21.3
2026-06-05 13:46:50,1227.15,32.04,61.06,53.67,13.56,4.09,5,353,11.58
2026-06-05 13:47:50,1683.87,58.5,64.6,51.18,19.14,3.97,4,500,16.01
2026-06-05 13:48:50,1341.35,81.92,93.89,55.55,21.36,1.83,2,490,18.49
2026-06-05 13:49:50,1531.45,71.92,87.65,66.27,20.62,2.07,2,531,18.34
2026-06-05 13:50:50,1266.36,68.31,75.65,67.1,18.47,2.72,2,448,16.08
2026-06-05 13:51:50,1236.34,83.75,31.51,36.42,22.79,6.03,6,388,20.08
2026-06-05 13:52:50,1069.95,32.22,76.94,51.94,11.43,2.53,2,321,9.28
2026-06-05 13:53:50,1466.92,58.41,81.35,32.44,17.84,2.55,2,488,15.72
2026-06-05 13:54:50,1204.01,34.07,57.54,33.0,12.24,4.65,4,339,10.57
2026-06-05 13:55:50,1307.65,30.3,88.6,65.77,13.68,1.6,3,391,11.01
2026-06-05 13:56:50,1440.36,94.41,20.44,55.13,23.84,7.27,7,478,22.39
2026-06-05 13:57:50,1042.78,38.0,36.2,43.65,12.43,6.59,6,299,10.63
2026-06-05 13:58:50,1125.33,47.51,29.88,42.48,15.44,6.16,5,323,12.4
2026-06-05 13:59:50,1311.99,63.99,88.05,56.48,18.61,1.57,1,445,16.69
2026-06-05 14:00:50,1194.33,93.51,57.56,32.65,22.88,4.09,5,406,21.96
2026-06-05 14:01:50,1357.88,45.56,56.1,57.4,16.47,4.65,4,388,12.63
2026-06-05 14:02:50,1454.22,78.08,22.72,54.45,21.05,7.53,7,449,18.2
2026-06-05 14:03:50,1089.52,61.37,98.14,47.95,18.27,1.54,2,364,15.43
2026-06-05 14:04:50,1172.22,46.86,53.98,32.61,15.27,4.51,4,345,13.59
2026-06-05 14:05:50,1116.97,51.21,96.16,33.54,15.29,1.8,2,383,13.76
2026-06-05 14:06:50,1102.67,38.71,86.4,69.06,13.76,1.64,1,344,12.17
2026-06-05 14:07:50,1785.48,36.16,27.52,67.28,14.96,6.62,5,507,12.12
2026-06-05 14:08:50,1098.0,80.86,93.05,64.47,20.76,1.49,2,401,18.4
2026-06-05 14:09:50,1130.02,43.38,87.61,50.37,15.05,1.94,1,369,12.13
2026-06-05 14:10:50,1106.16,30.26,96.71,64.77,11.26,1.39,1,353,8.35
2026-06-05 14:11:50,1293.86,37.59,85.72,35.58,13.13,2.54,2,409,11.05
2026-06-05 14:12:50,1758.86,56.88,45.24,47.81,19.97,5.11,4,528,15.68
2026-06-05 14:13:50,1686.28,91.23,65.92,41.02,24.31,3.42,2,588,22.7
2026-06-05 14:14:50,1616.8,67.92,39.17,65.5,21.33,5.7,5,495,17.92
2026-06-05 14:15:50,1482.22,56.66,93.61,67.63,17.94,1.71,3,475,15.5
2026-06-05 14:16:50,1522.88,72.71,21.7,57.37,21.5,7.27,6,455,18.62
2026-06-05 14:17:50,1284.32,55.8,55.69,69.59,17.7,5.03,4,384,15.32
2026-06-05 14:18:50,994.23,55.55,24.21,43.98,16.09,7.26,7,266,13.18
2026-06-05 14:19:50,1776.79,45.82,30.98,42.25,16.82,6.99,6,482,12.94
2026-06-05 14:20:50,1339.35,83.01,42.13,51.45,23.15,6.12,5,423,20.94
2026-06-05 14:21:50,1798.81,69.51,44.97,52.78,22.0,5.65,6,549,19.54
2026-06-05 14:22:50,1220.41,46.59,66.88,59.68,15.59,4.01,3,374,13.45
2026-06-05 14:23:50,1679.41,94.55,83.02,68.14,26.62,1.91,2,588,24.0
2026-06-05 14:24:50,1257.98,68.13,59.76,48.16,19.08,3.88,4,414,17.37
2026-06-05 14:25:50,1681.52,38.72,44.48,36.14,15.26,5.32,5,486,12.75
2026-06-05 14:26:50,1154.99,99.76,87.49,51.03,24.33,2.14,3,435,23.04
2026-06-05 14:27:50,1159.96,84.99,67.79,31.19,21.52,3.24,4,418,20.67
2026-06-05 14:28:50,1446.14,85.8,36.21,34.55,22.89,6.08,6,453,20.36
2026-06-05 14:29:50,902.22,74.04,74.59,54.59,19.2,3.2,3,318,17.03
2026-06-05 14:30:50,923.95,96.67,54.96,43.96,22.93,4.17,3,382,21.78
2026-06-05 14:31:50,957.5,59.25,94.64,62.38,16.12,1.81,1,339,14.47
2026-06-05 14:32:50,965.7,74.07,44.62,58.78,19.58,5.72,5,312,17.83
2026-06-05 14:33:50,928.52,75.02,23.7,55.62,18.51,6.82,7,290,16.17
2026-06-05 14:34:50,1046.51,72.33,34.56,60.13,20.19,5.86,5,331,17.89
2026-06-05 14:35:50,1415.61,92.6,57.73,37.3,24.43,4.13,3,515,21.31
2026-06-05 14:36:50,1065.64,70.32,43.32,52.01,18.14,5.12,5,346,17.42
2026-06-05 14:37:50,1639.51,98.1,23.96,31.47,26.78,7.22,7,540,23.48
2026-06-05 14:38:50,1762.18,80.06,82.61,40.7,22.64,2.42,2,593,20.26
2026-06-05 14:39:50,1563.36,48.85,92.68,58.54,16.13,1.99,3,463,13.91
2026-06-05 14:40:50,1620.95,37.24,39.93,50.69,14.91,5.53,5,468,12.05
2026-06-05 14:41:50,1093.19,75.42,55.84,60.36,20.48,4.93,5,375,18.9
2026-06-05 14:42:50,1423.58,57.18,27.19,40.96,17.78,7.25,7,396,15.72
2026-06-05 14:43:50,1563.72,90.54,35.35,36.16,24.34,6.46,6,490,20.93
2026-06-05 14:44:50,1451.91,65.33,87.22,51.56,18.73,1.95,2,469,15.83
2026-06-05 14:45:50,1113.34,71.82,66.1,42.78,18.64,4.04,3,402,16.84
2026-06-05 14:46:50,1552.33,64.99,22.96,47.89,20.17,6.97,6,478,16.53
2026-06-05 14:47:50,1623.27,69.23,94.35,45.96,21.68,1.67,2,555,18.99
2026-06-05 14:48:50,1107.6,97.06,80.88,30.12,24.3,2.44,2,448,23.03
2026-06-05 14:49:50,1422.98,40.64,46.74,68.99,14.38,5.15,5,422,11.83
2026-06-05 14:50:50,1732.7,78.23,42.13,49.24,23.46,5.96,5,554,21.01
2026-06-05 14:51:50,1344.25,87.79,44.75,60.56,23.17,5.91,6,455,20.5
2026-06-05 14:52:50,1358.91,80.21,61.86,30.09,21.56,3.61,3,455,20.32
2026-06-05 14:53:50,1539.49,34.02,86.79,40.2,15.15,2.32,3,456,10.88
2026-06-05 14:54:50,1556.57,48.42,61.37,47.84,17.66,4.1,4,479,14.12
2026-06-05 14:55:50,1792.61,96.39,57.59,56.19,27.46,4.11,4,589,23.72
2026-06-05 14:56:50,1415.74,46.02,35.96,44.87,16.46,6.47,5,404,12.85
2026-06-05 14:57:50,1275.1,68.0,42.03,52.21,18.46,5.39,5,419,17.27
2026-06-05 14:58:50,1587.71,62.17,32.02,60.02,20.51,6.68,6,451,16.73
2026-06-05 14:59:50,1566.89,48.37,48.89,68.61,16.78,5.21,5,467,14.7
2026-06-05 15:00:50,1024.42,42.09,60.12,58.43,14.61,4.65,5,301,13.11
2026-06-05 15:01:50,1074.57,56.42,42.5,50.68,15.94,5.22,6,332,14.25
2026-06-05 15:02:50,1640.11,89.34,84.47,51.79,24.55,2.17,3,560,22.22
2026-06-05 15:03:50,1230.45,97.13,39.81,37.35,25.11,5.73,4,440,22.43
2026-06-05 15:04:50,1373.51,44.14,98.49,49.04,16.18,1.16,1,427,12.57
2026-06-05 15:05:50,1686.84,74.86,44.52,50.95,22.36,5.88,6,538,19.69
2026-06-05 15:06:50,1576.3,68.93,58.43,40.09,19.97,4.57,3,504,18.09
2026-06-05 15:07:50,952.36,79.0,52.2,46.1,19.11,4.82,3,356,18.43
2026-06-05 15:08:50,1738.82,88.65,77.65,64.19,24.0,2.3,3,577,21.63
2026-06-05 15:09:50,1606.07,31.59,63.98,40.57,15.07,3.83,3,462,11.04
2026-06-05 15:10:50,1749.92,80.36,48.01,55.1,23.24,5.19,4,556,19.66
2026-06-05 15:11:50,1417.18,87.87,23.17,30.49,24.46,6.73,5,463,22.12
2026-06-05 15:12:50,1706.31,43.81,92.06,38.98,17.54,1.61,3,527,14.71
2026-06-05 15:13:50,928.08,62.93,29.73,43.81,17.41,6.66,6,294,15.87
2026-06-05 15:14:50,1267.87,76.45,57.49,33.52,20.44,4.23,3,448,17.99
2026-06-05 15:15:50,1745.25,92.58,76.83,55.05,25.22,3.08,3,579,22.99
2026-06-05 15:16:50,1144.6,47.58,70.57,63.77,14.38,2.91,2,355,13.09
2026-06-05 15:17:50,1225.1,44.68,28.1,32.72,14.94,6.95,7,351,12.25
2026-06-05 15:18:50,1565.69,65.82,45.29,45.68,20.6,4.96,4,474,17.83
2026-06-05 15:19:50,1642.72,85.06,71.06,53.97,23.98,2.89,3,545,21.52
2026-06-05 15:20:50,943.72,80.99,34.52,68.03,21.17,6.35,5,311,19.03
2026-06-05 15:21:50,1571.1,50.6,85.71,46.13,17.75,2.29,3,474,14.42
2026-06-05 15:22:50,1436.46,55.39,81.99,58.62,18.59,2.62,2,476,15.63
2026-06-05 15:23:50,1613.57,99.96,67.78,50.4,27.07,3.57,3,577,25.07
2026-06-05 15:24:50,921.12,62.44,70.73,42.12,16.03,3.22,3,332,15.56
2026-06-05 15:25:50,1608.93,92.93,47.19,61.76,25.84,5.14,5,540,22.2
2026-06-05 15:26:50,1629.57,42.64,48.21,62.5,16.17,5.05,5,475,13.57
2026-06-05 15:27:50,1775.65,50.18,49.18,62.27,18.89,5.5,5,524,14.69
2026-06-05 15:28:50,1362.77,74.7,92.98,40.83,20.9,1.94,3,474,19.4
2026-06-05 15:29:50,1737.63,67.14,88.18,35.9,21.74,1.88,2,559,18.77
2026-06-05 15:30:50,1790.99,40.12,20.43,56.81,15.5,7.25,6,490,11.77
2026-06-05 15:31:50,1254.54,45.17,99.03,50.3,14.56,0.87,1,402,11.67
2026-06-05 15:32:50,975.54,70.46,62.48,49.79,18.72,4.11,4,320,17.58
2026-06-05 15:33:50,1150.19,91.37,35.89,41.91,22.91,5.7,5,396,21.96
2026-06-05 15:34:50,1157.02,44.13,34.4,43.0,14.15,6.32,6,336,11.51
2026-06-05 15:35:50,1711.48,73.16,63.94,36.08,21.87,3.5,3,571,18.86
2026-06-05 15:36:50,1231.94,41.32,70.22,59.07,13.56,3.62,3,363,11.57
2026-06-05 15:37:50,1716.18,44.04,31.74,57.93,17.0,6.23,5,484,13.24
2026-06-05 15:38:50,1746.42,99.17,75.06,69.62,27.11,2.71,3,602,25.09
2026-06-05 15:39:50,1051.75,40.66,87.73,64.71,13.59,1.76,3,315,11.54
2026-06-05 15:40:50,905.71,53.13,33.16,63.23,14.79,6.79,5,271,13.63
2026-06-05 15:41:50,1398.35,63.91,71.72,63.06,18.27,2.98,4,453,16.69
2026-06-05 15:42:50,923.58,34.75,51.73,58.71,10.98,5.01,4,248,10.13
2026-06-05 15:43:50,1128.36,66.76,78.72,34.76,19.32,3.02,3,395,16.94
2026-06-05 15:44:50,1608.31,85.18,45.13,56.55,23.98,5.35,4,540,20.6
2026-06-05 15:45:50,1776.13,64.14,76.46,37.68,20.46,2.68,3,575,17.24
2026-06-05 15:46:50,1516.5,42.0,23.29,33.27,14.99,6.76,5,432,12.09
2026-06-05 15:47:50,1245.36,82.73,91.36,30.02,22.56,1.88,3,443,20.68
2026-06-05 15:48:50,1225.79,39.03,64.34,44.94,13.92,3.48,4,358,11.51
2026-06-05 15:49:50,1279.98,88.48,87.35,30.36,23.56,2.17,3,471,21.69
2026-06-05 15:50:50,1024.01,56.61,22.32,37.04,17.21,7.71,7,288,14.99
2026-06-05 15:51:50,1384.12,49.07,36.44,55.9,15.5,6.46,6,378,12.67
2026-06-05 15:52:50,1732.12,92.32,67.49,44.63,24.85,3.11,2,596,23.03
2026-06-05 15:53:50,1466.46,48.12,34.17,62.99,17.4,6.74,6,398,14.38
2026-06-05 15:54:50,1718.09,32.77,48.2,44.62,14.91,5.28,5,474,11.82
2026-06-05 15:55:50,1556.11,91.76,87.02,67.81,24.72,1.75,1,564,21.94
2026-06-05 15:56:50,994.65,72.55,27.58,63.74,18.18,6.88,6,336,15.97
2026-06-05 15:57:50,1258.39,71.15,89.43,34.1,19.75,1.42,2,447,18.26
2026-06-05 15:58:50,1689.09,40.94,58.03,46.02,16.25,4.11,4,484,13.32
2026-06-05 15:59:50,1470.76,73.6,20.38,46.09,20.79,7.2,7,461,18.34
2026-06-05 16:00:50,1695.11,68.97,40.31,55.51,21.22,5.77,5,516,19.11
2026-06-05 16:01:50,1080.39,86.6,47.62,54.05,21.11,4.87,4,373,19.12
2026-06-05 16:02:50,1509.55,43.57,76.65,44.97,16.82,3.36,4,433,14.55
2026-06-05 16:03:50,1096.74,72.39,20.03,31.74,18.83,7.8,6,346,16.67
2026-06-05 16:04:50,1628.08,50.08,20.59,57.16,17.08,7.68,7,446,14.68
2026-06-05 16:05:50,1474.03,89.08,63.17,66.2,23.73,3.74,4,521,20.89
2026-06-05 16:06:50,1505.5,54.93,29.82,47.44,18.26,6.58,6,441,14.35
2026-06-05 16:07:50,937.51,54.52,96.27,53.09,15.21,0.97,2,331,12.64
2026-06-05 16:08:50,1125.19,85.42,20.25,30.03,21.11,7.18,7,359,19.91
2026-06-05 16:09:50,1642.18,90.71,85.58,52.26,24.99,1.87,2,573,22.71
2026-06-05 16:10:50,1599.83,52.93,71.55,52.41,18.23,3.16,3,474,15.35
2026-06-05 16:11:50,1688.54,51.26,26.23,42.47,17.74,7.31,6,479,14.91
2026-06-05 16:12:50,1449.6,63.52,68.28,67.16,19.91,3.22,2,490,17.43
2026-06-05 16:13:50,1297.43,96.28,86.58,32.98,24.9,1.87,2,466,23.23
2026-06-05 16:14:50,1744.56,46.3,75.0,41.54,16.62,2.79,3,518,14.04
2026-06-05 16:15:50,995.74,81.27,91.11,69.33,20.44,1.86,2,389,19.48
2026-06-05 16:16:50,1359.21,94.9,40.63,30.69,24.47,5.47,5,472,22.91
2026-06-05 16:17:50,949.11,61.65,99.5,65.1,17.62,0.75,1,364,14.98
2026-06-05 16:18:50,1566.4,70.14,40.92,38.07,21.27,6.17,6,492,18.23
2026-06-05 16:19:50,1503.23,39.57,81.16,43.01,14.79,2.33,3,436,11.42
2026-06-05 16:20:50,1776.62,86.22,78.09,61.51,23.98,2.83,2,611,20.77
2026-06-05 16:21:50,1478.03,44.34,21.14,58.18,15.1,7.63,7,418,11.71
2026-06-05 16:22:50,1152.18,98.14,20.61,49.61,23.98,7.34,7,382,22.55
2026-06-05 16:23:50,1045.95,53.07,87.01,60.45,15.32,2.39,2,332,14.19
2026-06-05 16:24:50,1490.44,84.09,85.88,33.22,22.32,2.54,2,533,19.54
2026-06-05 16:25:50,1502.85,33.83,65.0,45.78,13.32,3.94,3,420,10.91
2026-06-05 16:26:50,1298.59,98.63,23.27,57.43,24.14,6.99,6,456,22.13
2026-06-05 16:27:50,1126.44,45.32,98.0,69.02,14.53,1.3,2,346,12.79
2026-06-05 16:28:50,1139.94,46.81,79.19,62.34,14.37,2.22,3,363,12.25
2026-06-05 16:29:50,946.66,31.81,31.26,68.59,12.17,6.52,5,265,9.66
2026-06-05 16:30:50,1172.38,85.92,82.18,49.42,21.7,2.61,3,405,20.46
2026-06-05 16:31:50,1389.05,70.59,76.42,59.27,20.05,2.47,3,460,18.61
2026-06-05 16:32:50,1793.29,33.11,49.0,42.8,16.02,5.4,4,486,12.63
2026-06-05 16:33:50,1105.45,91.76,75.0,39.84,21.96,2.77,4,413,20.64
2026-06-05 16:34:50,1126.74,89.66,23.01,65.42,22.15,6.87,6,401,20.38
2026-06-05 16:35:50,1261.4,99.68,66.14,43.76,24.31,3.75,4,461,22.21
2026-06-05 16:36:50,1069.76,64.28,26.56,42.52,18.46,7.18,6,340,15.94
2026-06-05 16:37:50,1585.84,84.92,53.36,31.9,23.84,5.14,4,534,21.24
2026-06-05 16:38:50,981.63,93.36,87.85,67.55,22.23,2.26,2,373,20.53
2026-06-05 16:39:50,1505.59,85.33,37.2,44.9,22.61,6.41,7,466,20.02
2026-06-05 16:40:50,1219.69,72.6,21.9,58.23,20.28,7.14,6,395,18.05
2026-06-05 16:41:50,995.06,59.46,29.18,67.4,15.9,6.54,7,277,14.19
2026-06-05 16:42:50,997.12,48.72,41.57,42.13,14.9,5.65,6,307,12.55
2026-06-05 16:43:50,1166.58,70.48,76.63,67.4,20.23,2.9,2,391,17.3
2026-06-05 16:44:50,1474.9,53.23,75.22,39.56,16.88,2.89,2,460,15.32
2026-06-05 16:45:50,1735.37,70.95,58.54,40.17,21.09,4.29,5,544,17.56
2026-06-05 16:46:50,937.54,72.88,98.57,41.69,18.68,1.44,2,368,16.07
2026-06-05 16:47:50,1369.02,67.61,55.71,45.85,20.41,4.58,4,429,18.14
2026-06-05 16:48:50,1016.71,70.84,36.74,65.8,19.05,5.57,6,319,16.65
2026-06-05 16:49:50,1608.35,91.6,28.07,58.5,24.21,7.1,6,526,21.41
2026-06-05 16:50:50,919.79,71.12,21.65,54.33,17.93,6.98,5,316,15.74
2026-06-05 16:51:50,963.98,92.83,79.63,50.05,22.34,3.1,3,363,21.23
2026-06-05 16:52:50,900.27,67.25,51.45,40.52,17.82,4.62,5,305,15.52
2026-06-05 16:53:50,982.58,39.15,43.77,42.78,13.05,5.48,5,275,11.47
2026-06-05 16:54:50,1019.82,73.99,27.2,60.81,19.03,6.47,6,344,16.5
2026-06-05 16:55:50,919.42,86.11,54.88,45.66,21.23,4.14,4,334,20.26
2026-06-05 16:56:50,1178.38,96.02,47.99,48.49,23.79,5.32,5,416,22.94
2026-06-05 16:57:50,1092.1,63.35,58.7,39.09,18.65,4.2,5,333,16.85
2026-06-05 16:58:50,1306.86,96.17,82.41,32.72,25.03,2.51,2,488,22.39
2026-06-05 16:59:50,1750.93,71.61,50.87,55.69,21.09,5.41,4,554,18.47
2026-06-05 17:00:50,1443.94,98.6,95.28,47.42,25.64,0.89,2,523,23.71
2026-06-05 17:01:50,1090.21,74.49,43.4,31.38,20.56,5.04,4,378,18.36
2026-06-05 17:02:50,1671.76,57.83,26.02,47.49,19.51,6.78,7,466,16.34
2026-06-05 17:03:50,1070.83,73.65,35.91,42.15,19.97,6.12,6,350,18.41
2026-06-05 17:04:50,1245.75,65.85,28.5,69.21,19.59,6.52,6,388,16.03
2026-06-05 17:05:50,1511.76,83.35,78.89,69.34,23.16,2.82,3,526,20.62
2026-06-05 17:06:50,1715.92,88.93,24.95,36.29,24.34,7.49,7,542,21.67
2026-06-05 17:07:50,997.62,88.29,97.25,41.68,22.59,1.33,1,419,19.69
2026-06-05 17:08:50,1184.11,35.19,78.01,40.95,13.77,3.25,3,361,10.53
2026-06-05 17:09:50,935.38,91.47,66.87,59.5,21.6,3.85,3,360,20.28
2026-06-05 17:10:50,1694.91,74.52,42.11,52.87,21.34,5.41,4,527,19.28
2026-06-05 17:11:50,1355.18,88.89,84.41,33.65,23.59,2.69,3,468,21.55
2026-06-05 17:12:50,1317.01,76.99,61.09,64.63,22.07,4.16,4,437,19.21
2026-06-05 17:13:50,1098.41,78.48,97.29,62.71,20.43,1.49,1,431,19.35
2026-06-05 17:14:50,1052.44,94.17,69.16,34.69,23.81,3.68,3,405,21.19
2026-06-05 17:15:50,1265.87,81.87,56.47,32.05,21.71,4.06,4,443,18.9
2026-06-05 17:16:50,970.08,76.8,75.42,55.51,20.5,3.44,3,349,18.84
2026-06-05 17:17:50,1515.91,80.27,29.22,39.92,22.36,6.26,5,497,20.13
2026-06-05 17:18:50,1075.51,43.95,50.85,68.18,13.72,5.38,5,296,12.04
2026-06-05 17:19:50,1659.01,44.36,27.64,47.2,16.22,7.04,5,487,13.56
2026-06-05 17:20:50,1029.86,35.47,27.81,49.69,12.72,6.49,5,275,9.99
2026-06-05 17:21:50,1350.73,58.54,57.01,62.61,17.56,4.94,5,423,14.65
2026-06-05 17:22:50,1575.4,86.14,91.25,47.41,24.56,1.38,1,557,22.21
2026-06-05 17:23:50,1624.02,69.2,64.68,53.5,21.46,3.63,3,504,19.02
2026-06-05 17:24:50,1128.92,62.12,80.79,54.49,17.53,2.16,3,378,16.01
2026-06-05 17:25:50,1230.57,63.89,56.26,55.35,18.96,4.45,3,383,16.82
2026-06-05 17:26:50,1161.86,94.98,44.3,65.2,23.33,5.16,5,414,22.47
2026-06-05 17:27:50,1141.95,37.15,53.98,56.34,13.81,4.6,5,306,11.84
2026-06-05 17:28:50,1382.38,42.15,21.46,57.73,14.49,7.66,8,344,11.78
2026-06-05 17:29:50,983.18,63.06,54.52,60.21,17.14,4.66,5,330,15.83
2026-06-05 17:30:50,1202.27,95.02,33.12,46.02,24.41,6.23,6,400,23.1
2026-06-05 17:31:50,1378.06,83.09,31.26,50.02,22.28,6.12,6,448,19.71
2026-06-05 17:32:50,910.1,98.24,98.11,59.47,23.82,0.99,0,399,22.93
2026-06-05 17:33:50,1752.52,54.16,96.54,49.01,17.81,1.07,1,569,15.38
2026-06-05 17:34:50,1646.22,85.02,85.49,57.53,23.62,1.7,2,580,21.28
2026-06-05 17:35:50,1726.71,47.46,34.3,49.01,17.8,5.89,5,490,14.14
2026-06-05 17:36:50,940.16,79.53,48.49,54.47,19.95,5.27,5,322,18.13
2026-06-05 17:37:50,1430.68,68.21,76.11,45.78,20.18,2.57,2,472,17.09
2026-06-05 17:38:50,1224.06,85.36,44.85,41.46,21.31,5.81,6,416,20.35
2026-06-05 17:39:50,1690.32,37.6,24.87,49.76,15.77,7.23,6,460,12.23
2026-06-05 17:40:50,958.69,97.51,63.47,53.9,23.01,4.39,3,360,21.97
2026-06-05 17:41:50,1762.09,39.76,95.46,65.19,16.78,1.16,0,529,12.49
2026-06-05 17:42:50,1622.92,76.46,92.86,68.6,21.28,1.26,1,565,18.36
2026-06-05 17:43:50,1760.29,82.01,55.63,42.47,24.46,4.72,5,566,21.92
2026-06-05 17:44:50,1198.09,70.71,81.04,47.29,19.91,2.94,3,407,18.03
2026-06-05 17:45:50,1373.19,34.73,73.0,69.04,13.39,3.5,3,413,11.3
2026-06-05 17:46:50,1546.04,74.14,34.49,39.85,21.19,6.61,7,463,19.53
2026-06-05 17:47:50,1313.21,75.45,82.95,35.05,20.04,2.06,1,457,17.33
2026-06-05 17:48:50,1408.49,41.66,94.26,31.02,15.78,1.2,2,439,12.12
2026-06-05 17:49:50,926.04,94.18,79.11,53.89,22.25,2.68,2,394,21.19
2026-06-05 17:50:50,1150.1,59.67,53.64,51.18,17.26,4.45,4,383,15.95
2026-06-05 17:51:50,1032.23,40.87,40.95,36.53,12.81,5.45,4,300,11.47
2026-06-05 17:52:50,1678.45,98.64,83.45,63.58,27.32,2.54,3,602,24.59
2026-06-05 17:53:50,1751.72,59.27,61.44,68.85,19.64,4.05,3,563,15.73
2026-06-05 17:54:50,1095.67,90.92,21.82,34.22,22.53,7.11,6,368,20.8
2026-06-05 17:55:50,1600.53,66.62,81.47,49.44,19.63,2.39,2,540,17.93
2026-06-05 17:56:50,1534.68,45.48,84.86,43.66,15.42,2.71,2,488,13.12
2026-06-05 17:57:50,1294.47,57.93,87.35,54.41,17.77,1.88,3,403,14.53
2026-06-05 17:58:50,990.52,55.3,99.46,58.14,15.49,0.93,2,336,13.29
2026-06-05 17:59:50,1611.99,59.17,73.58,38.38,18.21,3.24,4,484,15.76
2026-06-05 18:00:50,1647.64,81.41,91.12,44.4,24.21,1.78,2,557,21.8
2026-06-05 18:01:50,912.48,90.39,53.72,39.45,22.78,5.17,5,327,21.11
2026-06-05 18:02:50,1212.71,90.27,25.3,65.92,23.05,6.62,6,418,20.47
2026-06-05 18:03:50,1750.31,81.98,25.83,60.64,23.33,7.09,6,540,21.28
2026-06-05 18:04:50,1751.87,56.94,48.34,62.43,19.18,5.11,5,517,16.25
2026-06-05 18:05:50,1095.3,85.51,69.34,32.03,22.35,3.29,2,419,20.29
2026-06-05 18:06:50,1688.13,81.08,22.24,32.81,22.39,6.97,6,539,19.73
2026-06-05 18:07:50,1710.64,79.36,60.25,50.03,23.59,4.33,3,574,20.78
2026-06-05 18:08:50,907.81,42.3,69.87,30.12,12.79,3.83,4,286,11.09
2026-06-05 18:09:50,1381.87,61.06,68.16,30.09,18.56,3.48,3,458,16.91
2026-06-05 18:10:50,1742.6,98.4,86.02,48.27,27.49,2.07,2,606,25.07
2026-06-05 18:11:50,1455.27,43.52,39.37,57.78,15.57,5.8,5,403,13.65
2026-06-05 18:12:50,1540.32,50.0,30.19,45.48,17.96,6.1,6,426,13.82
2026-06-05 18:13:50,1082.13,90.27,70.61,68.71,23.44,3.4,3,424,20.94
2026-06-05 18:14:50,1339.33,99.1,50.3,64.12,24.95,5.47,4,480,23.37
2026-06-05 18:15:50,1406.75,70.35,61.28,61.13,21.11,3.66,4,451,18.89
2026-06-05 18:16:50,1044.31,57.63,54.93,32.82,16.5,4.83,5,308,15.35
2026-06-05 18:17:50,1187.27,78.74,75.49,56.61,20.73,2.79,3,409,19.32
2026-06-05 18:18:50,1320.82,73.51,70.76,65.51,19.58,3.27,3,465,18.07
2026-06-05 18:19:50,1519.94,54.42,92.29,32.46,18.05,1.84,2,481,15.31
2026-06-05 18:20:50,1609.74,57.06,94.87,43.39,18.03,1.81,2,530,15.81
2026-06-05 18:21:50,1488.37,51.76,57.02,50.76,16.56,4.29,3,462,13.79
2026-06-05 18:22:50,1310.04,94.99,37.01,46.47,23.89,5.74,5,441,22.84
2026-06-05 18:23:50,1446.01,67.1,62.1,35.61,19.7,3.61,3,479,17.74
2026-06-05 18:24:50,1606.58,86.27,55.13,36.99,23.19,4.15,4,529,20.14
2026-06-05 18:25:50,1714.66,96.27,20.47,47.41,26.41,7.71,7,537,22.82
2026-06-05 18:26:50,1065.42,95.82,83.68,41.84,23.83,2.55,2,424,21.36
2026-06-05 18:27:50,1752.81,95.72,99.27,67.32,25.79,1.11,1,629,23.43
2026-06-05 18:28:50,1507.82,71.89,24.78,41.7,21.28,7.1,6,458,18.23
2026-06-05 18:29:50,1242.94,73.27,58.02,50.55,20.56,4.57,3,405,17.97
2026-06-05 18:30:50,1273.3,88.74,27.31,68.08,22.49,6.41,5,439,19.91
2026-06-05 18:31:50,1466.63,48.04,95.16,50.72,16.62,1.12,2,455,14.46
2026-06-05 18:32:50,1042.76,83.45,38.17,68.26,20.44,6.24,5,377,18.77
2026-06-05 18:33:50,1562.03,63.89,45.78,35.04,20.3,4.84,5,488,17.37
2026-06-05 18:34:50,1610.09,86.03,80.84,46.0,23.68,2.62,3,546,20.22
2026-06-05 18:35:50,1446.03,66.47,26.97,62.3,20.74,6.64,6,442,18.49
2026-06-05 18:36:50,1242.49,85.09,56.62,34.21,23.01,4.76,4,410,21.44
2026-06-05 18:37:50,930.19,99.18,31.53,37.16,23.42,6.36,6,341,21.91
2026-06-05 18:38:50,1534.07,46.17,82.99,46.81,15.88,2.53,2,486,14.2
2026-06-05 18:39:50,1422.66,30.76,50.67,66.67,14.04,5.27,5,378,10.7
2026-06-05 18:40:50,1760.0,58.62,76.73,43.12,20.16,2.8,2,555,16.53
2026-06-05 18:41:50,1633.65,36.42,63.85,44.54,14.68,4.29,5,460,10.84
2026-06-05 18:42:50,1527.6,57.33,51.45,44.52,18.14,5.1,5,459,15.36
2026-06-05 18:43:50,1580.08,67.25,86.05,43.13,19.47,2.49,3,518,17.55
2026-06-05 18:44:50,1006.21,98.8,23.82,34.24,24.32,7.12,6,373,21.97
2026-06-05 18:45:50,1097.89,86.26,38.22,48.21,21.23,5.65,5,386,19.3
2026-06-05 18:46:50,1562.96,80.5,77.21,50.26,22.96,2.76,2,525,20.65
2026-06-05 18:47:50,1202.02,63.42,76.8,44.03,18.95,3.34,4,373,17.38
2026-06-05 18:48:50,1557.97,38.66,96.96,49.5,15.76,1.54,2,466,13.16
2026-06-05 18:49:50,1447.6,76.95,56.29,57.62,21.27,4.54,5,468,19.2
2026-06-05 18:50:50,913.0,45.64,76.82,66.0,13.05,3.0,3,293,11.03
2026-06-05 18:51:50,1217.1,59.94,24.12,49.04,17.45,6.85,5,367,14.61
2026-06-05 18:52:50,938.4,65.67,67.24,40.1,17.27,3.48,4,335,16.25
2026-06-05 18:53:50,1364.61,55.54,69.27,34.09,17.54,3.2,4,415,14.01
2026-06-05 18:54:50,1478.97,62.49,61.88,30.47,18.26,3.74,4,478,15.55
2026-06-05 18:55:50,1639.24,58.02,55.49,67.74,19.23,4.43,3,506,15.69
2026-06-05 18:56:50,1277.49,88.55,77.14,67.44,22.94,2.58,2,461,20.91
2026-06-05 18:57:50,1700.53,74.06,87.28,36.17,21.29,1.7,2,566,17.75
2026-06-05 18:58:50,1424.31,32.92,23.64,52.98,13.51,7.35,6,387,10.7
2026-06-05 18:59:50,1274.75,98.51,37.39,59.62,24.35,6.29,6,422,21.58
2026-06-05 19:00:50,1469.28,98.13,40.5,43.41,25.74,6.05,6,496,22.96
2026-06-05 19:01:50,1184.11,98.11,73.35,42.73,23.7,2.85,2,466,21.42
2026-06-05 19:02:50,1398.18,47.59,88.13,47.32,16.99,2.39,3,443,13.37
2026-06-05 19:03:50,1575.46,65.13,30.68,40.97,20.07,6.63,5,482,17.47
2026-06-05 19:04:50,1544.15,59.31,54.68,61.02,19.38,4.49,3,470,16.29
2026-06-05 19:05:50,1316.67,61.68,32.72,48.85,18.89,5.94,6,396,16.49
2026-06-05 19:06:50,1195.15,49.35,89.57,41.12,15.36,2.13,2,367,13.41
2026-06-05 19:07:50,945.46,33.23,50.36,69.69,12.3,5.22,4,255,9.39
2026-06-05 19:08:50,1786.68,59.58,33.32,61.13,19.95,6.28,6,515,17.18
2026-06-05 19:09:50,1497.32,99.69,78.47,35.91,25.82,2.37,2,541,23.1
2026-06-05 19:10:50,1698.48,70.26,45.34,66.95,21.07,4.91,4,523,18.35
2026-06-05 19:11:50,1098.59,70.3,57.65,39.24,19.8,4.53,5,379,18.02
2026-06-05 19:12:50,1507.54,56.58,33.72,46.98,18.78,6.55,6,453,16.21
2026-06-05 19:13:50,1161.33,30.38,45.2,43.98,12.68,5.17,4,329,9.05
2026-06-05 19:14:50,1764.75,45.67,27.44,39.99,16.6,6.38,6,480,13.38
2026-06-05 19:15:50,1051.77,60.42,74.83,43.14,16.81,3.04,3,341,15.86
2026-06-05 19:16:50,1215.9,89.08,42.94,33.84,23.65,5.94,5,423,21.85
2026-06-05 19:17:50,1391.59,44.93,52.97,44.19,15.34,5.23,4,423,12.54
2026-06-05 19:18:50,1524.52,48.8,42.09,57.48,16.46,5.66,5,423,13.75
2026-06-05 19:19:50,1658.47,89.37,85.19,60.78,24.61,2.06,2,572,22.15
2026-06-05 19:20:50,1452.67,99.17,64.32,32.32,26.12,4.19,5,504,24.18
2026-06-05 19:21:50,1615.41,94.87,77.4,56.09,26.03,3.25,3,574,24.03
2026-06-05 19:22:50,1591.71,67.65,34.01,42.97,19.6,5.94,5,483,17.85
2026-06-05 19:23:50,1007.99,98.86,25.89,59.05,24.34,7.19,5,349,23.05
2026-06-05 19:24:50,1301.58,75.28,67.77,41.7,20.15,3.34,4,416,17.2
2026-06-05 19:25:50,1345.9,98.23,21.16,69.08,24.78,7.45,6,466,23.68
2026-06-05 19:26:50,989.75,83.38,93.75,30.93,21.84,1.53,1,372,20.08
2026-06-05 19:27:50,1508.88,81.81,36.28,40.87,22.86,5.79,5,477,19.65
2026-06-05 19:28:50,1610.05,99.86,35.62,54.77,26.78,6.09,5,539,23.51
2026-06-05 19:29:50,1638.84,58.51,43.56,67.23,18.66,5.55,4,504,15.16
2026-06-05 19:30:50,1149.14,96.58,44.34,32.75,24.05,5.81,5,400,22.82
2026-06-05 19:31:50,946.64,72.55,75.83,67.91,19.37,3.35,3,331,16.63
2026-06-05 19:32:50,1091.75,78.46,40.23,38.91,19.81,5.65,5,346,18.34
2026-06-05 19:33:50,1721.72,99.27,65.16,36.59,26.08,4.21,4,573,22.87
2026-06-05 19:34:50,1760.73,60.18,63.86,54.89,19.13,3.73,4,551,15.4
2026-06-05 19:35:50,1581.95,82.09,49.88,43.62,23.28,5.31,4,504,20.16
2026-06-05 19:36:50,1087.5,56.55,48.76,65.11,15.57,5.56,4,352,14.1
2026-06-05 19:37:50,1743.55,86.55,54.71,58.99,24.89,4.97,5,545,22.07
2026-06-05 19:38:50,1011.26,31.91,33.24,31.12,11.56,6.5,6,279,9.17
2026-06-05 19:39:50,965.34,92.9,71.38,55.52,22.77,3.34,4,357,21.29
2026-06-05 19:40:50,1722.76,96.73,43.19,44.45,25.78,5.68,6,569,23.05
2026-06-05 19:41:50,1699.08,56.44,89.54,56.9,19.47,1.97,2,529,16.1
2026-06-05 19:42:50,1556.45,61.87,63.26,45.87,18.52,3.75,4,465,15.93
2026-06-05 19:43:50,1672.79,38.25,63.08,53.52,14.8,4.21,3,486,12.81
2026-06-05 19:44:50,1264.48,61.76,92.3,57.04,18.91,1.76,2,436,17.24
2026-06-05 19:45:50,1738.99,85.55,70.34,46.16,24.47,3.31,3,588,22.08
2026-06-05 19:46:50,1037.4,34.76,30.16,52.0,11.95,7.07,6,272,9.76
2026-06-05 19:47:50,1181.09,34.15,85.03,54.51,12.85,2.28,2,363,10.73
2026-06-05 19:48:50,1390.03,70.8,62.65,35.94,20.95,4.38,4,448,18.28
2026-06-05 19:49:50,1668.62,97.66,66.3,32.7,25.43,3.65,3,567,23.11
2026-06-05 19:50:50,1450.24,59.83,44.36,54.07,18.31,5.24,5,444,16.24
2026-06-05 19:51:50,929.39,54.22,37.16,56.64,15.75,5.56,5,302,14.36
2026-06-05 19:52:50,1044.24,72.57,83.2,32.66,20.1,2.28,2,378,16.88
2026-06-05 19:53:50,950.28,53.02,69.06,50.47,14.46,3.13,3,297,12.41
2026-06-05 19:54:50,1751.88,51.14,28.06,66.09,19.01,6.59,5,513,15.0
2026-06-05 19:55:50,1503.3,52.42,75.16,48.16,16.73,3.45,3,464,13.73
2026-06-05 19:56:50,1162.38,34.39,32.25,64.39,13.68,6.45,6,295,10.0
2026-06-05 19:57:50,1721.14,31.7,74.23,45.99,14.44,3.03,3,485,11.78
2026-06-05 19:58:50,1695.34,51.21,88.3,30.27,18.06,1.69,2,522,15.19
2026-06-05 19:59:50,1256.72,70.46,71.9,39.66,19.18,3.1,3,424,16.54
2026-06-05 20:00:50,1139.06,41.74,94.24,51.56,14.67,1.05,1,357,12.2
2026-06-05 20:01:50,1387.38,47.79,78.87,44.48,15.29,2.38,2,451,12.15
2026-06-05 20:02:50,1254.67,85.74,83.71,52.12,22.49,1.96,3,439,20.4
2026-06-05 20:03:50,929.53,58.13,77.68,50.69,16.45,2.92,2,319,13.94
2026-06-05 20:04:50,1604.88,84.9,67.89,52.99,22.86,3.49,2,548,21.48
2026-06-05 20:05:50,1601.17,76.46,20.67,50.61,22.45,7.63,7,496,18.65
2026-06-05 20:06:50,916.87,36.27,43.02,43.33,12.43,5.93,5,271,9.69
2026-06-05 20:07:50,1737.59,38.39,89.2,30.63,15.62,1.8,2,524,13.13
2026-06-05 20:08:50,932.26,46.14,31.32,68.96,13.44,6.56,6,270,10.83
2026-06-05 20:09:50,1153.8,44.41,96.97,52.85,14.97,1.17,1,388,11.55
2026-06-05 20:10:50,1590.86,50.63,89.07,64.17,17.68,2.06,2,485,14.44
2026-06-05 20:11:50,1050.76,54.96,95.73,30.57,15.66,0.84,0,376,13.63
2026-06-05 20:12:50,1574.53,89.61,68.63,41.83,25.19,3.88,4,546,22.59
2026-06-05 20:13:50,978.86,75.86,63.0,44.45,19.62,3.47,3,333,18.75
2026-06-05 20:14:50,1149.35,68.53,63.35,43.98,18.8,3.51,4,374,17.69
2026-06-05 20:15:50,1759.51,84.67,84.26,68.8,24.47,2.59,3,587,21.38
2026-06-05 20:16:50,1466.55,60.05,32.2,63.68,19.41,6.53,5,447,16.46
2026-06-05 20:17:50,1780.46,78.0,49.99,54.72,22.31,4.64,5,553,19.44
2026-06-05 20:18:50,1165.16,98.06,82.69,55.86,24.94,1.94,2,471,22.62
2026-06-05 20:19:50,1320.62,59.09,31.07,69.22,17.06,6.5,6,381,14.3
2026-06-05 20:20:50,1514.72,88.2,42.51,58.1,24.47,6.07,6,489,22.25
2026-06-05 20:21:50,1383.79,53.75,49.67,41.91,16.79,4.7,4,437,14.36
2026-06-05 20:22:50,1405.35,58.81,92.61,45.17,18.01,1.35,2,447,16.41
2026-06-05 20:23:50,1493.91,38.12,52.64,54.91,15.34,5.16,4,419,12.68
2026-06-05 20:24:50,1758.43,83.98,59.72,68.03,23.7,4.07,3,562,20.27
2026-06-05 20:25:50,1304.07,89.31,62.94,61.96,22.43,4.4,3,465,20.52
2026-06-05 20:26:50,1091.99,96.0,54.51,52.15,23.69,4.23,4,422,21.95
2026-06-05 20:27:50,1750.93,98.51,22.7,31.54,27.33,7.6,7,551,24.96
2026-06-05 20:28:50,1289.68,42.68,74.7,68.04,14.54,3.03,3,382,12.25
2026-06-05 20:29:50,1796.43,46.49,86.76,33.43,17.35,2.43,2,551,15.11
2026-06-05 20:30:50,949.38,67.84,74.85,53.15,18.48,3.11,3,322,16.55
2026-06-05 20:31:50,1297.18,66.12,76.42,58.02,20.01,3.09,2,453,16.58
2026-06-05 20:32:50,1122.04,39.62,57.61,37.57,14.56,3.9,4,318,12.6
2026-06-05 20:33:50,911.99,38.15,44.91,58.6,12.41,4.93,5,245,10.99
2026-06-05 20:34:50,1301.44,72.88,48.68,54.27,21.06,5.07,5,426,18.76
2026-06-05 20:35:50,947.31,63.89,74.68,35.16,17.62,2.54,3,317,16.53
2026-06-05 20:36:50,1324.67,98.8,27.66,67.1,24.48,6.91,5,458,23.02
2026-06-05 20:37:50,1789.15,39.5,43.31,65.79,16.8,5.96,6,475,13.75
2026-06-05 20:38:50,989.05,40.88,27.96,35.61,12.87,7.08,5,266,10.33
2026-06-05 20:39:50,1123.1,32.19,22.28,49.24,11.3,7.22,5,284,9.51
2026-06-05 20:40:50,1719.3,97.44,55.73,56.84,25.87,4.88,4,576,22.89
2026-06-05 20:41:50,1577.22,84.65,33.75,67.39,24.35,6.05,6,493,20.49
2026-06-05 20:42:50,958.04,78.44,55.15,32.68,20.81,5.03,4,325,19.14
2026-06-05 20:43:50,1267.94,63.11,36.58,50.75,17.49,6.21,4,409,16.29
2026-06-05 20:44:50,1580.77,68.82,56.45,36.63,21.3,4.6,4,516,18.1
2026-06-05 20:45:50,1585.09,61.77,75.74,37.24,19.84,2.82,3,503,17.76
2026-06-05 20:46:50,1791.16,63.41,30.07,61.58,21.05,6.16,5,525,16.98
2026-06-05 20:47:50,1700.08,64.15,30.18,59.28,19.81,6.3,6,510,17.29
2026-06-05 20:48:50,1735.09,89.97,39.12,57.68,25.3,6.18,4,575,21.46
2026-06-05 20:49:50,917.22,31.69,24.89,66.62,11.96,7.45,6,239,10.58
2026-06-05 20:50:50,994.17,33.43,81.28,60.3,12.44,2.59,3,280,10.16
2026-06-05 20:51:50,1411.39,80.64,73.62,39.53,23.08,3.58,3,468,20.25
2026-06-05 20:52:50,1674.83,79.05,47.32,63.29,22.44,4.88,5,531,20.0
2026-06-05 20:53:50,942.18,93.35,58.41,33.71,23.55,4.63,5,359,22.02
2026-06-05 20:54:50,1562.53,59.56,49.78,58.98,19.67,4.96,4,467,17.46
2026-06-05 20:55:50,1512.24,34.35,65.51,50.09,14.33,3.4,3,437,10.58
2026-06-05 20:56:50,1520.32,37.82,39.58,64.53,14.69,6.18,6,434,11.91
2026-06-05 20:57:50,1682.39,30.81,91.83,56.83,14.77,1.3,1,502,10.37
2026-06-05 20:58:50,1191.16,38.43,92.12,54.27,13.02,1.6,1,364,10.44
2026-06-05 20:59:50,1711.88,48.48,23.44,57.69,16.58,6.78,5,488,13.89
2026-06-05 21:00:50,1280.26,88.7,89.76,50.65,23.74,1.68,3,472,22.23
2026-06-05 21:01:50,1050.32,50.77,46.41,62.16,15.72,4.98,5,331,12.99
2026-06-05 21:02:50,1018.56,47.95,36.56,31.31,15.39,5.89,6,290,12.37
2026-06-05 21:03:50,1422.11,38.48,79.39,64.78,13.97,2.96,4,434,12.0
2026-06-05 21:04:50,1092.85,88.01,21.76,44.3,22.0,7.29,7,358,20.15
2026-06-05 21:05:50,1680.69,66.11,77.13,51.85,20.84,2.36,2,537,17.33
2026-06-05 21:06:50,1037.89,72.62,28.95,37.11,19.01,6.77,7,316,16.97
2026-06-05 21:07:50,974.31,39.04,74.31,47.42,13.32,3.17,2,286,11.12
2026-06-05 21:08:50,1077.78,49.78,48.97,41.3,16.25,5.3,4,339,14.29
2026-06-05 21:09:50,1041.31,51.8,81.33,53.36,14.82,2.43,3,339,12.79
2026-06-05 21:10:50,1391.95,78.29,84.34,58.69,22.28,2.69,3,476,20.5
2026-06-05 21:11:50,1404.14,47.63,78.14,47.2,15.68,2.3,3,434,12.27
2026-06-05 21:12:50,1111.12,51.24,46.09,42.63,14.83,5.19,5,320,12.63
2026-06-05 21:13:50,950.15,54.84,78.37,56.82,15.07,2.44,3,298,13.68
2026-06-05 21:14:50,1067.14,48.52,30.74,43.64,14.14,6.65,7,312,11.81
2026-06-05 21:15:50,1776.05,61.65,27.93,44.4,19.39,6.89,7,506,17.35
2026-06-05 21:16:50,1178.75,87.77,55.32,55.1,21.81,4.14,4,406,20.91
2026-06-05 21:17:50,1426.77,72.94,73.57,60.17,20.26,3.29,4,457,17.0
2026-06-05 21:18:50,1136.17,81.41,68.08,56.82,20.41,3.65,3,415,18.82
2026-06-05 21:19:50,1424.2,54.53,75.05,49.43,17.24,3.0,2,454,15.25
2026-06-05 21:20:50,1555.27,85.93,73.04,50.93,24.62,2.82,3,547,21.85
2026-06-05 21:21:50,1041.77,96.65,79.72,62.44,22.77,2.19,1,426,21.37
2026-06-05 21:22:50,1721.95,63.93,43.73,69.0,20.37,5.43,5,501,18.15
2026-06-05 21:23:50,1737.48,74.66,71.13,69.7,21.68,3.04,2,591,19.32
2026-06-05 21:24:50,1765.19,56.25,59.07,53.08,19.58,4.55,3,522,16.74
2026-06-05 21:25:50,1418.5,98.58,59.09,54.34,24.81,4.08,4,515,21.97
2026-06-05 21:26:50,1122.11,80.46,53.38,37.61,21.23,4.53,4,385,18.62
2026-06-05 21:27:50,1685.89,93.99,64.7,52.37,25.98,4.04,4,567,22.74
2026-06-05 21:28:50,1540.91,48.15,95.39,33.5,17.14,1.81,2,479,14.35
2026-06-05 21:29:50,1025.95,45.57,73.28,46.1,14.56,2.96,3,331,13.31
2026-06-05 21:30:50,1385.88,79.79,91.34,64.54,20.92,1.66,2,482,19.5
2026-06-05 21:31:50,1317.68,63.95,28.45,31.75,18.27,6.56,7,376,16.14
2026-06-05 21:32:50,1644.43,71.62,83.96,52.36,21.69,2.36,2,552,19.63
2026-06-05 21:33:50,1292.46,97.03,93.34,53.05,24.67,1.78,1,506,22.95
2026-06-05 21:34:50,1032.24,30.82,38.77,30.1,12.28,6.33,6,278,9.03
2026-06-05 21:35:50,988.48,65.14,55.92,46.13,18.08,4.37,5,322,16.27
2026-06-05 21:36:50,949.61,50.81,64.12,57.3,14.75,4.27,4,284,12.94
2026-06-05 21:37:50,1138.98,65.53,44.09,56.28,18.66,5.51,5,351,15.94
2026-06-05 21:38:50,1397.68,79.91,69.64,62.27,22.14,3.02,3,476,18.68
2026-06-05 21:39:50,1423.05,62.46,72.83,41.62,18.68,2.92,4,468,16.14
2026-06-05 21:40:50,1381.84,97.96,23.42,30.94,25.54,6.65,7,458,22.57
2026-06-05 21:41:50,1108.48,33.57,92.11,35.96,12.79,1.88,2,328,10.3
2026-06-05 21:42:50,1447.82,82.21,75.89,39.49,21.92,2.59,3,486,19.73
2026-06-05 21:43:50,1465.85,87.06,29.63,37.38,23.72,6.76,6,465,20.73
2026-06-05 21:44:50,1674.24,60.99,64.34,45.36,20.55,3.4,3,522,17.86
2026-06-05 21:45:50,1219.94,64.52,75.98,35.2,18.0,3.05,2,402,16.14
2026-06-05 21:46:50,1128.93,57.06,34.23,34.7,16.81,5.98,5,344,13.75
2026-06-05 21:47:50,1406.64,72.51,75.37,45.29,21.21,2.88,2,491,18.8
2026-06-05 21:48:50,1594.33,99.96,70.58,48.77,27.07,2.94,3,583,25.21
2026-06-05 21:49:50,1254.22,50.84,62.85,69.75,15.98,4.2,5,384,13.39
2026-06-05 21:50:50,1446.71,67.94,37.98,30.96,19.95,5.9,4,469,17.89
2026-06-05 21:51:50,991.11,59.31,34.7,69.19,15.64,6.28,5,300,13.62
2026-06-05 21:52:50,1326.5,62.33,84.02,45.14,18.34,2.48,2,445,16.7
2026-06-05 21:53:50,1023.52,93.18,59.24,33.44,22.93,4.31,5,362,21.3
2026-06-05 21:54:50,1230.5,90.61,93.33,59.63,23.07,1.37,2,469,21.48
2026-06-05 21:55:50,1275.95,98.31,30.81,60.18,24.47,6.58,6,446,23.03
2026-06-05 21:56:50,1574.73,65.14,69.0,37.98,20.02,3.34,3,488,16.58
2026-06-05 21:57:50,1399.34,61.73,81.7,62.3,18.86,2.04,1,473,17.15
2026-06-05 21:58:50,1192.28,70.65,85.38,62.51,20.42,2.55,3,408,18.63
2026-06-05 21:59:50,1171.08,42.63,45.78,56.13,14.72,5.16,5,340,12.19
2026-06-05 22:00:50,1652.67,74.76,70.65,48.99,21.28,3.42,3,557,17.98
2026-06-05 22:01:50,904.73,51.24,74.37,48.67,15.69,2.66,3,303,14.51
2026-06-05 22:02:50,1204.85,95.45,45.74,49.19,24.42,5.03,5,413,23.06
2026-06-05 22:03:50,1559.17,34.9,27.83,65.09,14.19,6.31,5,445,11.82
2026-06-05 22:04:50,1240.83,66.95,70.96,53.97,19.32,3.66,4,392,16.07
2026-06-05 22:05:50,1244.3,32.16,80.52,38.97,13.09,2.27,3,358,10.37
2026-06-05 22:06:50,1710.87,84.07,91.24,63.37,23.5,1.22,1,593,20.4
2026-06-05 22:07:50,972.11,58.2,62.39,50.02,16.24,4.12,5,326,14.09
2026-06-05 22:08:50,1394.55,62.96,60.13,65.39,19.05,4.33,4,422,15.7
2026-06-05 22:09:50,1299.25,81.87,33.79,40.44,22.9,6.18,5,431,20.54
2026-06-05 22:10:50,1735.95,46.54,62.13,68.45,17.72,4.01,5,494,14.91
2026-06-05 22:11:50,1266.45,53.05,86.38,53.47,16.66,1.62,2,427,13.75
2026-06-05 22:12:50,1434.9,55.08,91.24,40.4,18.56,1.21,1,476,15.38
2026-06-05 22:13:50,1003.97,48.51,82.01,54.55,14.46,2.36,2,350,13.21
2026-06-05 22:14:50,1066.7,70.18,87.53,63.86,19.06,2.42,2,365,17.42
2026-06-05 22:15:50,1144.48,48.53,51.34,31.42,15.6,4.55,3,360,13.6
2026-06-05 22:16:50,1304.66,45.68,61.01,44.66,16.17,3.95,5,399,13.62
2026-06-05 22:17:50,1273.62,56.87,30.23,54.08,16.81,6.67,6,356,14.29
2026-06-05 22:18:50,968.53,68.28,38.76,58.61,17.6,5.62,5,304,15.95
2026-06-05 22:19:50,1502.94,50.61,30.65,59.11,17.78,6.66,5,420,14.24
2026-06-05 22:20:50,1566.75,96.84,27.49,50.56,25.11,6.54,7,491,22.16
2026-06-05 22:21:50,1386.75,34.6,87.84,31.14,13.07,1.95,1,427,10.82
2026-06-05 22:22:50,1126.42,59.01,52.97,52.06,17.99,5.11,4,346,16.49
2026-06-05 22:23:50,1578.68,82.09,48.64,32.17,23.49,5.29,5,511,20.85
2026-06-05 22:24:50,956.01,61.07,39.24,49.4,16.78,5.93,6,304,15.93
2026-06-05 22:25:50,1039.73,41.05,99.73,60.56,13.59,1.4,2,319,11.07
2026-06-05 22:26:50,1101.9,82.49,70.27,30.35,21.59,3.86,3,401,19.64
2026-06-05 22:27:50,1278.53,72.14,56.15,63.67,20.15,4.29,3,426,17.15
2026-06-05 22:28:50,1031.53,70.38,43.19,39.0,19.56,5.57,4,364,16.52
2026-06-05 22:29:50,1290.77,46.89,71.6,47.93,15.96,3.14,4,394,13.23
2026-06-05 22:30:50,1492.1,84.14,97.59,35.42,23.77,1.02,1,524,20.25
2026-06-05 22:31:50,1634.47,31.75,24.54,38.65,14.91,7.44,7,410,10.85
2026-06-05 22:32:50,1236.87,51.05,76.94,53.45,15.26,2.89,2,409,14.22
2026-06-05 22:33:50,1442.17,99.7,62.08,52.22,25.28,4.34,5,518,23.33
2026-06-05 22:34:50,1073.61,67.86,94.34,43.69,17.63,1.44,2,397,15.94
2026-06-05 22:35:50,1299.68,74.19,81.31,61.3,21.29,2.47,3,456,18.8
2026-06-05 22:36:50,1649.41,61.61,90.55,65.7,20.66,2.08,1,552,17.3
2026-06-05 22:37:50,1247.18,34.51,82.32,31.68,13.08,2.86,2,395,11.39
2026-06-05 22:38:50,1020.14,73.95,92.1,33.69,20.04,1.92,2,374,17.38
2026-06-05 22:39:50,981.32,50.77,59.38,50.33,15.8,4.08,5,318,14.48
2026-06-05 22:40:50,1157.14,79.29,80.96,45.78,20.63,2.15,2,425,19.1
2026-06-05 22:41:50,1209.93,43.56,32.66,42.42,15.59,6.55,7,334,13.27
2026-06-05 22:42:50,1637.44,47.45,60.84,66.57,17.32,4.17,3,506,13.19
2026-06-05 22:43:50,1043.21,89.28,49.73,37.1,22.76,5.02,5,381,20.59
2026-06-05 22:44:50,1462.7,80.27,69.65,41.73,22.32,2.96,4,491,19.27
2026-06-05 22:45:50,1738.76,48.31,54.62,62.57,16.65,4.59,3,512,13.89
2026-06-05 22:46:50,1186.1,74.72,80.8,43.81,21.18,2.12,2,416,19.22
2026-06-05 22:47:50,1520.63,88.99,88.26,37.08,23.75,1.7,1,538,22.11
2026-06-05 22:48:50,1693.2,58.46,52.88,57.35,20.15,5.23,5,524,16.27
2026-06-05 22:49:50,1679.85,39.53,75.19,52.89,14.92,2.61,3,511,12.92
2026-06-05 22:50:50,1534.27,66.92,70.99,66.05,21.15,3.62,3,480,17.97
2026-06-05 22:51:50,1473.63,97.23,49.2,52.88,25.5,5.1,4,525,23.57
2026-06-05 22:52:50,1051.95,88.54,59.72,39.43,22.81,4.4,5,354,20.6
2026-06-05 22:53:50,1108.16,73.61,33.4,60.66,19.73,6.23,5,357,18.29
2026-06-05 22:54:50,1001.95,96.17,89.23,45.63,24.06,1.65,2,418,23.07
2026-06-05 22:55:50,1194.7,43.53,32.41,61.55,15.06,6.9,6,343,11.95
2026-06-05 22:56:50,1683.6,88.99,79.41,45.15,24.13,2.45,2,581,21.32
2026-06-05 22:57:50,1476.39,78.02,77.68,66.13,21.89,2.66,3,497,20.24
2026-06-05 22:58:50,1194.76,66.37,25.15,53.69,19.08,6.53,6,377,17.38
2026-06-05 22:59:50,1423.61,75.63,90.2,51.58,21.2,1.58,3,484,18.04
2026-06-05 23:00:50,1213.48,90.31,85.57,42.41,23.9,2.08,2,443,22.52
2026-06-05 23:01:50,1470.5,56.06,85.22,46.91,17.82,2.07,1,477,16.04
2026-06-05 23:02:50,1222.6,33.35,80.89,33.48,12.45,2.65,3,369,10.39
2026-06-05 23:03:50,993.68,99.52,96.57,61.15,24.15,0.82,1,419,21.59
2026-06-05 23:04:50,1204.66,36.61,77.51,34.3,12.78,2.88,3,345,9.7
2026-06-05 23:05:50,1002.42,50.12,83.62,42.69,14.27,2.46,2,349,13.38
2026-06-05 23:06:50,1219.38,59.05,78.37,55.68,16.85,3.07,3,381,15.81
2026-06-05 23:07:50,935.69,50.32,51.3,68.17,13.87,5.0,4,280,13.22
2026-06-05 23:08:50,1565.95,84.82,98.62,37.5,23.01,0.68,0,580,20.33
2026-06-05 23:09:50,1341.4,40.12,22.87,60.63,15.45,7.19,6,367,12.12
2026-06-05 23:10:50,1582.76,83.4,92.43,64.75,23.76,1.53,2,562,21.89
2026-06-05 23:11:50,1397.21,65.57,75.31,31.96,19.8,2.55,3,445,16.4
2026-06-05 23:12:50,1335.25,61.14,35.46,33.95,17.91,5.73,4,406,16.14
2026-06-05 23:13:50,1099.83,38.97,83.43,34.66,13.71,2.7,3,342,12.13
2026-06-05 23:14:50,1600.93,93.05,52.55,44.95,25.27,5.21,5,530,22.9
2026-06-05 23:15:50,1691.36,61.74,60.45,58.23,20.38,4.01,4,508,16.92
2026-06-05 23:16:50,1316.75,81.65,83.66,32.88,22.4,2.11,3,465,19.49
2026-06-05 23:17:50,1073.88,67.55,39.18,31.61,18.05,5.85,4,353,16.73
2026-06-05 23:18:50,1702.62,52.84,32.34,38.91,18.09,6.55,5,494,14.71
2026-06-05 23:19:50,957.73,99.96,84.99,58.86,23.26,2.21,3,374,21.59
2026-06-05 23:20:50,1128.16,52.86,27.46,39.85,15.39,6.73,6,336,13.31
2026-06-05 23:21:50,1207.81,41.83,74.46,68.28,14.79,2.81,2,358,11.86
2026-06-05 23:22:50,1348.03,76.04,90.15,65.56,21.17,1.73,3,449,18.41
2026-06-05 23:23:50,1558.0,60.59,40.4,42.5,18.92,5.36,4,462,15.88
2026-06-05 23:24:50,1422.41,56.43,96.05,42.95,18.0,1.57,1,488,14.45
2026-06-05 23:25:50,1238.95,42.45,36.29,53.96,14.23,6.14,5,335,12.68
2026-06-05 23:26:50,1334.51,63.53,90.18,64.91,18.97,1.86,1,438,17.21
2026-06-05 23:27:50,1023.98,71.43,89.66,62.75,18.29,1.46,1,387,16.02
2026-06-05 23:28:50,1268.27,62.36,71.85,52.64,17.96,3.28,4,409,14.77
2026-06-05 23:29:50,1667.5,98.36,65.22,61.76,27.22,3.6,3,583,23.74
2026-06-05 23:30:50,981.0,76.37,77.5,41.95,19.74,3.1,4,351,17.71
2026-06-05 23:31:50,1616.65,36.1,30.98,51.61,15.33,6.57,5,452,12.53
2026-06-05 23:32:50,1081.36,96.26,90.5,49.67,24.47,1.31,1,421,22.61
2026-06-05 23:33:50,1649.0,71.97,99.04,58.66,21.24,0.86,1,573,17.61
2026-06-05 23:34:50,1038.15,83.98,69.75,64.91,21.04,3.06,4,382,19.53
2026-06-05 23:35:50,976.62,50.39,21.57,59.3,15.47,7.12,7,253,13.1
2026-06-05 23:36:50,996.22,47.39,67.89,66.13,13.84,3.2,3,328,12.01
2026-06-05 23:37:50,964.05,89.26,96.84,66.06,21.77,1.4,1,386,19.61
2026-06-05 23:38:50,1180.01,97.72,54.08,45.97,24.07,4.27,5,410,21.95
2026-06-05 23:39:50,1217.07,84.76,83.37,49.14,22.68,2.02,3,443,20.32
2026-06-05 23:40:50,1744.21,36.09,75.65,47.19,16.31,2.97,2,498,13.54
2026-06-05 23:41:50,1701.6,42.25,81.22,57.25,15.65,2.21,3,523,13.76
2026-06-05 23:42:50,931.2,74.38,38.24,53.33,19.81,5.97,6,288,18.11
2026-06-05 23:43:50,1247.32,30.58,58.64,53.52,13.33,3.89,4,344,9.8
2026-06-05 23:44:50,1138.59,62.43,49.49,64.77,18.11,5.27,6,367,16.54
2026-06-05 23:45:50,1740.42,88.51,24.45,65.44,25.87,6.99,6,546,22.96
2026-06-05 23:46:50,1528.22,86.94,49.31,49.14,24.44,5.49,4,518,22.56
2026-06-05 23:47:50,1193.77,45.28,41.39,59.35,15.19,6.13,6,317,13.05
2026-06-05 23:48:50,1037.9,71.53,25.82,62.3,18.14,6.56,6,341,16.21
2026-06-05 23:49:50,1247.05,68.6,95.65,35.05,20.22,1.19,2,423,17.0
2026-06-05 23:50:50,1745.31,74.17,89.57,59.1,21.39,2.19,3,565,18.51
2026-06-05 23:51:50,1725.77,39.6,42.23,63.83,16.52,5.31,4,510,12.39
2026-06-05 23:52:50,1719.11,87.17,22.68,45.61,24.76,6.89,6,548,22.52
2026-06-05 23:53:50,1599.0,86.26,27.08,44.57,23.84,7.1,6,494,21.03
2026-06-05 23:54:50,1052.48,90.51,65.36,67.71,23.01,3.54,4,372,20.97
2026-06-05 23:55:50,957.27,47.05,63.23,30.82,15.08,3.8,3,310,12.46
2026-06-05 23:56:50,976.8,96.75,79.66,57.24,22.54,2.5,3,377,21.96
2026-06-05 23:57:50,1499.33,89.0,22.61,39.2,24.76,7.13,7,479,22.85
2026-06-05 23:58:50,1043.72,51.85,87.42,57.42,16.01,2.04,2,332,12.79
2026-06-05 23:59:50,984.9,42.68,32.6,60.18,12.93,6.35,6,265,10.31
2026-06-06 00:00:50,980.69,59.17,64.93,52.65,17.55,3.87,3,321,14.71
2026-06-06 00:01:50,1701.43,95.93,88.14,33.07,26.15,1.8,1,607,22.96
2026-06-06 00:02:50,1506.86,82.39,73.9,66.84,23.68,2.87,3,498,19.99
2026-06-06 00:03:50,1501.68,62.5,66.01,54.62,18.27,3.83,4,473,15.07
2026-06-06 00:04:50,1581.43,70.07,65.45,53.15,20.08,3.68,4,486,17.19
2026-06-06 00:05:50,1629.99,98.62,41.22,36.75,25.83,5.2,6,525,24.07
2026-06-06 00:06:50,1194.33,30.23,90.55,60.37,13.03,1.94,3,331,10.59
2026-06-06 00:07:50,1303.6,99.81,73.7,34.33,26.07,2.78,2,477,23.09
2026-06-06 00:08:50,1709.91,46.43,30.6,66.74,16.7,6.35,6,491,14.16
2026-06-06 00:09:50,909.82,40.33,73.8,44.11,13.81,3.6,4,278,10.58
2026-06-06 00:10:50,1692.37,39.91,79.68,35.01,14.95,2.58,2,506,12.92
2026-06-06 00:11:50,1066.87,56.37,69.89,38.97,15.54,2.97,4,350,13.41
2026-06-06 00:12:50,1460.16,97.68,20.63,43.54,24.6,7.01,6,496,21.95
2026-06-06 00:13:50,1028.73,89.3,71.51,68.19,22.85,2.88,2,401,21.6
2026-06-06 00:14:50,923.48,81.04,32.34,60.83,19.75,6.69,6,321,18.04
2026-06-06 00:15:50,1691.05,67.34,63.37,56.24,21.36,3.8,4,533,17.47
2026-06-06 00:16:50,1741.2,54.24,40.89,30.21,18.31,6.13,5,508,14.92
2026-06-06 00:17:50,945.85,89.44,24.65,51.8,21.49,6.83,7,310,20.49
2026-06-06 00:18:50,1175.85,65.6,71.96,38.65,18.03,3.47,4,404,16.54
2026-06-06 00:19:50,1505.03,44.96,67.19,49.44,16.33,3.71,4,445,12.6
2026-06-06 00:20:50,1035.87,61.05,99.06,64.61,16.74,1.34,2,376,13.99
2026-06-06 00:21:50,1402.27,37.02,38.03,53.52,13.36,6.16,6,383,10.49
2026-06-06 00:22:50,1559.88,40.95,20.03,63.57,15.91,7.74,6,443,12.45
2026-06-06 00:23:50,1037.74,43.93,95.77,53.19,13.77,1.28,1,348,11.26
2026-06-06 00:24:50,1542.69,88.51,59.96,34.19,24.87,3.72,3,534,22.02
2026-06-06 00:25:50,929.04,78.82,83.04,46.61,19.68,2.19,3,336,18.61
2026-06-06 00:26:50,1363.85,94.38,20.36,68.18,24.16,6.89,6,450,21.29
2026-06-06 00:27:50,1325.73,39.6,39.42,37.1,13.64,5.73,5,388,11.94
2026-06-06 00:28:50,1492.74,89.29,53.17,68.4,23.1,4.36,3,506,20.1
2026-06-06 00:29:50,1708.17,32.08,94.54,50.73,14.31,1.69,2,525,12.08
2026-06-06 00:30:50,1697.72,56.02,34.08,45.44,18.45,6.72,5,511,15.48
2026-06-06 00:31:50,1761.72,37.2,91.18,36.59,16.57,1.67,2,520,12.89
2026-06-06 00:32:50,1617.45,42.59,28.02,34.01,15.45,7.2,7,436,11.96
2026-06-06 00:33:50,1496.27,58.44,85.31,40.52,18.23,1.84,2,482,14.99
2026-06-06 00:34:50,1578.19,31.61,87.71,39.4,14.0,2.13,3,451,11.89
2026-06-06 00:35:50,1160.79,82.08,83.2,55.41,21.63,2.11,1,451,19.93
2026-06-06 00:36:50,1596.02,96.91,83.45,59.22,25.76,2.63,2,578,22.3
2026-06-06 00:37:50,1007.02,63.99,93.64,56.72,17.28,1.69,2,374,15.22
2026-06-06 00:38:50,1062.7,46.65,49.38,68.56,14.19,5.15,4,309,13.15
2026-06-06 00:39:50,1052.81,41.91,63.71,49.12,14.63,4.35,3,327,11.33
2026-06-06 00:40:50,1214.45,68.16,72.39,30.85,19.92,3.35,3,407,17.98
2026-06-06 00:41:50,1488.4,45.13,82.2,60.84,16.63,2.26,2,453,14.07
2026-06-06 00:42:50,1403.38,87.68,69.26,54.14,24.03,3.89,4,489,22.01
2026-06-06 00:43:50,1126.52,41.39,72.51,44.63,13.81,3.32,4,328,11.7
2026-06-06 00:44:50,902.79,67.71,31.89,59.95,16.84,6.1,5,303,16.28
2026-06-06 00:45:50,1192.99,64.45,88.55,49.63,18.97,1.47,2,399,16.97
2026-06-06 00:46:50,1344.69,72.26,52.65,47.71,20.64,5.07,5,449,17.37
2026-06-06 00:47:50,1019.69,51.19,20.64,69.27,15.03,7.37,6,289,13.05
2026-06-06 00:48:50,1632.81,61.17,37.92,44.03,19.56,5.68,5,477,15.68
2026-06-06 00:49:50,1291.23,58.47,21.13,63.55,17.57,7.52,7,352,16.02
2026-06-06 00:50:50,1432.8,95.62,29.96,41.49,25.69,6.62,7,487,23.17
2026-06-06 00:51:50,1044.75,97.42,44.51,53.84,24.19,5.4,4,404,22.63
2026-06-06 00:52:50,1063.21,93.38,31.43,61.68,22.35,6.63,7,360,20.09
2026-06-06 00:53:50,1733.74,45.71,63.89,42.05,17.06,3.54,3,517,14.35
2026-06-06 00:54:50,947.61,32.2,24.74,41.11,10.73,6.56,6,236,8.61
2026-06-06 00:55:50,1020.74,81.47,80.1,54.56,21.38,2.71,2,394,19.17
2026-06-06 00:56:50,1199.95,80.37,78.03,60.04,22.06,2.66,3,433,19.04
2026-06-06 00:57:50,1366.94,92.54,88.17,30.36,23.89,2.0,2,487,20.75
2026-06-06 00:58:50,1468.57,78.04,29.88,43.26,21.61,6.64,5,482,20.15
2026-06-06 00:59:50,1225.04,85.52,84.5,30.09,21.31,1.75,2,448,19.94
2026-06-06 01:00:50,1016.54,91.54,69.49,62.1,22.99,2.96,3,399,21.4
2026-06-06 01:01:50,1654.71,52.04,80.44,60.14,18.24,2.68,3,524,14.36
2026-06-06 01:02:50,1393.69,79.73,99.95,66.27,21.04,0.97,0,488,18.97
2026-06-06 01:03:50,956.64,49.76,72.53,54.06,14.55,3.43,4,306,13.68
2026-06-06 01:04:50,965.92,68.25,34.18,47.75,17.44,6.35,5,330,16.86
2026-06-06 01:05:50,1120.13,66.11,43.11,55.53,18.29,5.08,5,352,15.87
2026-06-06 01:06:50,1437.53,61.66,86.74,38.16,19.16,1.93,3,447,16.51
2026-06-06 01:07:50,1332.49,37.8,88.11,33.28,13.43,2.11,3,401,11.28
2026-06-06 01:08:50,1779.1,32.36,63.66,68.69,15.01,4.31,3,497,11.84
2026-06-06 01:09:50,1349.19,87.48,97.28,66.92,23.95,1.25,2,479,21.34
2026-06-06 01:10:50,1598.22,42.9,28.67,39.62,17.09,6.83,7,444,13.27
2026-06-06 01:11:50,1631.76,97.14,89.28,61.85,25.79,1.89,2,564,22.43
2026-06-06 01:12:50,1135.57,77.06,89.9,67.86,20.02,2.19,3,401,18.69
2026-06-06 01:13:50,944.82,87.46,75.15,53.51,21.59,3.14,4,350,20.77
2026-06-06 01:14:50,972.56,99.66,92.45,58.33,22.99,1.94,2,415,20.81
2026-06-06 01:15:50,1346.57,91.62,26.65,57.48,24.66,6.54,5,436,21.28
2026-06-06 01:16:50,1386.88,54.92,76.8,36.32,17.96,2.96,3,422,15.15
2026-06-06 01:17:50,1090.62,66.58,77.24,53.69,18.74,3.14,3,371,15.84
2026-06-06 01:18:50,1358.98,77.77,39.3,66.72,21.97,5.53,4,446,19.61
2026-06-06 01:19:50,1524.93,69.72,21.49,51.16,21.1,7.43,6,453,19.17
2026-06-06 01:20:50,1079.22,83.29,39.64,66.01,21.17,5.9,4,381,20.2
2026-06-06 01:21:50,1743.4,32.74,76.9,62.91,14.94,2.4,2,515,10.68
2026-06-06 01:22:50,1757.71,57.05,70.44,67.36,20.11,3.77,4,540,16.63
2026-06-06 01:23:50,1523.43,53.11,36.36,31.69,17.63,6.52,5,461,14.79
2026-06-06 01:24:50,1422.18,39.69,44.15,42.55,14.0,5.74,6,379,11.97
2026-06-06 01:25:50,1750.33,58.79,96.28,37.0,20.21,1.04,2,550,16.53
2026-06-06 01:26:50,1439.25,77.11,61.58,55.17,20.71,4.57,4,489,18.57
2026-06-06 01:27:50,1204.38,58.51,34.42,40.78,18.27,5.8,4,381,15.09
2026-06-06 01:28:50,1326.41,50.93,31.42,51.71,16.66,6.84,5,405,14.66
2026-06-06 01:29:50,1167.3,49.55,44.39,58.51,15.53,5.31,4,354,13.58
2026-06-06 01:30:50,1064.09,75.24,36.57,60.11,20.36,5.63,6,344,17.83
2026-06-06 01:31:50,1203.4,34.08,40.74,67.49,12.01,5.39,4,341,9.94
2026-06-06 01:32:50,1436.43,45.03,59.44,62.91,16.22,4.67,4,431,13.81
2026-06-06 01:33:50,1181.87,78.73,67.04,42.88,21.48,3.56,3,404,20.15
2026-06-06 01:34:50,1706.39,31.09,45.69,32.1,13.88,5.83,4,473,11.7
2026-06-06 01:35:50,1761.3,47.6,92.51,66.12,17.85,1.35,2,526,14.07
2026-06-06 01:36:50,1798.19,30.09,49.07,52.13,14.57,5.18,4,519,12.06
2026-06-06 01:37:50,925.31,75.44,50.81,60.87,18.69,5.05,5,303,17.03
2026-06-06 01:38:50,931.89,48.35,87.42,56.99,13.84,2.04,2,298,12.24
2026-06-06 01:39:50,1196.07,81.41,57.42,49.86,21.71,4.19,5,387,19.03
2026-06-06 01:40:50,1491.99,80.98,62.65,40.95,22.69,3.64,3,521,20.23
2026-06-06 01:41:50,1173.2,94.16,86.39,43.4,23.66,2.41,2,461,21.19
2026-06-06 01:42:50,1048.71,49.61,80.25,30.7,14.41,2.81,2,349,12.77
2026-06-06 01:43:50,1176.47,37.51,57.04,34.88,13.13,4.66,4,340,11.01
2026-06-06 01:44:50,1635.56,68.31,93.87,67.74,20.3,1.47,1,563,17.23
2026-06-06 01:45:50,1051.31,69.52,69.71,33.57,19.29,3.6,2,391,17.12
2026-06-06 01:46:50,1361.65,92.52,52.52,47.48,24.33,4.85,5,479,22.91
2026-06-06 01:47:50,1338.67,40.35,31.57,64.56,14.45,6.37,5,366,10.92
2026-06-06 01:48:50,1041.43,88.95,42.65,33.83,22.22,5.18,5,389,19.86
2026-06-06 01:49:50,1778.68,31.02,87.35,42.45,14.49,1.94,1,525,12.01
2026-06-06 01:50:50,1393.69,58.89,32.85,48.58,18.53,6.85,6,402,15.97
2026-06-06 01:51:50,1118.5,57.46,36.63,44.4,15.99,6.48,5,337,14.05
2026-06-06 01:52:50,1258.38,91.74,40.07,41.69,23.95,5.74,5,450,21.26
2026-06-06 01:53:50,1712.73,91.97,28.09,64.67,24.63,6.71,6,564,21.77
2026-06-06 01:54:50,1164.52,71.51,54.67,69.33,20.0,4.27,3,379,17.19
2026-06-06 01:55:50,1273.1,78.82,20.82,55.76,22.05,7.78,8,388,20.46
2026-06-06 01:56:50,1170.3,72.06,21.52,57.71,19.56,7.66,7,364,18.32
2026-06-06 01:57:50,1126.97,93.64,25.87,56.29,22.81,7.38,7,385,21.36
2026-06-06 01:58:50,902.57,33.77,75.81,39.55,11.3,2.64,2,278,10.05
2026-06-06 01:59:50,1265.07,61.3,94.12,69.61,18.73,1.75,1,413,16.96
2026-06-06 02:00:50,1791.57,73.02,25.4,62.4,22.13,6.94,7,544,18.44
2026-06-06 02:01:50,1080.11,85.53,99.11,32.72,22.1,1.27,1,416,20.51
2026-06-06 02:02:50,1501.46,32.36,64.72,35.38,12.88,3.5,4,444,10.79
2026-06-06 02:03:50,1434.93,99.91,58.07,61.51,25.74,4.25,3,513,22.54
2026-06-06 02:04:50,1199.2,40.18,21.7,51.39,14.93,7.12,6,345,12.35
2026-06-06 02:05:50,1058.83,65.52,63.87,42.73,18.49,4.28,4,366,15.75
2026-06-06 02:06:50,1204.45,91.67,74.21,57.58,24.26,3.04,3,440,21.37
2026-06-06 02:07:50,1401.6,87.36,48.11,43.13,22.76,5.58,5,465,20.31
2026-06-06 02:08:50,1670.12,70.08,57.59,67.89,21.76,4.24,3,545,17.73
2026-06-06 02:09:50,1508.8,76.06,99.05,67.45,21.47,1.12,1,544,18.04
2026-06-06 02:10:50,1127.75,98.11,20.74,30.67,23.99,6.99,6,412,22.49
2026-06-06 02:11:50,927.15,45.48,28.71,52.51,14.13,6.26,6,275,11.53
2026-06-06 02:12:50,1097.74,43.87,54.16,53.1,13.75,4.99,5,315,10.89
2026-06-06 02:13:50,1392.24,54.63,63.46,40.59,17.11,3.74,4,428,14.64
2026-06-06 02:14:50,962.74,91.08,34.71,61.9,22.86,6.38,6,329,21.63
2026-06-06 02:15:50,1033.84,78.45,81.82,54.53,19.47,2.05,3,385,17.76
2026-06-06 02:16:50,1110.18,30.22,34.84,32.78,12.06,6.1,6,276,8.89
2026-06-06 02:17:50,918.36,60.46,31.85,56.85,16.52,6.88,6,276,13.8
2026-06-06 02:18:50,1050.5,83.97,36.66,58.86,21.89,6.08,5,343,19.01
2026-06-06 02:19:50,1474.68,99.66,45.91,38.49,26.68,5.58,4,496,23.18
2026-06-06 02:20:50,1648.01,44.19,62.52,67.53,15.78,4.45,3,472,12.96
2026-06-06 02:21:50,999.72,31.67,46.23,43.13,11.0,5.33,4,284,10.06
2026-06-06 02:22:50,1088.24,43.85,21.37,68.66,14.07,6.86,7,297,11.59
2026-06-06 02:23:50,1153.0,50.16,40.23,57.18,15.03,5.75,6,332,13.42
2026-06-06 02:24:50,1214.01,74.19,51.81,63.71,20.6,4.91,5,405,18.73
2026-06-06 02:25:50,1626.15,79.3,83.97,44.46,22.99,2.54,3,553,20.09
2026-06-06 02:26:50,1749.88,82.78,60.91,57.91,23.16,3.83,4,564,21.33
2026-06-06 02:27:50,1570.53,82.91,64.64,50.55,23.86,3.61,3,527,20.58
2026-06-06 02:28:50,940.89,33.81,74.98,63.99,11.76,2.51,3,289,10.62
2026-06-06 02:29:50,1255.84,55.9,24.17,69.24,17.59,6.84,6,362,15.56
2026-06-06 02:30:50,1089.78,44.53,66.6,45.39,14.66,3.19,4,332,12.8
2026-06-06 02:31:50,1256.0,72.1,50.72,51.88,20.31,4.8,3,434,17.82
2026-06-06 02:32:50,1388.77,82.38,35.75,38.82,22.91,6.58,7,431,20.89
2026-06-06 02:33:50,1168.92,81.9,74.38,68.77,21.55,3.32,3,404,19.4
2026-06-06 02:34:50,1061.03,38.43,30.39,33.55,13.7,6.72,6,267,10.96
2026-06-06 02:35:50,1045.59,64.2,74.28,69.69,17.01,3.01,3,351,14.58
2026-06-06 02:36:50,1548.29,48.65,86.01,31.47,16.25,2.38,2,472,13.35
2026-06-06 02:37:50,1150.23,57.59,87.26,64.61,17.39,1.68,1,399,15.4
2026-06-06 02:38:50,1512.42,58.88,76.09,68.3,17.71,3.3,4,476,15.47
2026-06-06 02:39:50,1549.39,55.82,50.02,37.98,18.29,5.11,4,487,16.13
2026-06-06 02:40:50,1766.29,51.07,58.56,30.82,18.09,4.65,5,536,15.3
2026-06-06 02:41:50,1078.38,97.01,74.67,57.16,22.79,3.45,4,397,20.86
2026-06-06 02:42:50,1451.6,65.58,25.31,69.29,20.45,6.85,6,434,16.56
2026-06-06 02:43:50,1742.88,77.47,33.79,51.67,22.39,6.15,5,542,19.47
2026-06-06 02:44:50,1095.66,63.9,41.84,57.18,17.3,6.11,5,349,14.92
2026-06-06 02:45:50,1116.68,57.32,74.04,43.81,15.87,2.72,2,386,14.61
2026-06-06 02:46:50,1735.19,94.85,29.25,50.01,25.87,6.22,5,559,22.52
2026-06-06 02:47:50,1658.57,81.64,58.34,33.9,23.71,3.96,3,561,20.43
2026-06-06 02:48:50,1517.43,85.7,65.8,68.12,24.11,4.14,5,492,20.38
2026-06-06 02:49:50,1507.42,36.24,80.04,44.5,15.19,2.81,3,461,11.4
2026-06-06 02:50:50,1775.19,91.51,69.11,41.29,25.8,3.2,4,610,23.17
2026-06-06 02:51:50,1673.31,88.84,68.58,53.2,24.81,3.99,3,584,22.59
2026-06-06 02:52:50,1184.45,50.52,95.91,66.33,16.19,1.52,3,366,12.98
2026-06-06 02:53:50,1073.08,65.54,52.87,66.78,18.56,5.03,4,338,17.07
2026-06-06 02:54:50,1145.85,50.14,69.55,35.61,15.97,3.05,3,347,13.11
2026-06-06 02:55:50,1158.71,41.18,78.49,36.66,13.93,2.23,3,368,12.2
2026-06-06 02:56:50,1167.81,94.43,39.38,50.49,24.52,6.22,5,406,21.86
2026-06-06 02:57:50,1056.1,35.47,85.43,35.31,13.59,1.7,2,312,10.92
2026-06-06 02:58:50,1673.1,64.49,22.75,33.57,19.59,7.34,6,486,17.88
2026-06-06 02:59:50,936.26,50.2,49.54,30.11,15.19,4.7,5,278,12.57
2026-06-06 03:00:50,1012.85,82.19,41.92,64.2,20.59,5.87,5,331,18.21
2026-06-06 03:01:50,1479.06,70.49,78.97,48.21,21.42,2.35,3,482,17.94
2026-06-06 03:02:50,1607.89,35.38,62.14,66.72,14.94,4.48,4,471,12.32
2026-06-06 03:03:50,1286.42,63.93,35.0,53.37,18.24,6.43,6,386,16.27
2026-06-06 03:04:50,1237.44,94.96,34.77,53.0,23.87,5.98,4,428,21.01
2026-06-06 03:05:50,1528.55,66.66,97.01,46.25,20.04,1.16,1,512,16.63
2026-06-06 03:06:50,1063.04,80.94,23.02,68.07,19.96,7.24,7,329,17.55
2026-06-06 03:07:50,1182.9,94.56,80.21,34.4,23.38,2.75,4,438,21.16
2026-06-06 03:08:50,980.36,78.45,61.3,65.94,21.04,4.11,4,331,18.42
2026-06-06 03:09:50,1226.98,94.48,60.54,55.55,23.24,4.48,5,412,20.92
2026-06-06 03:10:50,1497.14,98.34,21.07,50.24,26.2,7.01,5,491,24.47
2026-06-06 03:11:50,1200.27,62.77,24.86,41.84,17.71,7.2,6,354,15.37
2026-06-06 03:12:50,1357.3,43.97,29.4,32.13,15.88,7.05,7,374,12.23
2026-06-06 03:13:50,1125.25,99.69,89.13,41.62,24.8,1.8,2,458,22.09
2026-06-06 03:14:50,1098.96,93.48,45.94,65.05,22.51,5.48,4,396,21.22
2026-06-06 03:15:50,1014.65,61.91,36.07,46.02,17.63,5.88,6,302,16.02
2026-06-06 03:16:50,1070.97,80.13,26.8,63.42,20.3,7.23,7,344,18.35
2026-06-06 03:17:50,1125.47,92.1,51.5,49.11,22.93,4.7,4,414,21.48
2026-06-06 03:18:50,1516.84,67.98,76.02,35.48,19.31,2.5,2,494,16.45
2026-06-06 03:19:50,1585.87,61.28,63.89,59.39,20.04,4.09,4,501,17.35
2026-06-06 03:20:50,1529.92,98.29,48.5,35.0,26.57,5.05,4,513,23.53
2026-06-06 03:21:50,1428.08,89.01,77.01,56.0,22.87,3.1,3,505,20.6
2026-06-06 03:22:50,958.81,74.38,88.05,46.9,19.79,1.82,3,342,17.07
2026-06-06 03:23:50,1409.13,73.83,83.37,33.73,20.2,2.26,2,483,18.92
2026-06-06 03:24:50,1620.9,49.72,98.29,61.81,16.7,1.56,2,515,14.72
2026-06-06 03:25:50,1038.46,36.62,66.77,63.78,13.36,4.04,5,308,11.07
2026-06-06 03:26:50,1728.05,63.46,72.56,53.58,20.22,3.03,3,545,16.63
2026-06-06 03:27:50,1251.42,37.25,55.39,43.96,14.01,4.38,4,346,11.72
2026-06-06 03:28:50,1653.31,33.28,93.61,62.82,14.99,1.86,1,488,12.22
2026-06-06 03:29:50,1680.63,46.17,82.23,63.9,17.24,2.25,2,536,14.41
2026-06-06 03:30:50,976.51,44.13,51.15,65.58,13.09,5.37,4,279,10.67
2026-06-06 03:31:50,1731.02,32.99,45.87,31.89,14.55,5.56,4,472,11.73
2026-06-06 03:32:50,1525.25,65.48,44.19,41.4,18.94,5.05,4,494,16.07
2026-06-06 03:33:50,1276.45,87.09,74.16,57.95,23.68,3.13,4,436,21.88
2026-06-06 03:34:50,1793.43,59.3,73.18,42.86,20.18,2.88,4,553,17.5
2026-06-06 03:35:50,1567.17,32.97,71.7,49.57,13.26,3.49,4,450,10.27
2026-06-06 03:36:50,1466.08,32.61,31.23,33.27,14.49,6.66,5,396,10.82
2026-06-06 03:37:50,1059.85,71.14,54.03,56.56,19.62,4.7,5,347,17.16
2026-06-06 03:38:50,1450.2,43.86,90.72,64.34,15.2,1.42,2,431,11.83
2026-06-06 03:39:50,953.05,53.59,70.81,30.9,15.24,3.27,2,308,12.77
2026-06-06 03:40:50,976.75,32.78,88.0,38.68,11.14,1.5,2,307,9.47
2026-06-06 03:41:50,946.3,72.49,29.33,38.7,19.39,6.44,6,289,16.9
2026-06-06 03:42:50,1333.51,61.49,56.26,67.74,19.14,4.66,5,430,15.54
2026-06-06 03:43:50,1594.73,52.86,98.6,46.61,18.0,1.26,2,492,15.01
2026-06-06 03:44:50,1165.66,61.53,58.69,48.84,18.4,3.85,3,372,16.91
2026-06-06 03:45:50,994.69,92.01,22.38,58.48,22.82,7.03,6,341,20.54
2026-06-06 03:46:50,1216.3,69.39,60.35,53.4,18.57,4.37,3,418,16.5
2026-06-06 03:47:50,971.02,75.6,70.75,35.01,19.25,3.41,4,353,18.08
2026-06-06 03:48:50,1358.76,71.97,52.69,58.66,20.57,4.33,3,469,18.47
2026-06-06 03:49:50,1305.32,52.4,83.03,63.67,17.09,2.72,4,418,13.79
2026-06-06 03:50:50,1423.23,96.97,79.9,37.96,25.89,2.73,2,509,23.34
2026-06-06 03:51:50,1423.12,51.95,58.18,60.04,17.1,3.86,3,423,15.35
2026-06-06 03:52:50,1160.37,55.48,67.01,40.31,16.33,3.4,4,353,14.59
2026-06-06 03:53:50,1709.21,32.97,60.74,60.78,15.22,4.05,5,461,12.04
2026-06-06 03:54:50,1455.72,97.57,27.68,45.75,25.09,6.95,7,478,23.8
2026-06-06 03:55:50,1737.39,36.29,85.5,43.71,14.5,2.08,1,536,11.02
2026-06-06 03:56:50,1590.92,46.97,53.07,69.75,16.02,4.71,5,473,12.96
2026-06-06 03:57:50,1565.22,63.01,37.43,39.28,19.01,5.51,5,482,16.96
2026-06-06 03:58:50,1172.79,98.09,81.19,36.04,23.71,3.0,3,462,21.48
2026-06-06 03:59:50,1117.34,85.4,32.6,55.59,21.29,6.55,5,366,19.67
2026-06-06 04:00:50,1582.92,65.38,59.61,59.98,19.39,4.36,4,497,16.18
2026-06-06 04:01:50,1671.58,81.26,25.76,39.56,22.66,6.49,6,522,19.25
2026-06-06 04:02:50,1457.17,81.58,99.49,47.9,22.89,1.16,2,510,19.29
2026-06-06 04:03:50,987.92,90.99,45.96,62.09,22.01,5.57,5,361,20.66
2026-06-06 04:04:50,1432.45,39.61,74.01,47.77,14.16,2.99,3,446,11.7
2026-06-06 04:05:50,1631.84,86.46,85.86,32.36,24.03,2.17,1,560,21.87
2026-06-06 04:06:50,1628.3,31.9,30.91,69.17,13.84,6.16,5,445,11.35
2026-06-06 04:07:50,1041.14,45.97,73.26,33.73,13.49,2.79,3,326,10.91
2026-06-06 04:08:50,1043.22,63.85,63.37,44.77,16.98,4.26,4,351,16.26
2026-06-06 04:09:50,1560.71,71.41,75.65,66.71,21.45,2.59,3,501,18.29
2026-06-06 04:10:50,1086.57,45.61,30.94,48.7,15.19,6.14,5,330,11.87
2026-06-06 04:11:50,1365.79,36.39,73.54,44.76,13.98,3.03,3,419,11.72
2026-06-06 04:12:50,1249.4,39.66,34.01,53.39,14.64,5.84,6,343,11.6
2026-06-06 04:13:50,1491.23,51.74,43.25,38.82,17.36,5.64,5,434,15.41
2026-06-06 04:14:50,1714.8,44.01,22.7,60.14,16.36,6.69,6,483,13.22
2026-06-06 04:15:50,1613.52,37.41,32.16,69.65,14.87,6.01,5,453,11.51
2026-06-06 04:16:50,1291.59,80.59,28.38,60.47,21.08,6.32,5,423,19.75
2026-06-06 04:17:50,1213.16,68.47,89.18,60.57,18.53,1.8,2,429,16.22
2026-06-06 04:18:50,1585.64,86.97,44.28,36.49,23.48,5.9,6,520,20.05
2026-06-06 04:19:50,1215.89,36.48,33.06,61.55,12.44,6.54,6,333,9.72
2026-06-06 04:20:50,1797.42,34.29,29.67,61.98,15.22,6.62,6,490,12.67
2026-06-06 04:21:50,1701.06,55.01,91.33,34.83,18.47,1.21,2,550,16.0
2026-06-06 04:22:50,1021.21,67.57,35.71,37.65,18.88,6.58,5,342,16.59
2026-06-06 04:23:50,1564.83,62.41,68.13,31.72,18.64,3.8,4,499,16.08
2026-06-06 04:24:50,1411.76,90.15,50.96,45.29,23.6,5.27,5,486,21.59
2026-06-06 04:25:50,1565.91,87.8,74.71,33.78,23.52,2.69,3,534,21.15
2026-06-06 04:26:50,1497.88,72.96,48.12,69.87,21.68,5.18,4,472,18.62
2026-06-06 04:27:50,1183.42,77.91,92.79,61.51,20.76,1.8,2,408,19.67
2026-06-06 04:28:50,931.34,52.72,59.11,51.89,14.84,3.94,4,276,13.42
2026-06-06 04:29:50,968.1,33.83,74.09,35.93,11.53,3.35,4,283,9.16
2026-06-06 04:30:50,1686.33,58.51,39.64,61.82,19.89,5.85,6,509,16.1
2026-06-06 04:31:50,1253.63,62.48,55.15,57.34,18.14,4.5,3,414,15.08
2026-06-06 04:32:50,1010.83,49.59,46.08,56.34,15.02,4.89,4,305,13.62
2026-06-06 04:33:50,1222.75,57.28,67.47,34.95,17.23,3.91,5,393,14.58
2026-06-06 04:34:50,1458.08,94.49,45.04,62.79,25.31,5.21,4,505,22.1
2026-06-06 04:35:50,1486.67,61.81,55.33,39.26,20.07,4.6,4,471,16.51
2026-06-06 04:36:50,1226.47,44.22,65.95,40.83,15.71,3.33,3,367,13.49
2026-06-06 04:37:50,1422.52,59.42,97.27,57.38,17.46,1.33,2,474,14.31
2026-06-06 04:38:50,1418.3,93.06,87.98,63.46,23.73,2.09,1,528,20.99
2026-06-06 04:39:50,1105.36,57.68,99.53,69.14,16.66,1.21,2,384,13.96
2026-06-06 04:40:50,1427.5,53.97,62.19,47.55,17.34,3.99,3,436,14.07
2026-06-06 04:41:50,1288.27,53.45,80.29,37.92,16.27,2.08,2,430,13.79
2026-06-06 04:42:50,1477.23,93.61,35.34,43.16,25.11,5.85,4,503,21.81
2026-06-06 04:43:50,1707.13,72.3,62.97,57.39,21.93,3.64,4,534,19.69
2026-06-06 04:44:50,1047.16,57.13,85.92,48.18,17.24,2.25,1,382,13.97
2026-06-06 04:45:50,941.07,55.79,38.93,62.86,16.09,5.83,4,305,14.28
2026-06-06 04:46:50,1228.37,30.97,90.24,35.22,13.21,1.43,1,389,10.32
2026-06-06 04:47:50,1789.42,36.03,35.58,32.32,16.41,6.4,5,504,13.1
2026-06-06 04:48:50,1108.52,35.45,36.41,41.91,12.44,6.07,5,324,10.08
2026-06-06 04:49:50,1555.74,51.29,25.18,55.86,18.35,7.09,7,444,15.12
2026-06-06 04:50:50,974.59,52.47,67.34,63.16,15.42,4.0,3,320,13.69
2026-06-06 04:51:50,916.09,58.57,97.86,42.75,15.5,1.04,2,333,13.67
2026-06-06 04:52:50,1271.34,45.64,71.59,54.9,16.18,3.5,4,400,13.85
2026-06-06 04:53:50,1160.3,35.02,62.34,61.06,13.13,4.29,4,335,9.71
2026-06-06 04:54:50,1565.23,65.22,97.7,57.56,20.83,0.87,1,509,18.62
2026-06-06 04:55:50,1735.36,72.5,88.45,56.55,22.56,1.57,2,574,18.46
2026-06-06 04:56:50,996.18,66.96,87.97,48.27,17.53,1.93,2,339,15.47
2026-06-06 04:57:50,1584.62,54.4,99.58,62.01,18.95,0.96,1,509,14.93
2026-06-06 04:58:50,1311.8,68.34,61.33,53.4,19.69,4.03,5,401,16.47
2026-06-06 04:59:50,1756.16,60.42,32.12,60.13,19.32,6.14,5,520,17.15
2026-06-06 05:00:50,1561.72,38.02,60.71,39.9,15.34,4.11,4,463,12.36
2026-06-06 05:01:50,1249.6,89.62,84.53,65.37,22.55,2.64,3,452,20.58
2026-06-06 05:02:50,1665.22,52.08,52.79,38.01,18.7,5.23,5,501,14.96
2026-06-06 05:03:50,1682.5,91.54,29.17,46.23,25.25,6.71,5,535,23.01
2026-06-06 05:04:50,1339.42,99.05,21.18,44.05,26.11,7.64,7,443,23.93
2026-06-06 05:05:50,902.02,53.59,98.31,43.75,15.18,1.1,1,333,13.0
2026-06-06 05:06:50,1789.6,76.34,46.59,41.68,23.69,5.72,6,559,19.82
2026-06-06 05:07:50,1219.38,39.23,84.0,50.88,13.13,2.65,3,383,10.23
2026-06-06 05:08:50,1072.96,85.94,98.71,55.79,21.5,0.72,1,423,19.77
2026-06-06 05:09:50,971.11,86.04,89.32,56.25,21.28,1.91,2,368,18.85
2026-06-06 05:10:50,1208.36,36.01,91.94,63.55,12.33,1.41,2,358,9.48
2026-06-06 05:11:50,903.0,83.7,94.31,66.52,19.88,1.2,1,373,19.03
2026-06-06 05:12:50,982.38,52.77,88.81,50.88,14.96,1.46,1,351,14.06
2026-06-06 05:13:50,1032.7,32.76,79.05,69.9,11.48,2.42,3,301,8.79
2026-06-06 05:14:50,1119.34,37.68,33.64,36.28,13.53,6.41,6,308,10.61
2026-06-06 05:15:50,1436.07,73.65,61.05,57.4,21.93,3.76,4,457,18.55
2026-06-06 05:16:50,1457.6,93.57,52.44,44.89,25.53,4.62,4,522,22.29
2026-06-06 05:17:50,1463.01,61.75,77.61,69.64,19.88,2.73,3,463,16.34
2026-06-06 05:18:50,1324.49,79.78,40.4,69.38,21.06,5.33,4,439,19.67
2026-06-06 05:19:50,961.71,47.71,99.22,33.43,13.54,1.33,2,325,12.39
2026-06-06 05:20:50,1220.33,90.72,96.26,49.03,22.45,1.59,1,456,21.37
2026-06-06 05:21:50,1392.32,36.97,70.1,63.61,13.23,3.73,4,409,10.61
2026-06-06 05:22:50,1505.51,65.1,57.62,65.57,19.03,4.19,3,496,16.31
2026-06-06 05:23:50,1278.19,41.68,69.77,60.51,13.87,3.33,3,391,11.72
2026-06-06 05:24:50,935.12,92.86,85.44,31.08,23.42,2.59,2,388,21.11
2026-06-06 05:25:50,1675.44,63.95,50.69,65.89,19.99,4.88,4,527,17.88
2026-06-06 05:26:50,1346.98,94.94,50.14,68.83,24.73,4.61,5,476,21.88
2026-06-06 05:27:50,1727.63,69.11,73.26,41.73,20.72,3.05,4,561,17.51
2026-06-06 05:28:50,1356.66,46.34,87.0,43.69,15.81,1.64,2,431,12.7
2026-06-06 05:29:50,1439.78,40.04,91.24,49.49,15.26,1.84,1,440,11.92
2026-06-06 05:30:50,1072.47,38.66,20.16,68.7,12.37,7.01,7,271,10.31
2026-06-06 05:31:50,1718.08,40.63,26.56,31.58,16.59,6.73,5,500,12.33
2026-06-06 05:32:50,1684.47,66.89,83.95,42.11,21.39,2.29,3,554,18.61
2026-06-06 05:33:50,1022.23,81.79,41.6,64.68,21.46,5.4,6,350,18.59
2026-06-06 05:34:50,1774.91,93.67,60.16,30.43,26.42,4.39,4,594,23.51
2026-06-06 05:35:50,1713.28,50.0,70.83,38.37,18.02,3.47,3,522,15.42
2026-06-06 05:36:50,1327.77,96.41,23.8,31.5,24.34,7.16,6,457,21.54
2026-06-06 05:37:50,920.72,38.1,74.91,38.23,12.72,2.88,3,278,11.34
2026-06-06 05:38:50,1620.15,85.08,92.29,61.92,22.88,1.19,2,569,21.47
2026-06-06 05:39:50,1536.41,48.58,33.48,69.73,16.92,6.4,6,437,13.2
2026-06-06 05:40:50,1443.7,80.83,32.06,46.68,22.77,6.52,5,479,20.95
2026-06-06 05:41:50,1100.19,32.01,53.04,39.0,12.06,4.66,5,305,9.92
2026-06-06 05:42:50,1051.22,54.81,84.56,58.11,15.57,1.86,1,374,13.91
2026-06-06 05:43:50,1690.99,96.35,27.01,31.45,26.06,6.78,6,563,23.25
2026-06-06 05:44:50,1375.55,97.81,93.96,67.12,26.03,1.56,2,501,23.26
2026-06-06 05:45:50,1083.07,43.02,58.39,61.85,13.65,4.55,4,330,11.95
2026-06-06 05:46:50,1410.47,51.03,40.58,43.49,16.11,5.82,5,433,12.82
2026-06-06 05:47:50,1518.1,37.48,67.07,43.12,15.04,3.62,4,439,12.25
2026-06-06 05:48:50,1342.89,75.02,37.7,42.93,20.09,6.31,6,405,18.16
2026-06-06 05:49:50,1356.17,92.09,37.11,42.36,23.71,5.72,6,467,21.38
2026-06-06 05:50:50,1150.83,45.7,61.4,51.97,14.79,3.76,3,371,11.96
2026-06-06 05:51:50,1453.34,71.84,74.37,64.7,20.99,3.52,2,481,18.02
2026-06-06 05:52:50,1550.64,76.39,20.29,57.94,21.44,7.18,5,479,18.57
2026-06-06 05:53:50,1676.84,66.51,92.9,51.06,20.24,1.63,2,545,18.15
2026-06-06 05:54:50,960.55,84.62,84.82,50.55,21.52,1.84,2,392,18.78
2026-06-06 05:55:50,1320.24,79.44,41.53,65.23,22.24,5.77,5,427,19.28
2026-06-06 05:56:50,921.9,62.14,98.73,47.22,16.22,1.41,3,317,15.54
2026-06-06 05:57:50,1487.22,50.59,61.97,46.35,17.48,4.34,3,438,15.5
2026-06-06 05:58:50,1654.46,66.46,63.87,42.45,19.95,3.89,4,509,17.66
2026-06-06 05:59:50,1500.21,49.0,43.11,34.37,17.0,5.2,4,445,15.09
2026-06-06 06:00:50,1598.51,86.75,96.99,33.86,23.2,0.97,1,548,21.75
2026-06-06 06:01:50,1703.06,54.96,38.07,68.77,18.43,5.57,5,518,14.94
2026-06-06 06:02:50,1350.24,68.05,83.65,60.33,18.73,2.6,2,439,17.57
2026-06-06 06:03:50,1737.19,90.38,80.54,32.72,24.46,3.05,3,584,22.79
2026-06-06 06:04:50,984.18,46.81,66.63,56.32,13.82,3.92,4,317,12.32
2026-06-06 06:05:50,1219.45,99.34,58.73,48.72,25.69,3.88,4,442,22.5
2026-06-06 06:06:50,1103.26,71.2,33.43,30.15,19.16,6.49,6,337,16.6
2026-06-06 06:07:50,1036.62,97.58,82.72,38.31,23.1,2.83,3,409,22.09
2026-06-06 06:08:50,962.0,39.98,26.34,38.83,12.74,6.84,6,274,10.44
2026-06-06 06:09:50,1583.98,68.69,49.35,54.56,19.96,4.61,4,514,17.24
2026-06-06 06:10:50,1551.76,68.29,69.09,58.91,20.38,3.56,4,500,17.22
2026-06-06 06:11:50,1734.41,61.01,77.36,35.85,19.84,2.96,4,544,16.46
2026-06-06 06:12:50,1093.62,31.34,50.94,59.58,12.32,5.25,5,283,9.68
2026-06-06 06:13:50,1428.61,73.93,27.7,45.99,21.54,6.33,6,434,19.55
2026-06-06 06:14:50,1247.19,81.32,41.37,68.38,22.23,5.89,6,408,19.32
2026-06-06 06:15:50,1039.67,87.24,37.35,49.6,21.12,6.27,6,351,20.28
2026-06-06 06:16:50,1398.66,81.14,62.83,46.6,21.71,3.51,3,473,20.05
2026-06-06 06:17:50,908.37,94.13,31.9,51.96,23.44,6.78,5,315,22.17
2026-06-06 06:18:50,1317.55,44.19,48.82,42.52,14.7,5.24,6,389,11.88
2026-06-06 06:19:50,1008.66,62.92,32.66,41.5,17.92,6.12,5,332,16.06
2026-06-06 06:20:50,1188.14,82.11,48.24,53.64,21.41,4.85,4,414,19.06
2026-06-06 06:21:50,1596.42,93.32,76.04,68.78,25.57,3.22,3,557,22.05
2026-06-06 06:22:50,1072.22,98.99,47.98,56.54,24.85,4.71,5,395,23.3
2026-06-06 06:23:50,1432.26,62.94,44.92,63.2,19.46,4.95,5,458,16.72
2026-06-06 06:24:50,1654.61,66.93,60.28,34.73,20.38,4.17,3,544,16.87
2026-06-06 06:25:50,917.95,45.2,71.4,50.24,13.48,2.92,3,272,12.28
2026-06-06 06:26:50,932.98,35.16,28.14,50.82,12.84,7.15,7,240,11.21
2026-06-06 06:27:50,1228.63,70.08,64.52,30.77,19.61,4.3,4,396,16.48
2026-06-06 06:28:50,1040.6,74.91,69.63,65.98,20.21,3.89,3,372,17.54
2026-06-06 06:29:50,1205.33,83.51,69.34,31.52,22.18,3.54,3,408,19.58
2026-06-06 06:30:50,1690.96,89.53,92.31,52.19,23.97,1.66,1,578,22.08
2026-06-06 06:31:50,1361.38,54.46,41.55,55.96,17.08,5.65,6,404,14.5
2026-06-06 06:32:50,1314.75,79.93,75.29,68.12,22.0,3.3,3,441,19.89
2026-06-06 06:33:50,1793.13,69.26,20.86,34.68,21.06,7.56,7,539,17.81
2026-06-06 06:34:50,1364.13,44.68,86.76,55.69,16.24,1.89,3,423,12.5
2026-06-06 06:35:50,1515.02,85.21,66.38,67.5,23.39,3.85,4,517,19.98
2026-06-06 06:36:50,1450.84,50.45,56.19,61.3,16.12,4.3,4,426,13.33
2026-06-06 06:37:50,1577.79,90.49,92.86,41.47,24.07,1.7,2,555,21.02
2026-06-06 06:38:50,1390.77,67.93,50.18,53.47,19.77,4.84,4,464,16.3
2026-06-06 06:39:50,1323.88,85.72,49.66,37.29,23.22,4.73,4,441,19.94
2026-06-06 06:40:50,1060.81,92.74,61.37,30.55,23.08,4.09,3,381,22.16
2026-06-06 06:41:50,1520.16,72.68,96.13,47.69,21.1,1.42,2,500,18.72
2026-06-06 06:42:50,1206.18,82.68,45.45,64.49,22.71,5.31,5,395,21.18
2026-06-06 06:43:50,1256.56,34.43,75.93,44.89,13.07,2.8,2,375,10.95
2026-06-06 06:44:50,1440.59,32.84,33.3,58.87,14.47,6.68,5,393,10.39
2026-06-06 06:45:50,1344.92,58.34,20.37,43.44,18.3,7.35,6,380,16.25
2026-06-06 06:46:50,1532.47,96.04,71.04,65.97,24.69,3.58,4,548,23.15
2026-06-06 06:47:50,1708.95,65.29,70.73,64.1,20.45,3.1,4,543,18.2
2026-06-06 06:48:50,1209.49,65.77,85.62,34.19,18.77,2.19,2,410,15.64
2026-06-06 06:49:50,1392.33,37.99,77.65,64.96,13.57,2.51,2,416,10.68
2026-06-06 06:50:50,1173.82,83.12,72.36,63.01,21.53,3.49,4,409,19.59
2026-06-06 06:51:50,1632.97,97.87,70.72,42.04,25.61,3.8,4,561,23.42
2026-06-06 06:52:50,937.35,88.9,42.79,32.65,20.83,5.19,5,346,18.86
2026-06-06 06:53:50,1799.0,59.17,28.14,31.58,19.93,6.49,5,551,16.47
2026-06-06 06:54:50,1692.61,99.51,39.84,39.86,27.47,5.72,5,584,24.26
2026-06-06 06:55:50,1372.66,93.95,95.69,50.61,24.96,1.33,2,518,22.84
2026-06-06 06:56:50,1695.58,83.24,91.56,31.4,23.93,1.96,2,581,20.63
2026-06-06 06:57:50,1247.31,77.08,89.76,39.19,21.81,2.19,2,435,19.21
2026-06-06 06:58:50,1608.05,36.21,95.07,39.71,14.81,0.95,2,491,11.66
2026-06-06 06:59:50,1380.7,47.05,25.4,43.9,16.29,7.26,6,387,13.97
2026-06-06 07:00:50,925.68,34.98,21.65,46.8,11.25,7.04,6,232,9.5
2026-06-06 07:01:50,1198.01,45.12,59.25,44.63,15.64,4.14,4,339,12.62
2026-06-06 07:02:50,904.78,57.45,30.25,51.26,16.7,6.6,6,252,14.09
2026-06-06 07:03:50,1501.27,48.33,21.74,60.36,17.48,7.54,7,404,15.19
2026-06-06 07:04:50,1499.13,93.7,20.15,40.67,24.58,7.68,7,469,21.76
2026-06-06 07:05:50,1308.07,39.07,87.05,59.66,13.62,1.87,2,393,11.33
2026-06-06 07:06:50,1544.63,32.3,81.66,32.22,13.02,2.34,2,455,9.9
2026-06-06 07:07:50,1471.35,40.15,72.83,50.13,15.82,3.16,3,452,12.62
2026-06-06 07:08:50,1654.72,50.93,44.94,41.32,17.57,4.97,4,492,15.54
2026-06-06 07:09:50,1746.77,85.21,22.89,65.04,24.28,7.31,6,533,21.65
2026-06-06 07:10:50,1020.98,47.11,91.3,47.42,14.32,1.47,2,353,12.8
2026-06-06 07:11:50,1635.14,57.13,99.25,47.0,18.52,0.96,2,505,15.52
2026-06-06 07:12:50,1078.4,64.04,98.78,37.08,18.22,0.61,2,371,16.83
2026-06-06 07:13:50,1106.84,33.86,32.03,51.39,12.01,6.33,5,300,9.69
2026-06-06 07:14:50,1545.09,75.46,40.31,53.65,22.0,5.98,6,485,18.69
2026-06-06 07:15:50,1132.15,84.87,99.41,39.56,22.33,0.59,0,447,20.99
2026-06-06 07:16:50,1487.21,61.97,94.91,67.94,19.52,1.79,2,504,17.44
2026-06-06 07:17:50,1674.92,74.4,96.31,55.94,21.58,1.14,1,559,17.96
2026-06-06 07:18:50,1657.85,40.36,76.02,52.7,15.79,2.77,3,508,12.49
2026-06-06 07:19:50,1359.42,30.49,24.87,42.43,13.45,6.84,7,353,11.09
2026-06-06 07:20:50,1671.68,94.02,20.91,38.55,25.6,7.4,6,537,23.65
2026-06-06 07:21:50,1067.24,86.47,60.58,40.79,21.8,4.13,5,392,20.72
2026-06-06 07:22:50,1695.58,80.25,88.32,64.45,23.87,2.11,3,553,20.95
2026-06-06 07:23:50,1210.93,66.63,66.95,64.16,18.12,3.18,3,423,16.06
2026-06-06 07:24:50,1193.15,87.57,49.78,41.34,22.01,5.16,5,421,19.86
2026-06-06 07:25:50,966.05,63.82,23.09,69.13,16.78,7.01,7,272,14.98
2026-06-06 07:26:50,1198.85,53.92,54.37,62.04,16.9,4.28,3,372,14.79
2026-06-06 07:27:50,1676.08,76.35,23.26,58.53,23.11,7.16,7,525,20.04
2026-06-06 07:28:50,1076.8,80.78,91.01,54.24,20.05,1.74,3,385,19.04
2026-06-06 07:29:50,1311.43,84.08,90.61,69.6,22.16,1.37,1,492,19.17
2026-06-06 07:30:50,1455.07,59.65,84.34,53.33,18.42,2.25,1,491,15.1
2026-06-06 07:31:50,976.96,85.14,77.96,38.62,20.56,3.08,3,361,18.38
2026-06-06 07:32:50,1262.27,41.12,40.16,32.21,14.41,5.67,5,362,11.81
2026-06-06 07:33:50,1581.82,58.71,47.23,43.63,18.06,4.8,4,494,15.24
2026-06-06 07:34:50,1261.26,85.08,61.67,35.92,22.9,4.07,4,429,19.92
2026-06-06 07:35:50,1359.87,76.53,93.85,64.44,20.71,1.65,2,485,18.64
2026-06-06 07:36:50,1149.65,90.92,20.43,61.72,23.11,7.32,7,396,20.52
2026-06-06 07:37:50,949.32,48.84,42.61,60.03,15.18,5.99,5,266,13.95
2026-06-06 07:38:50,1477.3,42.22,37.23,61.74,15.7,5.88,6,430,13.0
2026-06-06 07:39:50,980.34,58.17,46.92,62.72,15.56,4.79,5,291,13.81
2026-06-06 07:40:50,1629.48,86.37,35.99,47.47,23.66,6.35,5,530,20.54
2026-06-06 07:41:50,1235.48,34.66,51.0,54.87,14.11,5.06,5,328,11.72
2026-06-06 07:42:50,1294.87,39.29,58.23,68.95,14.07,4.11,4,396,11.9
2026-06-06 07:43:50,1420.61,68.57,74.65,56.21,20.86,2.92,3,465,18.83
2026-06-06 07:44:50,1270.05,97.23,95.15,69.26,24.15,1.37,1,471,21.9
2026-06-06 07:45:50,959.32,75.7,58.33,37.19,19.74,4.36,3,344,17.9
2026-06-06 07:46:50,1035.44,91.99,84.6,65.88,23.38,2.36,2,406,21.59
2026-06-06 07:47:50,1465.48,48.81,48.58,34.88,16.68,5.01,5,439,13.83
2026-06-06 07:48:50,1424.77,96.61,28.33,45.66,24.74,6.88,7,477,23.26
2026-06-06 07:49:50,1762.6,82.98,30.81,48.0,23.48,6.35,7,537,21.55
2026-06-06 07:50:50,1523.79,31.88,66.87,48.15,13.43,3.23,4,428,10.04
2026-06-06 07:51:50,912.73,84.56,29.59,32.95,21.66,6.83,7,289,19.15
2026-06-06 07:52:50,1433.5,59.26,55.55,60.55,19.17,4.44,3,471,16.34
2026-06-06 07:53:50,1405.07,80.85,89.12,31.6,21.3,1.6,2,509,19.26
2026-06-06 07:54:50,1279.54,54.5,43.57,53.51,16.29,5.86,6,360,13.39
2026-06-06 07:55:50,1780.63,54.55,52.68,53.2,18.93,4.31,4,555,16.51
2026-06-06 07:56:50,1493.09,79.0,28.36,51.7,22.25,7.05,5,480,20.63
2026-06-06 07:57:50,943.22,54.08,22.47,43.23,15.21,6.72,6,291,12.58
2026-06-06 07:58:50,1117.3,33.03,22.71,52.33,11.55,6.72,5,288,10.37
2026-06-06 07:59:50,1606.06,62.34,97.54,64.4,19.78,1.68,2,531,17.03
2026-06-06 08:00:50,910.04,92.3,98.31,42.12,22.51,0.76,2,364,20.16
2026-06-06 08:01:50,1465.62,49.21,23.62,44.63,17.58,7.26,6,416,14.67
2026-06-06 08:02:50,1391.96,86.84,80.8,57.89,23.74,2.21,2,484,20.37
2026-06-06 08:03:50,1428.96,39.32,29.29,56.28,14.34,6.24,6,377,11.2
2026-06-06 08:04:50,1553.0,99.61,40.38,56.79,26.14,5.35,4,522,23.78
2026-06-06 08:05:50,1343.66,94.3,46.35,40.64,24.28,5.62,5,472,22.37
2026-06-06 08:06:50,1101.16,70.76,28.93,47.96,19.42,6.2,6,333,16.55
2026-06-06 08:07:50,1788.48,61.39,55.34,38.22,19.8,4.43,4,559,17.13
2026-06-06 08:08:50,1069.44,75.59,75.65,36.97,20.0,3.1,3,395,17.55
2026-06-06 08:09:50,1176.43,55.06,90.77,69.77,15.95,1.4,1,411,13.15
2026-06-06 08:10:50,1051.62,86.05,21.4,40.7,22.54,7.18,7,330,20.86
2026-06-06 08:11:50,927.97,52.89,57.56,32.72,14.67,4.54,4,277,13.42
2026-06-06 08:12:50,1031.1,64.8,31.54,30.63,17.3,6.48,5,309,14.87
2026-06-06 08:13:50,1064.42,90.83,48.91,67.91,21.81,5.53,6,354,19.97
2026-06-06 08:14:50,1115.25,82.81,27.42,51.28,20.71,6.35,5,393,19.05
2026-06-06 08:15:50,1625.65,38.73,78.14,39.0,15.41,2.72,3,472,12.25
2026-06-06 08:16:50,1551.44,44.84,53.71,45.91,15.39,5.1,5,463,12.96
2026-06-06 08:17:50,1347.49,61.45,67.58,58.08,18.28,4.0,3,423,15.49
2026-06-06 08:18:50,1086.18,62.66,30.12,60.8,18.32,6.49,6,340,16.39
2026-06-06 08:19:50,1465.05,37.08,22.79,39.5,13.64,7.46,7,385,10.79
2026-06-06 08:20:50,1020.45,77.04,92.96,40.14,20.45,1.95,2,388,17.63
2026-06-06 08:21:50,1464.21,94.15,69.22,47.96,23.9,3.19,4,499,22.66
2026-06-06 08:22:50,1091.05,35.01,48.7,69.59,11.74,4.7,5,288,9.67
2026-06-06 08:23:50,1383.94,51.3,30.28,62.79,16.84,6.43,5,424,13.69
2026-06-06 08:24:50,1507.78,63.23,85.72,64.49,19.67,2.28,3,479,16.34
2026-06-06 08:25:50,1281.98,84.37,25.41,61.6,21.69,6.9,6,422,19.92
2026-06-06 08:26:50,1321.55,53.68,94.02,39.69,17.38,1.52,1,427,14.07
2026-06-06 08:27:50,1338.48,80.58,44.16,36.49,20.93,5.28,4,433,18.64
2026-06-06 08:28:50,1794.03,39.08,35.84,38.22,15.92,6.23,6,498,11.68
2026-06-06 08:29:50,1713.43,42.63,40.25,68.09,15.96,5.56,6,489,12.51
2026-06-06 08:30:50,1470.25,66.45,75.54,63.31,19.84,2.46,2,483,17.58
2026-06-06 08:31:50,1020.19,59.37,29.86,51.01,17.18,6.6,6,321,14.08
2026-06-06 08:32:50,1502.57,89.11,70.94,56.93,24.95,2.85,3,524,22.73
2026-06-06 08:33:50,1733.62,37.37,64.43,49.09,15.38,3.38,3,491,11.26
2026-06-06 08:34:50,1051.33,59.38,21.75,42.0,16.74,7.41,6,305,15.66
2026-06-06 08:35:50,1501.72,43.16,73.41,43.79,15.51,2.7,2,473,12.35
2026-06-06 08:36:50,1270.9,96.36,76.87,46.1,23.69,2.4,2,492,22.58
2026-06-06 08:37:50,1614.37,47.21,38.14,59.27,17.17,5.98,6,467,13.61
2026-06-06 08:38:50,1106.04,82.79,37.61,43.69,21.3,6.29,6,357,20.23
2026-06-06 08:39:50,1058.74,37.28,24.72,35.96,13.62,7.02,5,297,12.13
2026-06-06 08:40:50,977.62,60.69,94.78,34.77,17.83,1.67,2,353,15.82
2026-06-06 08:41:50,1160.21,95.39,88.47,59.44,22.93,1.58,3,438,20.59
2026-06-06 08:42:50,1276.87,86.66,81.07,62.79,23.05,2.96,3,473,20.78
2026-06-06 08:43:50,1700.29,69.39,39.8,34.85,20.36,6.06,5,503,18.44
2026-06-06 08:44:50,1450.29,58.72,53.49,47.74,17.97,4.84,4,466,14.65
2026-06-06 08:45:50,1096.3,72.57,91.06,56.26,20.06,1.92,2,376,18.13
2026-06-06 08:46:50,967.25,47.73,81.87,37.06,14.4,2.74,2,298,11.65
2026-06-06 08:47:50,1242.18,33.17,40.12,69.7,12.11,5.8,6,344,10.8
2026-06-06 08:48:50,1282.82,98.82,47.07,57.34,24.0,4.77,5,444,22.77
2026-06-06 08:49:50,965.12,56.94,79.82,63.02,16.68,2.45,2,334,15.04
2026-06-06 08:50:50,973.97,98.69,74.9,68.2,24.29,2.73,2,392,22.68
2026-06-06 08:51:50,1722.52,41.09,46.91,64.58,16.79,5.23,5,492,12.83
2026-06-06 08:52:50,1121.83,94.22,79.96,59.76,22.54,2.11,3,410,20.55
2026-06-06 08:53:50,959.0,43.92,40.12,54.19,13.15,5.66,4,270,11.62
2026-06-06 08:54:50,1636.28,87.08,90.67,42.21,24.35,1.81,1,576,21.7
2026-06-06 08:55:50,1217.8,70.73,40.71,66.63,19.08,5.94,5,377,18.1
2026-06-06 08:56:50,1196.83,33.12,24.24,51.39,11.75,6.59,6,328,8.83
2026-06-06 08:57:50,1729.26,92.92,69.23,36.5,25.16,3.69,4,580,22.62
2026-06-06 08:58:50,986.82,51.84,43.13,63.19,14.7,5.2,4,298,13.25
2026-06-06 08:59:50,1780.57,87.63,62.99,46.19,24.93,3.74,4,589,21.17
2026-06-06 09:00:50,1107.79,83.29,60.15,58.68,21.74,4.31,3,386,20.7
2026-06-06 09:01:50,1565.47,87.28,98.78,65.71,23.83,1.09,1,555,21.43
2026-06-06 09:02:50,1464.31,63.47,48.74,36.27,18.77,5.54,4,455,15.36
2026-06-06 09:03:50,1611.65,82.94,61.43,58.14,23.27,4.19,3,537,20.23
2026-06-06 09:04:50,1107.84,58.71,47.84,46.06,16.48,4.99,4,337,15.21
2026-06-06 09:05:50,1221.62,38.07,78.16,51.56,14.01,2.7,2,382,10.78
2026-06-06 09:06:50,1221.3,93.3,76.35,49.11,23.07,3.08,3,444,21.8
2026-06-06 09:07:50,1537.84,38.33,47.82,54.74,14.53,5.65,5,416,11.87
2026-06-06 09:08:50,1669.76,91.27,67.27,51.85,25.94,3.5,3,563,21.91
2026-06-06 09:09:50,1593.1,58.11,31.7,55.61,17.89,6.43,6,478,14.87
2026-06-06 09:10:50,1314.05,37.91,41.85,65.96,13.27,5.54,5,358,10.67
2026-06-06 09:11:50,1047.81,70.19,63.03,37.36,17.92,4.19,3,380,15.62
2026-06-06 09:12:50,1669.38,39.71,44.18,34.32,15.67,5.6,5,468,12.02
2026-06-06 09:13:50,1270.48,36.53,39.67,52.09,13.44,5.46,6,356,10.7
2026-06-06 09:14:50,1333.11,96.71,89.69,62.59,25.16,1.7,1,508,23.6
2026-06-06 09:15:50,1764.75,88.91,66.99,50.18,25.6,3.33,4,580,23.37
2026-06-06 09:16:50,1162.88,94.56,46.24,41.64,23.59,5.11,5,417,21.68
2026-06-06 09:17:50,1263.87,73.09,55.39,55.93,19.66,4.39,5,395,17.33
2026-06-06 09:18:50,1435.29,36.31,98.85,58.77,15.01,0.77,1,450,12.23
2026-06-06 09:19:50,1170.03,57.98,66.83,41.73,17.0,3.16,3,367,13.95
2026-06-06 09:20:50,1529.5,54.08,26.17,69.42,17.15,6.82,6,458,15.38
2026-06-06 09:21:50,1223.41,97.23,52.67,36.75,24.87,4.38,3,451,22.54
2026-06-06 09:22:50,1277.9,77.25,95.67,66.15,21.69,1.81,3,457,18.84
2026-06-06 09:23:50,929.4,71.33,37.33,34.66,18.61,6.34,6,288,17.41
2026-06-06 09:24:50,925.6,33.25,91.84,62.1,12.48,1.7,2,296,10.1
2026-06-06 09:25:50,1132.56,49.19,33.46,37.06,15.5,5.95,5,322,12.6
2026-06-06 09:26:50,1516.82,94.28,82.28,33.35,25.81,1.96,2,548,23.75
2026-06-06 09:27:50,1436.45,37.13,61.98,35.15,13.64,3.68,3,404,10.34
2026-06-06 09:28:50,1258.28,95.73,66.85,41.13,23.57,3.25,3,458,22.44
2026-06-06 09:29:50,1507.19,98.14,87.46,67.3,26.62,1.65,2,549,24.21
2026-06-06 09:30:50,1207.06,63.75,35.43,47.28,17.67,6.27,6,361,15.52
2026-06-06 09:31:50,1738.17,91.62,84.44,51.97,25.46,2.38,2,615,22.94
2026-06-06 09:32:50,1337.32,95.97,49.18,35.81,24.07,5.39,6,454,21.25
2026-06-06 09:33:50,1204.22,66.91,57.49,30.36,19.25,4.76,4,392,16.58
2026-06-06 09:34:50,1147.02,84.3,86.01,56.46,21.17,1.82,1,440,19.68
2026-06-06 09:35:50,1345.89,77.36,91.55,63.29,20.32,1.48,1,498,17.4
2026-06-06 09:36:50,1276.04,59.62,37.23,42.05,17.87,6.02,5,378,16.28
2026-06-06 09:37:50,936.0,75.0,41.95,57.33,18.67,5.46,5,304,17.3
2026-06-06 09:38:50,1422.25,83.73,30.45,69.36,23.65,6.19,5,456,20.95
2026-06-06 09:39:50,1724.07,91.51,52.37,52.85,25.22,4.45,4,575,23.1
2026-06-06 09:40:50,1403.89,85.71,63.51,53.53,22.25,3.67,3,493,20.46
2026-06-06 09:41:50,1492.35,82.72,42.57,69.8,23.47,5.56,5,466,21.0
2026-06-06 09:42:50,1362.56,56.94,85.88,66.87,18.17,2.58,3,434,14.84
2026-06-06 09:43:50,1149.94,34.43,50.35,31.14,12.35,4.76,5,302,10.82
2026-06-06 09:44:50,1356.84,88.48,43.58,59.78,23.14,5.47,5,442,20.51
2026-06-06 09:45:50,1360.31,44.42,65.53,67.11,14.52,3.97,4,414,12.89
2026-06-06 09:46:50,1245.88,97.5,68.08,59.41,24.06,3.34,3,446,23.17
2026-06-06 09:47:50,1077.98,68.47,88.13,50.74,18.12,2.26,3,377,16.65
2026-06-06 09:48:50,1743.93,53.13,90.66,59.44,18.17,2.01,2,545,15.71
2026-06-06 09:49:50,1542.44,34.44,79.52,50.13,15.05,2.41,1,475,11.84
2026-06-06 09:50:50,1081.64,44.0,31.97,60.86,14.98,6.42,6,288,12.51
2026-06-06 09:51:50,1179.46,77.1,24.89,31.77,20.14,6.72,6,395,18.25
2026-06-06 09:52:50,1001.83,43.06,53.87,65.01,14.03,4.38,4,304,11.8
2026-06-06 09:53:50,1484.25,48.32,79.83,44.79,16.61,2.27,3,443,13.74
2026-06-06 09:54:50,1648.82,63.5,75.26,63.66,19.79,3.38,3,506,17.78
2026-06-06 09:55:50,1239.43,85.19,58.33,60.55,22.13,4.81,5,423,20.34
2026-06-06 09:56:50,1143.23,87.65,31.06,49.34,21.42,6.37,6,371,18.9
2026-06-06 09:57:50,1161.62,49.41,92.23,48.36,15.27,1.69,2,385,13.59
2026-06-06 09:58:50,1209.31,51.99,65.13,55.99,15.82,3.53,3,387,14.65
2026-06-06 09:59:50,1458.41,97.02,57.76,61.32,25.61,4.65,5,511,23.04
2026-06-06 10:00:50,1116.05,69.43,54.11,38.52,19.6,4.43,4,372,16.44
2026-06-06 10:01:50,1449.06,97.57,94.85,51.43,25.54,1.83,2,537,23.78
2026-06-06 10:02:50,962.91,75.21,40.12,57.42,18.94,6.25,5,318,16.9
2026-06-06 10:03:50,1152.45,88.59,59.77,55.31,22.87,3.89,3,404,20.51
2026-06-06 10:04:50,1706.81,59.79,92.01,33.71,18.94,1.49,1,554,15.95
2026-06-06 10:05:50,1018.68,49.6,45.14,57.79,15.43,5.22,5,312,12.78
2026-06-06 10:06:50,1145.14,64.32,39.63,60.95,17.38,6.19,6,342,16.32
2026-06-06 10:07:50,1127.9,47.99,37.6,63.56,15.34,6.1,6,326,12.84
2026-06-06 10:08:50,1156.85,59.02,61.62,60.68,17.12,4.09,4,352,15.96
2026-06-06 10:09:50,1739.58,39.19,65.79,44.69,15.33,4.16,3,520,12.82
2026-06-06 10:10:50,1255.12,70.6,25.96,59.95,20.02,7.2,6,395,17.99
2026-06-06 10:11:50,1637.04,57.88,41.71,34.74,19.48,5.77,4,481,16.68
2026-06-06 10:12:50,1496.33,60.74,36.87,34.06,18.12,5.96,5,463,15.12
2026-06-06 10:13:50,977.98,43.14,81.24,45.9,13.86,2.97,2,309,12.35
2026-06-06 10:14:50,1193.43,73.84,81.33,54.59,19.76,2.8,3,401,17.54
2026-06-06 10:15:50,901.78,59.2,25.52,65.36,16.44,6.88,6,253,14.62
2026-06-06 10:16:50,1145.52,57.24,46.25,50.73,17.35,5.49,5,347,15.62
2026-06-06 10:17:50,1355.26,50.94,37.2,63.21,16.36,6.11,5,379,13.1
2026-06-06 10:18:50,1763.2,97.9,26.79,41.34,27.14,6.55,6,586,24.66
2026-06-06 10:19:50,1163.07,61.52,38.54,35.09,16.74,5.93,6,338,15.92
2026-06-06 10:20:50,1341.74,86.49,93.79,35.05,22.37,1.45,2,478,20.62
2026-06-06 10:21:50,1264.48,69.48,60.0,52.92,19.06,3.7,3,415,17.37
2026-06-06 10:22:50,953.76,45.2,97.69,67.62,13.07,1.12,2,317,10.68
2026-06-06 10:23:50,1173.61,78.07,99.75,66.37,21.1,1.12,1,433,18.07
2026-06-06 10:24:50,1627.96,37.24,40.7,41.68,14.98,6.02,5,452,11.18
2026-06-06 10:25:50,1385.31,65.58,71.41,36.84,19.46,3.48,2,471,17.23
2026-06-06 10:26:50,1252.39,46.84,76.0,35.25,16.01,3.04,3,397,13.7
2026-06-06 10:27:50,1162.94,82.15,26.02,49.21,20.46,7.41,7,381,19.27
2026-06-06 10:28:50,1591.45,35.12,21.8,49.16,13.81,7.72,8,415,10.26
2026-06-06 10:29:50,1491.38,90.05,23.82,35.48,24.55,7.06,7,469,21.94
2026-06-06 10:30:50,1646.59,37.87,78.98,53.55,15.86,2.99,3,476,11.71
2026-06-06 10:31:50,1708.85,40.29,99.44,44.74,15.96,0.9,0,538,12.42
2026-06-06 10:32:50,1612.4,43.32,61.78,47.34,16.9,3.74,3,463,14.56
2026-06-06 10:33:50,1392.06,79.22,87.5,59.96,22.26,1.71,2,478,20.13
2026-06-06 10:34:50,1764.82,60.2,77.72,69.83,19.18,2.85,2,577,16.43
2026-06-06 10:35:50,1198.49,74.3,41.78,57.22,20.5,6.11,5,385,18.24
2026-06-06 10:36:50,910.85,41.29,25.37,57.37,13.4,6.61,6,253,11.71
2026-06-06 10:37:50,1211.12,82.53,54.77,31.21,21.29,4.81,4,417,19.67
2026-06-06 10:38:50,933.27,46.39,96.95,30.91,14.91,1.44,2,311,12.94
2026-06-06 10:39:50,940.07,34.89,40.18,63.56,11.26,6.27,5,243,8.63
2026-06-06 10:40:50,925.82,54.41,70.38,54.21,14.82,3.09,2,311,13.03
2026-06-06 10:41:50,1563.3,40.05,92.35,34.74,15.95,1.62,2,459,12.98
2026-06-06 10:42:50,1088.84,44.05,56.2,61.36,13.3,4.55,4,316,11.72
2026-06-06 10:43:50,1041.51,96.83,68.01,61.44,24.53,3.48,4,388,21.7
2026-06-06 10:44:50,1540.5,75.34,82.97,47.83,21.65,2.33,2,516,18.54
2026-06-06 10:45:50,1233.32,65.25,37.61,44.75,18.36,6.05,5,382,16.39
2026-06-06 10:46:50,1758.47,80.21,95.05,55.11,23.99,1.26,1,608,21.62
2026-06-06 10:47:50,1767.41,76.84,91.51,40.04,22.96,1.99,2,599,20.01
2026-06-06 10:48:50,1411.53,40.79,71.27,55.14,14.18,3.43,3,435,11.65
2026-06-06 10:49:50,1766.65,43.19,38.19,33.52,16.56,6.15,5,519,14.17
2026-06-06 10:50:50,1512.73,69.89,76.8,36.21,20.33,2.42,3,483,17.95
2026-06-06 10:51:50,1212.65,58.26,85.15,56.92,17.72,2.58,4,388,15.02
2026-06-06 10:52:50,1778.82,93.72,62.23,54.41,26.49,4.17,4,585,24.04
2026-06-06 10:53:50,1166.92,75.23,92.09,34.34,19.41,2.0,3,404,18.07
2026-06-06 10:54:50,1794.97,69.47,52.36,55.27,21.59,4.82,5,541,19.28
2026-06-06 10:55:50,1343.45,91.87,27.65,39.58,24.33,6.36,6,463,21.28
2026-06-06 10:56:50,1291.06,69.53,30.67,54.39,19.88,6.21,5,419,17.61
2026-06-06 10:57:50,1353.1,57.62,91.26,35.77,18.35,2.0,2,458,16.48
2026-06-06 10:58:50,943.71,52.74,21.56,59.13,15.59,7.7,6,267,13.83
2026-06-06 10:59:50,1555.47,50.76,44.33,69.31,17.35,5.75,4,443,14.69
2026-06-06 11:00:50,1072.3,83.57,98.66,53.91,21.47,1.24,1,402,20.28
2026-06-06 11:01:50,1140.36,88.58,78.1,47.8,21.81,2.82,3,435,20.97
2026-06-06 11:02:50,1410.65,62.14,70.61,34.01,18.88,2.88,2,445,15.94
2026-06-06 11:03:50,1517.01,58.31,30.91,45.33,19.36,6.26,5,456,15.32
2026-06-06 11:04:50,1329.28,60.62,25.6,67.78,17.44,6.74,5,395,15.63
2026-06-06 11:05:50,1134.87,52.85,78.71,48.37,15.95,2.49,2,364,14.07
2026-06-06 11:06:50,1666.91,47.67,86.36,58.59,17.74,1.79,2,513,14.93
2026-06-06 11:07:50,1233.65,81.77,72.46,68.56,22.56,3.5,4,419,20.44
2026-06-06 11:08:50,1394.11,65.87,56.04,51.55,19.19,4.02,3,458,16.25
2026-06-06 11:09:50,1122.53,41.72,64.22,64.72,14.38,4.07,3,321,12.22
2026-06-06 11:10:50,1043.48,63.2,87.25,34.46,18.18,2.37,3,349,16.37
2026-06-06 11:11:50,1039.95,32.94,61.75,37.25,12.95,4.32,3,306,10.38
2026-06-06 11:12:50,1125.18,35.73,28.45,46.92,13.1,6.42,5,298,10.61
2026-06-06 11:13:50,1516.7,95.49,42.75,31.4,24.92,5.14,4,532,21.62
2026-06-06 11:14:50,1597.05,44.61,79.08,60.76,17.29,2.65,2,471,13.03
2026-06-06 11:15:50,1255.64,52.88,35.86,34.12,15.68,6.36,7,348,13.25
2026-06-06 11:16:50,1739.08,96.5,73.88,66.24,26.53,2.96,3,612,23.96
2026-06-06 11:17:50,1062.62,77.0,33.46,58.01,19.96,5.98,6,348,17.59
2026-06-06 11:18:50,1077.87,63.39,34.52,53.72,17.34,6.24,5,330,14.74
2026-06-06 11:19:50,1402.12,62.21,80.27,37.45,19.15,2.11,2,448,15.5
2026-06-06 11:20:50,1130.8,41.97,69.62,39.69,13.45,3.05,3,351,11.82
2026-06-06 11:21:50,947.49,84.06,89.69,34.28,20.09,1.88,1,360,18.96
2026-06-06 11:22:50,1232.14,35.29,88.65,57.92,13.16,2.32,3,364,11.47
2026-06-06 11:23:50,1711.92,35.25,46.27,48.87,14.82,4.88,5,469,10.89
2026-06-06 11:24:50,1143.23,36.23,83.14,44.43,13.98,2.14,2,347,11.41
2026-06-06 11:25:50,1115.77,52.33,28.2,48.04,14.93,6.41,6,326,13.16
2026-06-06 11:26:50,1009.55,81.75,66.87,39.42,20.32,4.05,4,365,18.46
2026-06-06 11:27:50,1147.95,90.9,30.15,48.33,23.51,6.59,5,414,21.57
2026-06-06 11:28:50,1027.24,37.48,96.63,62.29,13.36,1.28,2,332,10.21
2026-06-06 11:29:50,1697.83,59.42,91.51,63.82,18.99,2.02,2,547,15.29
2026-06-06 11:30:50,1043.35,71.12,44.85,46.25,19.65,5.71,6,348,17.95
2026-06-06 11:31:50,960.18,82.24,28.65,37.39,19.82,6.31,6,319,19.08
2026-06-06 11:32:50,969.14,53.89,77.79,34.83,15.83,2.57,2,320,13.33
2026-06-06 11:33:50,1225.92,31.19,43.83,43.84,12.67,5.07,5,329,10.0
2026-06-06 11:34:50,1650.1,88.0,47.89,41.6,25.44,5.16,6,525,23.29
2026-06-06 11:35:50,1507.86,85.96,63.54,33.79,24.35,4.06,5,498,21.26
2026-06-06 11:36:50,1116.93,64.52,94.96,39.0,17.62,1.71,2,378,14.75
2026-06-06 11:37:50,1056.34,53.47,86.34,47.05,15.15,2.57,3,327,13.47
2026-06-06 11:38:50,1452.59,35.15,76.72,57.26,14.46,3.03,2,427,12.18
2026-06-06 11:39:50,1415.8,54.25,72.21,64.42,18.34,2.83,3,438,15.14
2026-06-06 11:40:50,1208.83,80.94,37.36,57.01,20.44,6.44,5,418,18.56
2026-06-06 11:41:50,1791.46,39.21,80.58,40.43,16.42,2.61,2,523,13.82
2026-06-06 11:42:50,1065.9,77.68,58.03,48.02,20.92,4.0,4,361,18.14
2026-06-06 11:43:50,1251.54,39.4,82.81,41.45,13.39,1.98,2,405,10.54
2026-06-06 11:44:50,1528.99,87.91,51.72,36.76,23.02,5.01,4,528,21.25
2026-06-06 11:45:50,1300.39,82.64,47.11,33.25,21.89,4.95,4,424,19.44
2026-06-06 11:46:50,1727.35,77.98,47.55,67.93,22.07,5.3,5,538,19.17
2026-06-06 11:47:50,1648.64,97.37,84.68,43.7,25.2,2.64,2,596,23.17
2026-06-06 11:48:50,989.6,60.1,69.45,34.14,16.96,3.12,4,309,15.12
2026-06-06 11:49:50,1071.27,76.16,29.98,62.5,20.36,6.48,5,338,18.78
2026-06-06 11:50:50,903.48,32.06,39.13,55.93,10.59,5.83,5,227,9.14
2026-06-06 11:51:50,1337.46,38.16,20.63,35.41,15.05,6.99,6,356,11.97
2026-06-06 11:52:50,1397.0,88.38,26.79,40.19,22.67,7.1,7,451,20.86
2026-06-06 11:53:50,1737.11,53.43,51.41,69.35,17.77,4.64,5,515,15.68
2026-06-06 11:54:50,1303.7,98.88,59.69,47.65,24.8,4.69,4,463,23.7
2026-06-06 11:55:50,1664.07,84.43,79.1,48.41,24.34,2.34,3,558,22.33
2026-06-06 11:56:50,1458.91,85.94,67.39,45.51,24.12,3.8,3,511,22.27
2026-06-06 11:57:50,1016.22,72.32,55.56,62.93,19.45,4.19,3,362,17.22
2026-06-06 11:58:50,1380.33,81.36,58.06,45.67,22.49,4.07,4,469,20.21
2026-06-06 11:59:50,1280.74,33.82,85.82,48.53,13.15,2.12,2,381,10.34
2026-06-06 12:00:50,1068.77,36.39,28.44,40.7,13.04,6.58,7,272,10.86
2026-06-06 12:01:50,1509.23,55.36,49.62,63.95,18.32,4.8,4,459,14.99
2026-06-06 12:02:50,1365.74,42.77,26.34,49.31,16.1,6.43,6,364,13.76
2026-06-06 12:03:50,1483.11,46.85,63.27,61.84,16.6,3.59,3,440,14.05
2026-06-06 12:04:50,1488.03,73.23,67.88,46.0,21.51,3.92,3,477,17.93
2026-06-06 12:05:50,1657.37,44.18,63.51,44.4,16.77,3.93,4,488,14.45
2026-06-06 12:06:50,1093.2,91.36,27.27,47.77,23.56,6.54,6,367,20.65
2026-06-06 12:07:50,1190.18,86.59,92.39,51.09,21.52,1.54,1,457,18.92
2026-06-06 12:08:50,1130.6,46.51,45.71,35.04,15.39,5.69,6,326,12.26
2026-06-06 12:09:50,1621.71,89.67,93.57,69.09,24.32,1.12,0,580,21.13
2026-06-06 12:10:50,1749.51,81.88,89.41,68.23,23.28,2.3,2,584,21.24
2026-06-06 12:11:50,1071.5,75.42,96.26,58.93,20.47,1.4,1,408,18.81
2026-06-06 12:12:50,1203.15,86.5,21.89,61.68,21.89,7.34,6,409,20.33
2026-06-06 12:13:50,1293.48,45.36,54.38,49.59,15.07,4.72,5,386,12.1
2026-06-06 12:14:50,1234.58,60.02,69.77,39.25,17.58,2.93,4,406,15.85
2026-06-06 12:15:50,1405.03,89.13,56.32,38.33,23.23,4.37,4,501,20.72
2026-06-06 12:16:50,1330.15,52.06,56.24,59.52,16.71,4.78,5,397,13.26
2026-06-06 12:17:50,1534.68,73.47,26.61,50.38,21.37,6.95,5,486,18.46
2026-06-06 12:18:50,1453.43,48.52,76.29,38.9,16.55,2.74,4,439,13.83
2026-06-06 12:19:50,1654.42,49.46,35.86,30.78,17.68,6.42,7,454,15.42
2026-06-06 12:20:50,1270.98,32.28,76.51,68.83,12.15,3.03,2,395,10.47
2026-06-06 12:21:50,1034.76,62.88,58.73,58.15,17.91,4.77,4,332,14.83
2026-06-06 12:22:50,1209.84,64.49,90.25,44.28,18.8,1.64,1,428,17.25
2026-06-06 12:23:50,1142.77,62.28,58.83,58.35,18.61,4.03,3,366,16.21
2026-06-06 12:24:50,1700.82,74.87,56.45,42.99,22.72,4.92,5,545,18.66
2026-06-06 12:25:50,998.17,98.93,30.18,43.96,24.63,6.45,5,351,22.02
2026-06-06 12:26:50,946.19,37.94,88.12,68.03,13.04,1.51,1,322,10.88
2026-06-06 12:27:50,1224.9,63.82,80.04,40.9,18.08,2.65,3,416,15.94
2026-06-06 12:28:50,1085.65,50.94,83.57,66.43,15.9,2.0,3,348,12.98
2026-06-06 12:29:50,1688.44,47.89,89.26,55.21,17.47,2.14,1,530,14.02
2026-06-06 12:30:50,1477.1,68.43,52.53,68.67,19.7,4.37,5,476,16.37
2026-06-06 12:31:50,1552.22,45.35,73.53,45.24,15.8,2.62,3,474,13.96
2026-06-06 12:32:50,974.12,96.8,44.5,46.55,24.21,5.11,5,381,22.35
2026-06-06 12:33:50,1375.71,73.92,81.74,52.23,20.02,2.21,2,480,17.87
2026-06-06 12:34:50,1206.98,84.13,88.62,36.28,21.66,1.43,1,464,19.19
2026-06-06 12:35:50,1666.62,75.84,43.59,49.83,22.74,5.89,6,516,19.89
2026-06-06 12:36:50,1500.73,91.64,28.7,69.66,23.6,7.2,6,478,20.64
2026-06-06 12:37:50,1562.83,86.16,42.16,68.81,23.08,5.66,4,508,20.49
2026-06-06 12:38:50,1162.66,83.34,99.87,43.4,21.57,1.03,1,444,19.61
2026-06-06 12:39:50,1698.96,67.63,81.62,60.09,21.77,2.58,2,564,18.48
2026-06-06 12:40:50,1223.74,43.01,74.12,38.71,13.68,3.36,2,390,11.84
2026-06-06 12:41:50,1495.3,36.75,26.34,56.74,14.54,6.63,5,399,11.33
2026-06-06 12:42:50,1766.42,50.9,89.25,31.0,17.38,2.15,2,548,14.01
2026-06-06 12:43:50,1304.7,97.08,69.5,31.39,24.66,3.75,4,482,23.2
2026-06-06 12:44:50,1670.64,69.71,92.76,46.02,21.52,1.31,3,533,18.15
2026-06-06 12:45:50,1450.66,43.91,74.86,42.14,15.92,3.27,3,452,12.7
2026-06-06 12:46:50,1368.22,93.97,27.32,37.93,25.22,7.2,6,465,22.05
2026-06-06 12:47:50,1718.64,38.72,98.76,59.85,16.78,1.1,0,528,12.4
2026-06-06 12:48:50,1569.2,77.96,68.38,50.75,22.02,3.93,3,502,19.54
2026-06-06 12:49:50,1231.87,87.35,81.88,58.6,23.61,2.81,4,453,22.12
2026-06-06 12:50:50,1046.86,67.31,38.0,65.19,18.92,5.56,6,348,17.26
2026-06-06 12:51:50,1167.06,88.03,56.38,43.42,22.21,4.53,5,388,20.51
2026-06-06 12:52:50,1587.22,74.44,26.15,62.84,22.65,6.91,6,480,20.48
2026-06-06 12:53:50,1136.95,93.3,30.39,35.05,23.64,6.42,5,413,22.33
2026-06-06 12:54:50,1577.46,49.08,58.88,54.88,16.86,3.85,3,491,14.26
2026-06-06 12:55:50,1601.39,96.15,71.59,40.71,25.3,3.37,2,554,22.33
2026-06-06 12:56:50,1070.47,33.88,39.11,62.95,12.36,5.84,6,276,9.72
2026-06-06 12:57:50,1167.23,92.62,26.68,36.12,22.85,6.41,5,425,21.16
2026-06-06 12:58:50,1436.78,72.73,98.06,53.87,20.0,0.75,2,483,17.99
2026-06-06 12:59:50,970.05,38.08,43.49,35.38,11.77,5.44,4,294,9.29
2026-06-06 13:00:50,1429.65,87.47,99.83,68.76,22.74,0.7,1,537,21.49
2026-06-06 13:01:50,1232.56,73.67,22.39,41.53,21.04,6.98,7,361,18.37
2026-06-06 13:02:50,1055.73,82.35,93.23,38.67,21.3,1.86,3,407,19.63
2026-06-06 13:03:50,1203.22,30.78,27.49,47.84,11.36,7.04,6,297,9.72
2026-06-06 13:04:50,1720.13,94.84,41.03,38.02,25.44,5.8,6,560,22.94
2026-06-06 13:05:50,1200.74,47.31,44.2,53.23,15.67,5.27,4,340,12.89
2026-06-06 13:06:50,983.92,74.41,70.02,47.68,19.2,3.33,3,356,17.5
2026-06-06 13:07:50,1762.25,88.96,69.3,57.93,25.44,3.06,3,598,21.66
2026-06-06 13:08:50,1600.12,44.17,23.54,38.91,16.18,7.16,7,453,13.31
2026-06-06 13:09:50,1716.05,44.85,60.46,43.67,17.29,4.12,3,519,13.93
2026-06-06 13:10:50,1359.01,49.98,94.55,40.66,16.17,1.24,2,426,14.29
2026-06-06 13:11:50,1376.58,32.19,80.86,39.42,13.97,2.36,3,394,11.01
2026-06-06 13:12:50,1221.29,85.96,96.98,40.83,22.94,0.84,1,468,20.73
2026-06-06 13:13:50,1075.25,66.08,34.11,39.17,18.85,6.36,5,341,17.26
2026-06-06 13:14:50,1021.58,79.0,70.45,67.8,19.91,2.98,2,383,19.13
2026-06-06 13:15:50,1676.3,43.03,87.15,42.47,16.04,2.44,3,510,12.26
2026-06-06 13:16:50,1319.63,77.33,98.16,41.01,21.32,0.93,2,451,19.08
2026-06-06 13:17:50,1514.65,43.41,50.34,43.91,15.48,5.23,5,414,13.28
2026-06-06 13:18:50,952.07,55.45,48.32,47.96,16.29,5.01,5,295,14.53
2026-06-06 13:19:50,1514.65,58.9,61.03,60.23,18.22,4.19,3,488,15.4
2026-06-06 13:20:50,1317.2,48.96,49.08,49.81,17.02,4.62,4,391,13.91
2026-06-06 13:21:50,1785.84,33.39,28.1,42.89,14.77,6.63,5,508,10.83
2026-06-06 13:22:50,1657.14,40.12,49.87,56.26,15.17,4.83,5,469,12.71
2026-06-06 13:23:50,1472.98,82.05,25.62,32.28,23.37,6.99,6,465,20.38
2026-06-06 13:24:50,1379.36,55.46,89.64,39.12,17.15,1.71,2,448,13.74
2026-06-06 13:25:50,1769.03,54.11,35.62,65.65,18.01,6.53,5,529,15.15
2026-06-06 13:26:50,1002.73,39.79,58.34,40.99,13.74,4.33,5,269,12.25
2026-06-06 13:27:50,1163.63,97.86,50.97,44.8,23.55,4.88,5,430,21.9
2026-06-06 13:28:50,1633.75,81.99,66.91,34.14,23.16,3.16,3,549,21.25
2026-06-06 13:29:50,1198.53,60.04,56.29,41.09,18.35,4.3,5,368,16.81
2026-06-06 13:30:50,1698.16,47.57,66.75,56.79,17.57,3.97,3,520,14.96
2026-06-06 13:31:50,1126.41,94.75,55.46,44.56,24.23,4.15,4,426,21.55
2026-06-06 13:32:50,1545.0,79.51,69.21,48.91,21.57,3.96,4,518,18.38
2026-06-06 13:33:50,1605.59,90.43,53.29,36.73,24.13,5.06,4,555,21.18
2026-06-06 13:34:50,1738.65,40.51,34.52,63.31,17.12,6.07,5,493,12.93
2026-06-06 13:35:50,1389.08,65.19,72.59,30.98,19.56,3.42,3,443,17.13
2026-06-06 13:36:50,995.33,80.29,97.91,56.02,20.82,0.69,1,374,19.15
2026-06-06 13:37:50,1487.64,35.24,29.71,43.43,15.01,6.35,6,403,12.37
2026-06-06 13:38:50,1278.53,44.63,89.59,48.12,15.11,1.83,1,393,12.98
2026-06-06 13:39:50,1352.98,69.83,33.12,56.17,20.5,6.25,6,423,17.64
2026-06-06 13:40:50,1375.0,84.68,30.18,61.76,22.42,6.59,5,435,20.99
2026-06-06 13:41:50,1270.57,64.58,20.47,33.44,18.94,7.67,6,380,16.78
2026-06-06 13:42:50,1038.23,93.65,75.94,46.25,23.56,2.83,3,405,21.42
2026-06-06 13:43:50,1551.41,69.04,40.53,46.65,21.54,5.54,5,490,18.91
2026-06-06 13:44:50,1390.22,67.39,33.85,36.13,19.24,6.06,5,414,17.35
2026-06-06 13:45:50,1680.73,59.0,50.46,40.14,18.89,5.33,4,511,16.44
2026-06-06 13:46:50,1547.15,38.97,29.62,47.93,15.06,7.04,6,424,11.28
2026-06-06 13:47:50,1289.7,52.65,62.5,58.68,15.78,3.74,3,397,12.93
2026-06-06 13:48:50,1422.72,47.36,87.03,35.28,15.74,2.27,2,433,13.19
2026-06-06 13:49:50,1342.19,74.53,96.42,66.27,21.45,1.25,2,450,19.38
2026-06-06 13:50:50,1196.99,85.87,63.79,36.78,22.92,4.17,5,416,20.29
2026-06-06 13:51:50,1348.8,63.04,98.14,31.37,18.35,0.96,2,450,15.27
2026-06-06 13:52:50,1243.5,78.7,54.5,37.93,21.95,4.91,4,400,20.4
2026-06-06 13:53:50,1719.47,96.66,62.98,58.5,26.97,4.43,3,585,23.15
2026-06-06 13:54:50,1640.64,39.82,79.2,36.68,16.66,2.31,2,496,13.96
2026-06-06 13:55:50,947.67,78.18,66.07,53.77,19.2,3.22,4,324,18.34
2026-06-06 13:56:50,1481.26,58.81,81.86,58.79,18.15,1.99,3,476,15.47
2026-06-06 13:57:50,1785.92,85.29,87.73,69.94,24.57,1.74,1,618,22.19
2026-06-06 13:58:50,1524.93,62.42,25.67,32.25,20.22,7.14,7,461,16.16
2026-06-06 13:59:50,1113.83,59.9,90.9,33.07,17.83,1.31,1,374,16.21
2026-06-06 14:00:50,1216.56,68.37,73.51,37.84,18.48,3.43,3,398,15.63
2026-06-06 14:01:50,1283.42,54.93,57.83,42.03,16.46,4.27,4,403,13.81
2026-06-06 14:02:50,1393.49,72.29,26.73,39.48,20.76,6.85,6,443,19.06
2026-06-06 14:03:50,941.3,68.77,49.31,55.43,18.09,5.39,4,310,17.2
2026-06-06 14:04:50,977.71,86.9,95.42,49.95,21.28,0.99,1,389,20.34
2026-06-06 14:05:50,1005.22,30.03,68.86,45.74,12.28,3.06,3,307,8.8
2026-06-06 14:06:50,1253.78,45.06,87.34,62.33,14.62,2.26,2,394,12.26
2026-06-06 14:07:50,1542.18,55.18,44.23,64.42,17.76,5.91,5,439,15.55
2026-06-06 14:08:50,1275.36,95.19,20.88,45.74,24.13,7.02,5,447,21.74
2026-06-06 14:09:50,1322.86,77.85,29.75,49.86,20.91,6.77,6,409,18.45
2026-06-06 14:10:50,1260.19,38.29,49.8,51.71,13.87,4.59,3,384,10.69
2026-06-06 14:11:50,1396.05,33.62,80.15,40.45,12.67,2.19,2,418,9.45
2026-06-06 14:12:50,1046.53,42.61,29.52,39.88,13.22,6.19,5,310,11.87
2026-06-06 14:13:50,1798.64,64.46,31.0,33.36,21.46,6.85,6,539,17.17
2026-06-06 14:14:50,1667.25,47.16,31.09,39.94,16.89,6.91,5,481,14.74
2026-06-06 14:15:50,1147.09,33.72,92.07,62.33,12.92,1.76,2,369,10.02
2026-06-06 14:16:50,1763.23,55.5,53.35,50.38,18.39,4.42,3,543,14.53
2026-06-06 14:17:50,928.1,33.01,77.46,42.77,12.28,2.65,2,287,9.22
2026-06-06 14:18:50,1454.68,76.23,33.96,36.05,22.5,6.2,5,447,20.5
2026-06-06 14:19:50,1486.68,39.14,75.51,66.48,14.19,2.48,3,463,12.13
2026-06-06 14:20:50,1521.35,51.98,20.97,47.48,16.59,7.29,6,420,14.53
2026-06-06 14:21:50,1076.7,87.08,53.42,40.58,21.55,5.22,4,402,18.98
2026-06-06 14:22:50,1341.22,92.55,47.34,67.66,24.02,5.44,4,460,22.81
2026-06-06 14:23:50,1488.13,86.87,67.55,41.71,23.92,3.67,4,513,20.92
2026-06-06 14:24:50,1070.88,81.08,77.65,68.4,20.19,2.31,2,395,19.55
2026-06-06 14:25:50,906.23,41.79,81.89,56.51,12.71,2.64,3,281,10.78
2026-06-06 14:26:50,1009.78,55.84,97.38,49.5,16.65,1.28,2,331,14.45
2026-06-06 14:27:50,1245.63,74.98,60.44,61.28,20.94,4.03,3,444,17.8
2026-06-06 14:28:50,1193.82,96.9,57.41,66.04,23.35,4.77,4,437,22.47
2026-06-06 14:29:50,1183.03,53.41,83.63,48.97,16.03,2.7,2,395,12.9
2026-06-06 14:30:50,1608.28,96.48,61.45,52.06,26.15,4.33,3,546,24.3
2026-06-06 14:31:50,1699.55,93.48,93.9,35.16,25.95,1.66,2,575,23.2
2026-06-06 14:32:50,1682.86,74.97,70.49,34.46,22.37,3.11,4,550,18.95
2026-06-06 14:33:50,1106.92,70.91,45.97,44.68,18.62,5.58,5,363,16.8
2026-06-06 14:34:50,1589.23,63.45,57.88,55.47,19.21,4.81,3,506,17.36
2026-06-06 14:35:50,1738.12,77.63,28.92,61.65,23.74,6.67,6,522,21.27
2026-06-06 14:36:50,1560.01,52.53,93.15,47.65,16.74,1.24,1,522,14.82
2026-06-06 14:37:50,969.89,80.26,80.58,64.1,19.44,2.3,2,371,17.24
2026-06-06 14:38:50,1742.36,83.5,74.61,30.55,24.61,2.95,2,579,21.33
2026-06-06 14:39:50,1691.72,51.53,76.78,32.49,17.81,3.17,3,514,14.67
2026-06-06 14:40:50,923.49,72.39,68.04,52.48,19.26,3.74,4,310,16.53
2026-06-06 14:41:50,1610.95,80.07,35.14,52.35,22.67,5.7,6,505,19.69
2026-06-06 14:42:50,1713.58,78.74,71.74,58.62,22.17,3.22,3,549,19.27
2026-06-06 14:43:50,1457.85,86.38,44.4,36.8,23.51,5.65,5,489,21.98
2026-06-06 14:44:50,943.55,97.83,85.79,44.71,22.67,2.2,1,386,22.03
2026-06-06 14:45:50,1773.09,80.76,48.13,69.3,23.11,5.22,5,546,19.61
2026-06-06 14:46:50,1395.27,98.87,55.5,36.12,24.53,4.89,5,479,23.53
2026-06-06 14:47:50,1546.11,36.43,36.69,43.36,15.22,5.58,4,450,11.32
2026-06-06 14:48:50,1037.04,91.07,26.45,46.83,23.46,7.21,7,366,20.97
2026-06-06 14:49:50,1111.76,96.3,43.3,49.01,23.61,5.16,5,409,21.9
2026-06-06 14:50:50,1285.36,63.2,61.83,49.98,18.68,4.34,4,409,16.91
2026-06-06 14:51:50,1623.29,40.37,75.76,61.97,16.4,3.09,3,497,13.84
2026-06-06 14:52:50,1768.21,97.81,22.19,53.18,25.68,7.05,6,583,23.92
2026-06-06 14:53:50,1544.35,65.87,36.13,52.18,20.56,5.62,6,476,18.54
2026-06-06 14:54:50,1401.97,38.3,78.46,65.46,13.84,2.99,3,430,11.64
2026-06-06 14:55:50,1770.44,51.87,51.94,52.73,17.51,4.93,4,509,14.54
2026-06-06 14:56:50,1256.72,51.25,45.46,60.54,15.3,5.38,5,387,12.51
2026-06-06 14:57:50,1168.88,36.19,42.94,38.23,14.12,5.82,5,337,11.78
2026-06-06 14:58:50,1225.11,49.85,41.01,38.25,16.35,5.72,5,369,13.84
2026-06-06 14:59:50,1636.26,65.82,70.64,51.56,20.77,3.15,4,505,17.39
2026-06-06 15:00:50,934.0,31.03,58.07,36.59,11.47,4.34,5,258,8.42
2026-06-06 15:01:50,1173.57,83.33,86.95,32.69,22.58,1.64,1,449,19.65
2026-06-06 15:02:50,1353.78,71.79,40.58,40.91,19.65,5.8,5,423,16.58
2026-06-06 15:03:50,1292.66,49.49,69.08,34.57,16.67,3.71,3,417,14.64
2026-06-06 15:04:50,1429.43,91.35,56.46,67.91,24.64,4.24,4,508,23.03
2026-06-06 15:05:50,1166.05,80.83,60.15,53.03,20.63,4.44,4,418,19.47
2026-06-06 15:06:50,1766.29,98.26,29.78,58.47,27.2,6.24,6,581,23.97
2026-06-06 15:07:50,939.94,43.51,87.48,43.9,14.44,2.17,2,286,12.45
2026-06-06 15:08:50,1089.9,68.54,39.17,46.92,18.57,5.46,6,348,16.11
2026-06-06 15:09:50,1187.83,79.2,77.45,40.85,20.3,2.44,2,439,18.77
2026-06-06 15:10:50,1022.5,43.02,96.4,62.97,14.29,1.54,2,347,12.46
2026-06-06 15:11:50,1048.15,73.17,80.85,36.75,19.22,2.37,3,387,17.36
2026-06-06 15:12:50,1250.33,35.91,76.78,35.08,12.66,3.13,2,375,10.62
2026-06-06 15:13:50,1162.12,47.23,38.91,49.6,16.06,6.07,6,316,14.27
2026-06-06 15:14:50,1017.07,94.87,74.48,37.02,23.63,2.79,2,400,22.64
2026-06-06 15:15:50,1101.22,46.23,92.01,36.27,15.69,1.76,2,361,13.98
2026-06-06 15:16:50,1111.52,80.67,98.68,49.23,21.79,1.13,1,434,18.91
2026-06-06 15:17:50,1234.24,40.91,46.37,41.09,14.48,5.33,5,352,11.22
2026-06-06 15:18:50,1134.89,84.95,29.77,36.6,21.37,6.2,5,379,18.92
2026-06-06 15:19:50,960.75,59.21,84.06,38.44,17.09,2.4,3,327,15.11
2026-06-06 15:20:50,1572.19,60.21,33.09,42.07,20.07,5.97,6,474,16.59
2026-06-06 15:21:50,927.77,79.57,75.17,61.32,20.27,2.93,2,355,18.13
2026-06-06 15:22:50,987.56,67.99,38.37,43.65,17.88,6.38,6,306,15.19
2026-06-06 15:23:50,966.69,95.68,63.67,42.83,22.68,4.26,4,355,20.55
2026-06-06 15:24:50,1269.29,70.44,65.28,61.08,19.77,4.03,4,431,17.43
2026-06-06 15:25:50,1547.76,65.7,39.95,34.46,20.22,5.98,6,458,17.36
2026-06-06 15:26:50,1391.27,72.74,67.19,53.46,19.86,3.36,4,467,18.22
2026-06-06 15:27:50,1478.44,33.17,35.16,40.62,14.82,5.97,6,403,12.35
2026-06-06 15:28:50,1537.36,51.47,92.42,63.53,16.52,1.98,1,476,14.82
2026-06-06 15:29:50,949.61,38.06,38.7,46.21,12.01,5.43,5,249,9.95
2026-06-06 15:30:50,949.55,36.3,47.61,48.51,11.64,5.31,5,275,8.95
2026-06-06 15:31:50,1570.91,98.92,56.51,35.01,25.9,4.69,5,534,24.18
2026-06-06 15:32:50,1739.87,31.8,43.33,47.72,13.87,5.4,5,463,11.01
2026-06-06 15:33:50,1649.23,49.13,60.62,61.31,17.13,3.98,3,493,13.95
2026-06-06 15:34:50,963.04,44.48,40.42,43.57,13.78,6.24,5,275,12.03
2026-06-06 15:35:50,1511.44,55.35,54.65,32.53,18.94,4.28,4,446,16.55
2026-06-06 15:36:50,1246.66,94.14,53.94,54.18,23.17,4.69,4,463,20.59
2026-06-06 15:37:50,1576.56,37.57,81.91,50.26,14.98,2.43,2,455,12.03
2026-06-06 15:38:50,1093.29,58.25,35.29,33.89,17.69,6.25,6,344,14.39
2026-06-06 15:39:50,1382.76,92.76,68.97,65.85,25.02,3.81,3,491,21.96
2026-06-06 15:40:50,1626.76,84.5,92.59,55.72,24.05,1.36,2,557,20.19
2026-06-06 15:41:50,1686.47,42.37,25.39,35.61,16.36,7.32,7,470,13.05
2026-06-06 15:42:50,1273.17,66.38,59.93,48.79,19.92,3.84,3,433,18.0
2026-06-06 15:43:50,1276.27,83.68,72.78,47.56,21.48,3.37,4,427,18.94
2026-06-06 15:44:50,905.39,36.53,31.0,65.64,11.91,6.45,6,252,9.69
2026-06-06 15:45:50,1765.01,69.48,56.83,44.55,22.35,4.33,4,539,19.81
2026-06-06 15:46:50,1042.03,71.88,62.92,45.02,19.33,4.02,4,362,18.35
2026-06-06 15:47:50,1537.93,88.46,49.64,36.76,23.99,5.17,4,527,21.68
2026-06-06 15:48:50,1193.32,45.69,47.08,43.68,14.99,5.45,5,358,12.34
2026-06-06 15:49:50,1149.62,31.81,26.44,44.7,11.38,6.9,5,316,9.78
2026-06-06 15:50:50,1262.16,33.53,67.11,42.84,12.55,3.69,3,356,9.58
2026-06-06 15:51:50,1043.9,89.64,51.09,35.91,22.35,4.82,5,371,21.19
2026-06-06 15:52:50,1006.87,34.54,69.53,53.76,11.57,3.58,3,290,9.09
2026-06-06 15:53:50,1101.77,91.89,44.64,37.92,23.63,5.33,6,370,22.48
2026-06-06 15:54:50,1238.12,40.12,52.51,62.61,14.53,4.96,4,349,12.18
2026-06-06 15:55:50,1720.62,42.5,35.13,35.97,15.9,6.62,5,500,13.5
2026-06-06 15:56:50,1557.36,42.01,84.92,40.36,15.43,1.9,3,484,13.0
2026-06-06 15:57:50,1032.59,97.54,63.07,60.97,23.95,3.76,4,398,21.25
2026-06-06 15:58:50,1599.17,64.57,94.52,43.88,19.12,1.33,2,512,17.24
2026-06-06 15:59:50,1194.91,43.34,94.26,32.68,14.5,1.09,2,381,11.86
2026-06-06 16:00:50,1376.59,88.08,83.41,64.81,22.59,2.27,2,486,21.53
2026-06-06 16:01:50,1113.98,85.81,76.07,63.1,21.03,2.86,2,431,18.59
2026-06-06 16:02:50,1445.43,74.75,90.2,66.22,21.13,2.0,2,486,18.74
2026-06-06 16:03:50,903.98,37.1,78.45,40.15,13.03,2.9,2,281,10.4
2026-06-06 16:04:50,1256.58,64.0,88.95,39.43,18.45,1.63,1,429,15.96
2026-06-06 16:05:50,991.24,76.94,65.06,48.04,19.78,3.67,3,354,18.22
2026-06-06 16:06:50,997.7,66.45,55.83,30.9,17.32,4.86,4,339,15.61
2026-06-06 16:07:50,1110.42,30.52,49.07,37.72,12.77,4.74,5,310,9.45
2026-06-06 16:08:50,1624.73,60.33,50.57,56.76,19.26,4.52,4,510,15.52
2026-06-06 16:09:50,1477.2,84.99,47.17,65.94,22.28,5.14,4,480,19.29
2026-06-06 16:10:50,1112.79,40.43,58.35,40.02,14.5,3.96,3,343,12.03
2026-06-06 16:11:50,1068.99,49.69,29.18,56.68,14.79,6.63,7,312,13.09
2026-06-06 16:12:50,1353.94,69.7,29.86,44.43,20.8,6.84,7,417,17.95
2026-06-06 16:13:50,1222.92,67.94,82.46,48.77,18.79,2.78,2,424,16.01
2026-06-06 16:14:50,1527.66,73.51,45.25,36.06,21.62,5.74,4,493,17.91
2026-06-06 16:15:50,1232.99,93.0,38.96,43.9,24.35,6.34,6,410,22.25
2026-06-06 16:16:50,1390.73,76.08,21.9,42.27,20.47,6.77,6,437,18.03
2026-06-06 16:17:50,1783.72,40.32,43.44,69.2,16.79,5.91,5,498,12.71
2026-06-06 16:18:50,963.3,92.13,98.61,41.48,22.35,0.75,1,417,21.26
2026-06-06 16:19:50,1531.99,93.46,54.77,68.93,24.88,4.33,3,520,23.28
2026-06-06 16:20:50,1115.04,77.16,58.42,48.48,19.75,4.82,5,357,18.99
2026-06-06 16:21:50,1563.23,55.66,35.23,36.91,17.67,6.67,5,455,15.47
2026-06-06 16:22:50,1739.47,62.64,57.63,55.11,20.54,4.43,3,535,16.49
2026-06-06 16:23:50,1154.09,75.82,54.98,54.66,19.49,4.27,4,395,17.86
2026-06-06 16:24:50,913.76,61.06,86.04,59.77,16.57,1.67,2,335,14.28
2026-06-06 16:25:50,1533.08,97.74,82.31,31.36,26.39,2.55,3,533,24.35
2026-06-06 16:26:50,1471.0,58.96,92.09,45.42,18.01,1.58,1,479,16.01
2026-06-06 16:27:50,1219.4,30.75,98.44,54.5,12.42,0.96,0,403,10.55
2026-06-06 16:28:50,1201.33,86.75,60.72,43.18,22.39,4.44,4,415,19.78
2026-06-06 16:29:50,1786.92,61.67,48.29,68.16,21.03,5.39,6,532,17.7
2026-06-06 16:30:50,1304.34,61.54,82.43,47.48,18.83,2.33,2,427,16.54
2026-06-06 16:31:50,1354.72,74.93,52.54,48.53,20.15,5.2,6,426,18.87
2026-06-06 16:32:50,1526.13,86.62,60.78,55.33,23.29,4.62,4,521,20.64
2026-06-06 16:33:50,1334.06,82.06,40.53,59.67,23.07,5.28,4,446,20.15
2026-06-06 16:34:50,1109.36,48.21,27.37,40.37,15.48,6.92,6,312,13.61
2026-06-06 16:35:50,970.72,60.33,75.66,59.63,16.34,2.52,3,323,15.16
2026-06-06 16:36:50,1133.72,91.35,35.29,41.71,23.75,5.76,4,404,20.89
2026-06-06 16:37:50,1746.86,70.21,36.99,30.5,21.8,6.07,6,511,18.6
2026-06-06 16:38:50,1295.4,46.24,51.69,62.97,15.77,5.31,4,394,13.78
2026-06-06 16:39:50,1271.96,30.87,53.07,48.59,13.64,4.99,4,368,10.64
2026-06-06 16:40:50,1056.41,55.79,98.13,38.38,16.61,0.8,1,363,14.68
2026-06-06 16:41:50,1311.44,52.0,23.68,59.42,17.39,7.54,8,364,14.88
2026-06-06 16:42:50,1137.92,91.29,78.27,67.15,22.7,2.88,4,431,21.36
2026-06-06 16:43:50,1626.74,78.01,73.82,66.35,23.17,2.76,3,526,19.87
2026-06-06 16:44:50,1067.97,53.13,46.32,46.22,15.08,5.09,4,343,12.53
2026-06-06 16:45:50,987.93,90.79,80.32,59.79,22.49,2.59,3,362,21.06
2026-06-06 16:46:50,1407.09,44.81,21.2,59.08,16.67,7.78,7,367,14.0
2026-06-06 16:47:50,1717.31,64.94,73.2,51.11,21.51,3.35,3,561,18.66
2026-06-06 16:48:50,975.5,57.62,80.18,59.77,16.86,2.63,2,335,13.98
2026-06-06 16:49:50,1477.4,90.66,78.63,46.55,24.26,2.68,3,525,22.43
2026-06-06 16:50:50,1102.21,37.28,84.62,47.22,13.23,2.04,3,342,10.56
2026-06-06 16:51:50,983.56,93.19,51.91,46.17,22.7,5.17,5,341,21.04
2026-06-06 16:52:50,957.87,83.27,58.13,46.27,21.33,4.78,4,359,18.75
2026-06-06 16:53:50,1638.25,46.74,66.52,33.53,17.52,3.94,3,509,14.56
2026-06-06 16:54:50,1207.45,40.3,58.28,35.92,13.92,4.22,5,341,10.77
2026-06-06 16:55:50,1394.65,90.31,70.92,50.86,23.86,3.62,4,496,21.35
2026-06-06 16:56:50,1012.08,95.76,79.48,44.94,22.57,2.34,2,396,20.53
2026-06-06 16:57:50,1188.94,97.65,34.7,69.72,25.0,6.12,4,435,22.75
2026-06-06 16:58:50,1055.22,84.51,98.98,35.58,20.85,0.61,0,404,19.9
2026-06-06 16:59:50,1337.1,54.26,95.68,50.79,16.79,1.51,2,453,14.98
2026-06-06 17:00:50,1091.62,55.87,75.32,53.98,17.23,3.24,4,339,14.65
2026-06-06 17:01:50,1292.65,84.76,87.86,45.97,21.53,1.74,2,480,20.59
2026-06-06 17:02:50,1110.97,71.81,49.26,54.5,20.35,5.12,4,372,18.16
2026-06-06 17:03:50,1327.77,73.96,93.34,44.51,20.68,1.8,2,448,19.03
2026-06-06 17:04:50,1748.15,64.19,94.75,39.67,19.66,1.18,1,576,16.5
2026-06-06 17:05:50,1618.77,87.5,33.77,39.4,24.27,6.56,5,506,21.43
2026-06-06 17:06:50,1195.5,91.27,64.89,57.24,22.3,3.6,3,448,20.01
2026-06-06 17:07:50,952.97,71.8,99.14,49.88,17.83,1.12,1,349,15.72
2026-06-06 17:08:50,1400.94,95.78,88.43,42.21,24.87,2.18,2,503,22.71
2026-06-06 17:09:50,1693.96,55.82,92.71,32.19,18.47,1.23,1,558,15.7
2026-06-06 17:10:50,1252.55,90.29,42.89,40.0,23.44,5.13,5,450,21.26
2026-06-06 17:11:50,1693.11,62.06,75.58,64.44,19.63,2.8,3,549,17.27
2026-06-06 17:12:50,1067.95,52.41,73.39,38.16,15.0,3.54,3,361,12.64
2026-06-06 17:13:50,1537.63,38.35,72.68,39.74,14.22,2.76,3,457,11.36
2026-06-06 17:14:50,1604.02,37.4,72.03,59.01,14.68,3.31,3,471,12.28
2026-06-06 17:15:50,1396.53,58.58,30.77,42.96,18.55,6.06,5,414,16.15
2026-06-06 17:16:50,944.07,81.91,30.84,53.37,20.79,6.28,5,321,18.63
2026-06-06 17:17:50,1515.75,47.88,67.5,42.14,17.31,3.11,3,472,14.59
2026-06-06 17:18:50,1459.97,89.21,41.42,34.64,24.18,5.23,5,497,22.16
2026-06-06 17:19:50,1774.79,34.61,60.64,55.48,14.71,3.88,4,494,10.9
2026-06-06 17:20:50,1563.0,62.15,99.35,54.59,19.11,0.9,1,513,16.48
2026-06-06 17:21:50,917.11,61.27,42.03,66.7,16.07,5.18,5,277,13.62
2026-06-06 17:22:50,1150.17,94.52,52.61,68.2,23.17,4.53,5,410,20.76
2026-06-06 17:23:50,1188.58,92.85,60.64,47.75,22.56,4.17,3,444,21.36
2026-06-06 17:24:50,1299.52,61.83,31.58,51.17,18.49,6.17,5,397,15.13
2026-06-06 17:25:50,1443.88,94.29,58.39,69.57,24.58,3.86,4,483,21.49
2026-06-06 17:26:50,1143.9,50.72,71.7,69.54,15.28,2.86,3,358,12.7
2026-06-06 17:27:50,1297.13,78.78,80.93,53.6,20.96,2.44,3,466,18.02
2026-06-06 17:28:50,1791.15,98.63,33.11,30.91,26.71,6.1,6,583,23.38
2026-06-06 17:29:50,1363.45,67.14,79.66,67.54,18.93,2.91,2,462,17.03
2026-06-06 17:30:50,1470.86,39.7,69.58,51.93,14.19,3.82,4,430,11.31
2026-06-06 17:31:50,1129.98,85.73,59.86,49.83,22.73,3.87,3,412,19.8
2026-06-06 17:32:50,1774.36,38.82,33.23,55.86,15.71,6.37,5,488,11.81
2026-06-06 17:33:50,1734.93,71.68,79.56,64.91,22.64,2.37,3,550,19.88
2026-06-06 17:34:50,1138.25,75.0,53.16,60.0,19.98,5.15,4,373,17.17
2026-06-06 17:35:50,1032.18,34.65,67.71,30.03,11.44,4.04,3,317,8.89
2026-06-06 17:36:50,1677.56,64.16,30.47,33.39,20.55,6.75,6,507,18.04
2026-06-06 17:37:50,1199.5,58.39,53.29,52.71,17.87,5.06,4,377,15.8
2026-06-06 17:38:50,985.25,89.85,86.11,49.74,21.26,2.43,2,396,20.65
2026-06-06 17:39:50,1465.98,44.89,82.96,49.3,16.67,2.32,2,462,13.81
2026-06-06 17:40:50,938.63,77.97,46.02,45.26,18.83,5.69,5,336,17.32
2026-06-06 17:41:50,1424.52,73.15,41.8,50.85,21.84,5.72,5,431,17.99
2026-06-06 17:42:50,1029.49,37.08,56.0,36.07,13.71,4.99,4,308,12.18
2026-06-06 17:43:50,1130.41,33.66,68.2,66.45,12.56,3.53,3,339,10.39
2026-06-06 17:44:50,1199.01,43.75,58.78,68.56,14.26,4.39,4,339,12.71
2026-06-06 17:45:50,1385.75,37.1,54.75,50.02,15.05,4.59,3,402,11.17
2026-06-06 17:46:50,1021.13,49.02,26.31,46.01,13.94,6.88,6,277,12.88
2026-06-06 17:47:50,1086.73,65.98,41.19,45.75,17.78,5.56,4,369,16.11
2026-06-06 17:48:50,922.69,64.18,99.14,63.19,17.17,1.54,1,330,15.08
2026-06-06 17:49:50,1425.44,69.75,53.44,40.08,20.09,5.13,4,440,16.69
2026-06-06 17:50:50,1541.03,63.12,61.87,68.03,20.43,3.58,3,510,17.71
2026-06-06 17:51:50,1621.02,39.91,84.92,69.92,15.58,2.19,1,484,13.46
2026-06-06 17:52:50,1095.94,30.63,52.02,47.38,12.63,5.16,5,290,9.13
2026-06-06 17:53:50,1366.55,67.96,89.1,32.97,18.99,1.72,3,471,17.64
2026-06-06 17:54:50,1625.52,40.51,70.26,48.4,15.32,2.98,3,467,12.01
2026-06-06 17:55:50,1498.75,97.63,31.34,30.86,26.03,6.26,5,511,24.28
2026-06-06 17:56:50,1165.1,77.85,98.17,66.74,21.13,0.86,1,452,17.98
2026-06-06 17:57:50,1568.24,85.06,90.55,38.95,23.08,1.74,3,527,21.21
2026-06-06 17:58:50,936.65,48.9,63.25,62.76,14.29,3.57,4,291,12.25
2026-06-06 17:59:50,980.83,63.6,85.86,61.23,17.71,2.11,3,340,16.25
2026-06-06 18:00:50,1634.43,32.77,48.56,54.16,13.53,5.1,5,466,10.77
2026-06-06 18:01:50,1337.48,48.26,41.39,59.91,15.75,5.71,5,380,13.19
2026-06-06 18:02:50,1251.04,89.41,70.62,31.09,22.6,3.57,3,435,21.16
2026-06-06 18:03:50,1766.33,63.39,67.88,56.22,20.42,3.95,3,570,18.03
2026-06-06 18:04:50,1756.3,44.78,90.92,34.93,16.75,1.53,2,536,12.72
2026-06-06 18:05:50,1422.42,91.63,22.4,30.4,25.18,7.44,6,450,21.6
2026-06-06 18:06:50,1688.7,72.36,80.02,54.86,22.59,2.29,3,548,18.52
2026-06-06 18:07:50,1750.03,58.71,58.39,41.7,19.76,3.88,4,540,15.82
2026-06-06 18:08:50,1448.53,56.13,40.5,51.89,17.83,6.05,5,435,14.21
2026-06-06 18:09:50,1346.96,88.96,49.08,60.75,24.3,5.08,4,459,21.32
2026-06-06 18:10:50,1092.97,48.81,54.6,67.19,15.12,5.0,5,326,13.75
2026-06-06 18:11:50,1569.25,73.55,84.76,51.77,21.98,2.2,1,548,18.25
2026-06-06 18:12:50,937.32,55.68,34.44,32.56,15.61,6.64,6,283,14.71
2026-06-06 18:13:50,1167.52,80.35,53.58,67.84,20.13,4.75,5,396,17.99
2026-06-06 18:14:50,978.03,69.15,26.47,38.54,17.47,6.41,6,300,15.98
2026-06-06 18:15:50,1077.67,31.4,69.58,48.57,12.11,3.75,4,292,8.79
2026-06-06 18:16:50,1761.15,62.85,60.29,48.95,21.24,3.69,4,533,18.76
2026-06-06 18:17:50,1627.15,37.21,86.12,47.4,14.58,2.29,2,486,10.85
2026-06-06 18:18:50,1019.71,90.49,93.47,36.14,22.16,1.6,2,398,21.33
2026-06-06 18:19:50,1178.93,36.93,83.03,31.18,12.62,2.84,3,366,9.96
2026-06-06 18:20:50,1014.1,69.81,73.59,62.96,18.55,3.47,3,369,17.17
2026-06-06 18:21:50,1659.4,46.09,24.37,43.21,16.48,6.85,6,455,12.8
2026-06-06 18:22:50,1424.54,39.31,94.97,38.23,15.32,1.73,2,436,11.86
2026-06-06 18:23:50,1541.52,31.82,37.42,35.06,13.9,6.32,6,404,11.71
2026-06-06 18:24:50,1083.75,62.27,59.0,69.8,17.51,3.85,4,341,15.38
2026-06-06 18:25:50,1364.88,32.28,85.0,54.73,14.27,2.18,3,409,10.31
2026-06-06 18:26:50,1147.7,30.84,65.57,54.45,11.39,3.41,4,332,8.61
2026-06-06 18:27:50,1724.07,83.79,37.97,33.75,23.47,5.55,5,557,21.53
2026-06-06 18:28:50,1393.26,53.36,98.38,62.16,17.3,1.23,1,447,13.82
2026-06-06 18:29:50,1187.21,78.28,35.36,43.08,20.69,6.56,5,391,19.16
2026-06-06 18:30:50,1727.77,93.48,54.98,44.67,26.53,4.77,5,589,22.87
2026-06-06 18:31:50,903.74,49.46,61.98,56.29,15.47,3.97,3,290,12.5
2026-06-06 18:32:50,1234.04,66.16,54.49,38.24,19.37,5.14,5,380,17.49
2026-06-06 18:33:50,1691.05,94.74,48.23,51.6,26.69,5.38,5,561,23.66
2026-06-06 18:34:50,1324.9,63.53,62.83,61.55,17.98,3.98,4,440,16.23
2026-06-06 18:35:50,1737.5,78.07,94.71,69.39,22.86,1.35,2,595,19.5
2026-06-06 18:36:50,1035.81,78.86,25.81,52.27,20.42,7.04,6,358,19.01
2026-06-06 18:37:50,1444.47,78.03,54.51,58.52,21.22,4.8,5,464,19.77
2026-06-06 18:38:50,1530.77,44.52,64.68,38.9,15.97,3.81,4,444,12.15
2026-06-06 18:39:50,1732.71,85.3,38.12,53.69,24.18,5.74,5,570,21.04
2026-06-06 18:40:50,1368.05,37.52,26.34,53.1,14.51,7.33,6,362,12.41
2026-06-06 18:41:50,1768.99,76.32,21.23,31.3,22.44,7.2,7,534,18.86
2026-06-06 18:42:50,1171.16,41.34,96.28,55.8,13.76,1.24,2,351,10.58
2026-06-06 18:43:50,1565.62,77.53,27.91,67.56,21.68,6.29,6,468,18.48
2026-06-06 18:44:50,1745.67,44.83,49.04,54.74,17.89,5.23,5,488,15.17
2026-06-06 18:45:50,1797.55,73.7,40.26,52.06,21.92,6.18,6,547,18.83
2026-06-06 18:46:50,1178.27,37.76,57.56,67.84,13.09,4.74,5,341,11.14
2026-06-06 18:47:50,1087.68,33.87,54.15,51.15,12.15,4.39,4,320,9.04
2026-06-06 18:48:50,1028.36,44.37,92.27,67.41,14.16,1.3,1,356,11.77
2026-06-06 18:49:50,1625.26,99.02,28.77,44.36,27.0,7.02,6,515,24.58
2026-06-06 18:50:50,1251.94,99.09,49.85,48.41,24.58,5.48,4,441,23.33
2026-06-06 18:51:50,1429.87,37.36,99.84,34.31,14.54,1.02,0,436,11.02
2026-06-06 18:52:50,1100.38,58.32,59.28,64.93,15.94,4.67,5,327,13.86
2026-06-06 18:53:50,1631.76,50.7,27.22,59.16,18.6,7.01,6,451,14.66
2026-06-06 18:54:50,1658.63,44.1,46.59,62.9,15.59,4.9,4,482,13.31
2026-06-06 18:55:50,1682.75,62.39,86.43,62.43,19.75,1.94,2,546,15.88
2026-06-06 18:56:50,1504.41,53.77,57.6,44.27,17.19,4.22,4,445,15.1
2026-06-06 18:57:50,1236.74,59.68,63.37,41.62,18.49,3.96,3,392,16.6
2026-06-06 18:58:50,1499.95,47.15,37.08,67.29,16.68,5.86,5,427,12.89
2026-06-06 18:59:50,1720.86,40.96,36.67,52.46,17.09,6.38,5,482,13.56
2026-06-06 19:00:50,1551.32,77.62,73.54,30.89,22.03,3.28,2,514,19.14
2026-06-06 19:01:50,945.51,81.24,53.25,50.57,20.26,4.57,5,334,19.25
2026-06-06 19:02:50,959.48,46.71,89.29,35.17,15.03,1.67,2,321,13.29
2026-06-06 19:03:50,1731.91,68.79,45.0,63.58,22.14,5.58,5,528,18.66
2026-06-06 19:04:50,1627.27,52.02,59.73,37.53,17.28,4.71,3,505,14.65
2026-06-06 19:05:50,996.58,76.03,57.4,64.01,19.48,4.17,5,346,17.96
2026-06-06 19:06:50,1165.45,66.88,21.55,40.15,19.58,7.09,7,340,17.34
2026-06-06 19:07:50,993.01,69.73,64.51,40.24,19.28,3.59,3,343,17.94
2026-06-06 19:08:50,1458.68,37.7,41.17,41.68,15.43,5.75,6,413,12.12
2026-06-06 19:09:50,979.46,59.76,26.68,60.74,17.47,6.93,6,313,15.28
2026-06-06 19:10:50,1359.44,40.98,26.03,57.98,15.19,7.04,7,346,12.35
2026-06-06 19:11:50,1304.7,96.0,39.17,34.74,23.53,5.89,6,427,22.6
2026-06-06 19:12:50,1783.88,75.91,64.07,34.47,22.08,3.5,3,561,19.74
2026-06-06 19:13:50,1653.6,45.17,66.43,30.61,16.35,3.55,4,494,12.71
2026-06-06 19:14:50,1332.16,82.82,78.17,58.21,22.93,3.23,3,456,21.27
2026-06-06 19:15:50,1266.77,94.76,84.06,59.88,24.52,1.99,2,494,22.58
2026-06-06 19:16:50,1117.6,70.37,68.43,39.14,18.58,3.13,3,374,16.11
2026-06-06 19:17:50,1471.57,38.4,60.17,63.65,15.61,3.7,3,443,12.87
2026-06-06 19:18:50,1189.59,67.65,98.38,35.91,18.45,1.5,1,434,15.77
2026-06-06 19:19:50,1148.84,60.38,79.34,40.03,18.17,2.3,3,398,15.7
2026-06-06 19:20:50,1138.4,58.48,66.95,50.99,16.1,3.29,4,367,13.82
2026-06-06 19:21:50,910.11,34.76,92.79,39.84,11.85,1.18,2,294,9.9
2026-06-06 19:22:50,1465.68,63.25,21.28,53.05,19.19,7.74,7,420,15.82
2026-06-06 19:23:50,1790.84,40.71,22.98,54.8,16.64,6.72,7,501,13.92
2026-06-06 19:24:50,1221.55,33.34,55.46,51.3,12.12,4.29,3,363,9.24
2026-06-06 19:25:50,1033.74,84.82,32.35,55.53,21.31,6.16,6,353,19.59
2026-06-06 19:26:50,1222.29,57.16,49.94,35.94,16.81,5.12,5,374,15.23
2026-06-06 19:27:50,1080.98,93.75,48.6,37.74,22.96,4.93,4,380,21.3
2026-06-06 19:28:50,1660.72,58.55,29.9,35.55,19.88,7.03,6,467,16.14
2026-06-06 19:29:50,1490.51,31.48,48.02,52.03,12.85,5.17,6,391,9.3
2026-06-06 19:30:50,1035.65,84.4,94.55,53.43,22.05,1.85,2,400,20.68
2026-06-06 19:31:50,1746.7,42.83,83.67,67.85,16.17,2.68,2,533,13.54
2026-06-06 19:32:50,928.05,35.79,71.31,36.57,11.51,3.16,2,289,10.69
2026-06-06 19:33:50,1770.34,63.06,55.6,41.38,21.0,4.79,3,540,17.01
2026-06-06 19:34:50,1647.75,73.45,65.27,68.49,21.34,4.2,4,530,18.24
2026-06-06 19:35:50,1728.7,48.89,26.18,35.77,17.27,6.74,5,488,13.55
2026-06-06 19:36:50,1684.15,92.79,75.33,67.96,25.59,3.1,3,562,22.52
2026-06-06 19:37:50,991.36,69.49,87.13,37.21,19.34,2.1,2,378,17.95
2026-06-06 19:38:50,1219.11,41.05,86.16,63.13,13.5,2.32,3,358,10.44
2026-06-06 19:39:50,1440.22,41.81,67.27,43.83,15.24,4.01,4,409,13.27
2026-06-06 19:40:50,1475.57,58.88,84.52,64.63,18.47,2.01,3,456,16.56
2026-06-06 19:41:50,1597.33,49.93,71.16,54.37,17.83,2.98,3,484,14.4
2026-06-06 19:42:50,1436.67,35.12,64.79,66.19,13.47,3.8,4,396,10.41
2026-06-06 19:43:50,1508.59,67.35,20.0,61.47,19.55,7.69,7,434,16.13
2026-06-06 19:44:50,1324.01,85.9,22.13,48.2,23.64,6.73,5,430,20.06
2026-06-06 19:45:50,1635.03,94.95,62.9,68.33,24.77,3.89,4,560,21.99
2026-06-06 19:46:50,1131.21,41.23,84.21,52.65,14.53,2.37,2,369,11.31
2026-06-06 19:47:50,1251.09,65.49,79.66,39.07,18.14,2.44,2,410,16.06
2026-06-06 19:48:50,1282.03,52.22,64.76,62.72,17.17,4.27,3,416,15.27
2026-06-06 19:49:50,972.6,82.39,87.36,38.4,20.6,2.49,2,359,18.68
2026-06-06 19:50:50,1291.99,52.3,56.79,49.69,16.91,4.65,4,400,13.76
2026-06-06 19:51:50,1254.6,49.56,33.79,57.64,15.09,5.96,5,375,12.07
2026-06-06 19:52:50,1280.79,38.68,71.02,44.28,14.71,3.62,3,371,12.34
2026-06-06 19:53:50,1024.83,84.16,71.14,42.64,20.33,3.13,2,405,18.57
2026-06-06 19:54:50,1759.37,52.11,46.62,34.9,17.89,4.88,4,515,15.44
2026-06-06 19:55:50,1562.99,41.53,42.5,50.48,14.88,5.18,5,433,12.05
2026-06-06 19:56:50,1409.11,37.56,27.62,33.53,14.76,6.99,7,369,10.88
2026-06-06 19:57:50,1691.36,80.3,92.42,48.03,22.26,2.01,3,549,19.92
2026-06-06 19:58:50,1361.42,34.84,97.43,42.1,13.78,1.54,2,403,11.7
2026-06-06 19:59:50,1079.52,86.7,89.68,41.13,21.49,2.17,2,408,19.39
2026-06-06 20:00:50,1701.55,84.59,34.96,59.13,23.04,5.89,6,544,19.91
2026-06-06 20:01:50,1133.91,89.53,22.24,45.92,22.4,7.72,8,352,20.06
2026-06-06 20:02:50,1426.52,35.96,38.08,68.79,13.71,5.54,5,416,11.84
2026-06-06 20:03:50,1586.14,37.08,79.26,35.69,15.77,2.38,3,476,13.36
2026-06-06 20:04:50,1592.99,45.09,94.35,40.92,16.86,1.04,1,491,13.62
2026-06-06 20:05:50,1548.5,97.06,94.25,65.65,25.9,1.38,2,576,24.01
2026-06-06 20:06:50,1070.67,79.69,71.98,64.61,20.1,2.88,3,398,18.06
2026-06-06 20:07:50,1709.88,61.84,77.31,60.26,19.56,2.58,3,547,16.17
2026-06-06 20:08:50,1002.28,63.39,63.53,41.16,16.84,4.41,5,329,15.61
2026-06-06 20:09:50,1368.6,51.43,40.8,39.76,17.64,5.32,5,404,14.79
2026-06-06 20:10:50,1731.07,92.92,68.33,54.45,25.94,3.58,3,607,23.38
2026-06-06 20:11:50,932.2,89.27,78.65,47.79,20.86,3.09,2,368,19.76
2026-06-06 20:12:50,1580.16,88.85,23.12,52.5,24.98,6.73,6,493,22.27
2026-06-06 20:13:50,1447.04,48.75,29.43,62.99,17.46,6.45,6,413,14.18
2026-06-06 20:14:50,1011.55,47.57,84.4,48.41,15.09,2.39,2,323,13.41
2026-06-06 20:15:50,1798.82,64.88,72.54,56.04,21.26,3.49,3,562,18.04
2026-06-06 20:16:50,986.89,34.35,72.86,40.53,11.75,3.26,3,291,10.26
2026-06-06 20:17:50,1679.32,77.0,27.31,66.42,21.67,6.93,7,517,19.94
2026-06-06 20:18:50,1716.04,91.9,58.27,47.23,25.76,4.66,5,554,22.26
2026-06-06 20:19:50,1258.62,83.51,64.42,56.76,22.93,4.27,4,436,20.31
2026-06-06 20:20:50,1540.94,64.87,30.88,53.03,20.78,6.31,5,463,18.46
2026-06-06 20:21:50,1632.85,54.67,61.38,60.03,18.58,3.84,3,507,16.24
2026-06-06 20:22:50,1348.42,57.43,40.85,30.48,17.66,5.87,5,409,15.82
2026-06-06 20:23:50,1402.81,97.82,86.69,33.53,26.16,2.51,2,503,23.37
2026-06-06 20:24:50,1298.22,43.59,57.81,34.23,16.01,4.24,4,386,12.11
2026-06-06 20:25:50,1227.54,58.66,89.13,30.75,16.73,1.85,2,424,15.05
2026-06-06 20:26:50,1648.21,76.95,92.45,61.17,21.62,1.33,1,573,19.26
2026-06-06 20:27:50,1757.89,78.21,85.83,56.08,22.18,2.24,2,592,19.5
2026-06-06 20:28:50,1723.23,88.87,57.93,48.98,23.9,4.29,3,576,21.35
2026-06-06 20:29:50,1008.16,62.21,93.71,46.69,16.77,1.55,1,345,14.74
2026-06-06 20:30:50,1262.67,32.95,24.41,40.56,13.25,7.46,7,337,11.29
2026-06-06 20:31:50,1102.76,94.71,35.07,68.13,22.63,5.87,5,397,21.73
2026-06-06 20:32:50,1029.91,69.36,47.65,38.86,18.57,4.75,4,336,16.08
2026-06-06 20:33:50,1192.91,52.36,59.87,49.9,15.26,4.67,5,346,12.87
2026-06-06 20:34:50,1098.7,98.88,86.28,32.02,23.65,2.47,2,421,21.84
2026-06-06 20:35:50,1487.98,70.69,92.82,61.54,19.73,1.47,2,497,17.18
2026-06-06 20:36:50,1740.87,38.97,27.83,53.87,16.01,6.86,7,467,13.24
2026-06-06 20:37:50,1196.98,73.32,34.46,41.42,19.2,6.37,7,381,16.71
2026-06-06 20:38:50,968.21,98.2,35.89,68.39,23.38,6.38,5,367,21.67
2026-06-06 20:39:50,1122.49,90.24,83.8,66.17,23.29,2.75,3,402,20.93
2026-06-06 20:40:50,1766.52,39.89,49.95,52.81,16.27,5.0,4,518,13.33
2026-06-06 20:41:50,1021.89,48.71,50.71,38.27,14.82,4.46,4,299,13.55
2026-06-06 20:42:50,1583.09,49.96,70.33,60.39,17.62,3.78,4,456,14.41
2026-06-06 20:43:50,1650.18,47.2,67.35,43.18,17.23,3.83,3,506,14.3
2026-06-06 20:44:50,1459.78,69.32,21.91,69.01,21.06,7.14,7,444,18.64
2026-06-06 20:45:50,1273.37,66.76,22.59,57.7,19.16,7.54,7,368,17.07
2026-06-06 20:46:50,1166.04,75.59,64.59,39.98,19.85,3.64,3,421,17.5
2026-06-06 20:47:50,1670.59,44.54,32.22,48.61,16.09,6.84,5,476,13.6
2026-06-06 20:48:50,1768.98,70.99,21.83,66.09,22.14,7.68,7,541,19.25
2026-06-06 20:49:50,928.37,39.23,86.19,47.62,12.72,1.72,2,293,10.02
2026-06-06 20:50:50,1033.25,70.31,36.79,41.64,18.77,6.14,6,348,17.26
2026-06-06 20:51:50,1657.71,71.01,37.6,69.1,21.38,6.33,5,527,18.47
2026-06-06 20:52:50,916.49,90.19,69.7,42.98,21.36,3.81,3,349,20.29
2026-06-06 20:53:50,1284.14,37.89,28.82,58.15,12.97,6.83,7,345,10.75
2026-06-06 20:54:50,1577.59,86.62,53.44,30.24,23.48,4.48,4,510,20.97
2026-06-06 20:55:50,1413.81,74.81,34.24,55.18,20.93,6.03,4,463,19.29
2026-06-06 20:56:50,1404.88,95.76,41.39,56.31,25.62,6.08,6,466,23.43
2026-06-06 20:57:50,1325.61,71.28,29.91,30.57,20.18,6.43,5,422,17.4
2026-06-06 20:58:50,1463.63,55.63,40.29,67.16,18.58,5.57,5,422,16.23
2026-06-06 20:59:50,1786.54,61.13,75.44,56.63,20.85,2.68,3,552,18.19
2026-06-06 21:00:50,1780.35,84.07,88.81,56.67,23.74,2.18,2,597,20.49
2026-06-06 21:01:50,1006.99,64.51,49.37,61.91,17.12,4.95,3,321,14.69
2026-06-06 21:02:50,1550.92,68.72,65.47,55.17,19.65,4.19,5,499,18.22
2026-06-06 21:03:50,1362.57,59.57,31.2,30.64,18.87,6.76,6,399,16.03
2026-06-06 21:04:50,1162.4,59.86,73.46,33.17,17.76,3.54,3,400,14.81
2026-06-06 21:05:50,1642.31,41.27,21.64,30.55,15.21,6.97,5,456,12.89
2026-06-06 21:06:50,1428.87,36.75,80.46,31.39,14.76,2.7,3,436,12.65
2026-06-06 21:07:50,908.59,56.48,77.91,44.93,14.93,2.63,3,288,14.08
2026-06-06 21:08:50,1104.02,46.98,84.15,57.29,15.37,2.22,2,350,12.94
2026-06-06 21:09:50,1129.09,40.61,65.5,54.87,14.83,3.65,4,327,11.86
2026-06-06 21:10:50,1371.56,39.05,29.06,31.53,15.36,6.32,6,380,12.25
2026-06-06 21:11:50,1693.48,45.24,91.55,50.37,17.13,1.56,2,516,13.54
2026-06-06 21:12:50,1084.68,30.03,92.19,37.5,11.37,2.06,2,325,10.12
2026-06-06 21:13:50,1194.0,42.22,61.26,43.93,14.58,3.76,4,359,11.68
2026-06-06 21:14:50,1413.15,31.84,88.1,62.81,13.59,2.22,3,410,10.1
2026-06-06 21:15:50,1018.25,76.9,79.89,39.75,20.28,2.41,3,368,17.38
2026-06-06 21:16:50,1261.09,71.21,59.35,58.34,19.88,4.55,5,416,17.55
2026-06-06 21:17:50,1024.13,71.6,40.31,32.51,18.3,5.65,4,348,16.84
2026-06-06 21:18:50,1764.09,88.4,49.71,38.01,25.69,5.34,5,550,22.98
2026-06-06 21:19:50,1372.86,54.38,20.04,56.71,17.92,6.93,7,399,15.06
2026-06-06 21:20:50,1779.23,58.49,48.74,53.25,19.53,5.26,4,538,16.6
2026-06-06 21:21:50,1078.55,80.85,66.37,63.59,21.18,3.32,3,398,19.78
2026-06-06 21:22:50,1483.45,43.81,38.54,30.28,14.96,5.71,4,418,12.85
2026-06-06 21:23:50,1451.99,85.13,24.5,49.03,22.62,6.95,6,457,21.19
2026-06-06 21:24:50,1236.42,66.93,32.32,66.12,19.65,6.9,7,385,17.34
2026-06-06 21:25:50,1380.49,85.78,58.52,50.25,23.76,4.56,4,469,21.42
2026-06-06 21:26:50,1734.08,89.94,91.33,53.69,24.19,1.73,2,580,21.33
2026-06-06 21:27:50,1072.84,79.6,81.74,52.9,20.91,2.95,3,406,19.85
2026-06-06 21:28:50,1603.77,30.28,56.61,54.4,14.44,3.99,3,465,11.01
2026-06-06 21:29:50,1673.22,30.6,86.46,59.48,14.68,2.52,2,503,10.88
2026-06-06 21:30:50,1395.73,87.12,70.47,60.41,23.58,3.62,3,469,20.92
2026-06-06 21:31:50,1078.88,99.02,68.22,36.68,24.34,3.64,3,431,21.86
2026-06-06 21:32:50,1182.22,47.57,22.51,54.33,15.16,6.9,6,319,12.27
2026-06-06 21:33:50,1465.54,47.32,29.09,46.43,16.26,6.8,5,426,14.25
2026-06-06 21:34:50,1168.76,49.34,45.45,55.22,16.35,5.07,5,330,13.23
2026-06-06 21:35:50,1010.98,49.5,88.85,65.91,14.73,2.37,3,328,13.42
2026-06-06 21:36:50,1029.56,58.83,48.9,31.7,16.32,5.07,5,326,13.77
2026-06-06 21:37:50,1778.34,78.67,27.9,45.05,23.67,6.89,6,537,20.15
2026-06-06 21:38:50,1452.18,59.22,46.5,44.89,17.99,5.57,6,430,15.91
2026-06-06 21:39:50,1199.61,44.95,53.51,61.07,14.04,4.61,4,357,11.58
2026-06-06 21:40:50,1354.42,87.05,62.25,68.6,23.71,4.11,4,471,21.81
2026-06-06 21:41:50,1568.61,46.79,36.53,38.99,17.54,6.51,6,452,15.19
2026-06-06 21:42:50,1700.48,88.68,61.33,52.63,24.9,3.99,3,578,21.29
2026-06-06 21:43:50,1051.03,80.35,85.5,52.84,21.09,1.86,2,387,18.11
2026-06-06 21:44:50,1087.4,44.76,88.29,46.13,13.5,2.34,3,325,12.16
2026-06-06 21:45:50,1575.86,53.0,60.9,65.52,16.96,3.87,4,480,13.63
2026-06-06 21:46:50,1421.54,73.32,79.49,32.97,20.81,2.21,1,474,17.68
2026-06-06 21:47:50,1393.1,96.8,62.86,55.15,25.47,4.1,3,508,22.33
2026-06-06 21:48:50,1090.26,82.46,43.44,52.08,21.24,5.35,5,381,19.86
2026-06-06 21:49:50,907.52,37.8,40.65,57.55,11.66,5.97,5,248,11.02
2026-06-06 21:50:50,1171.32,68.11,78.63,31.19,18.25,2.78,3,384,17.18
2026-06-06 21:51:50,1226.02,70.61,58.44,66.24,19.77,4.2,3,400,17.57
2026-06-06 21:52:50,1539.93,74.32,27.95,44.75,21.83,6.94,5,487,18.86
2026-06-06 21:53:50,1614.14,32.11,78.4,58.4,14.27,2.67,2,476,10.59
2026-06-06 21:54:50,1517.11,53.23,65.54,43.46,18.15,3.45,4,455,14.63
2026-06-06 21:55:50,1366.27,31.3,96.72,61.05,13.92,1.62,2,426,10.4
2026-06-06 21:56:50,1398.2,88.39,61.93,61.38,24.25,3.62,4,486,20.81
2026-06-06 21:57:50,1459.57,82.86,36.31,49.2,23.64,6.22,6,468,20.19
2026-06-06 21:58:50,1395.52,92.86,28.65,61.3,23.5,6.71,7,452,21.91
2026-06-06 21:59:50,1792.43,69.85,81.11,31.15,20.86,2.35,2,588,18.99
2026-06-06 22:00:50,1401.04,49.7,49.3,30.92,16.25,4.91,4,424,13.98
2026-06-06 22:01:50,1321.35,90.69,59.07,48.26,24.2,4.59,5,458,22.13
2026-06-06 22:02:50,1704.59,94.72,78.52,55.41,26.8,3.2,4,588,24.5
2026-06-06 22:03:50,1626.97,96.23,28.23,53.25,26.42,6.55,6,515,23.61
2026-06-06 22:04:50,911.01,96.07,81.91,41.63,22.83,2.73,3,374,22.1
2026-06-06 22:05:50,958.41,51.59,48.07,33.14,14.36,4.75,4,291,12.16
2026-06-06 22:06:50,1613.93,91.75,57.8,68.31,24.87,4.23,4,554,21.9
2026-06-06 22:07:50,953.57,96.85,77.8,54.25,24.22,2.47,2,375,21.35
2026-06-06 22:08:50,1373.61,83.4,29.96,42.88,22.09,6.3,6,426,19.14
2026-06-06 22:09:50,1334.51,44.06,99.63,65.07,14.97,1.53,1,410,12.41
2026-06-06 22:10:50,1780.08,55.94,52.9,62.14,20.15,5.17,5,520,16.56
2026-06-06 22:11:50,1616.75,79.8,56.3,31.92,22.66,4.85,5,525,20.15
2026-06-06 22:12:50,1591.37,97.56,20.46,58.04,26.89,7.8,7,493,23.08
2026-06-06 22:13:50,1535.0,37.94,26.08,48.66,14.42,6.65,6,414,11.55
2026-06-06 22:14:50,1722.6,44.11,75.67,40.57,16.27,2.89,3,535,12.6
2026-06-06 22:15:50,1483.72,90.62,94.65,36.52,24.73,1.63,1,520,21.9
2026-06-06 22:16:50,1335.77,53.47,56.64,43.47,17.43,4.95,5,396,15.49
2026-06-06 22:17:50,1531.07,78.01,20.49,32.43,23.08,7.14,7,456,20.84
2026-06-06 22:18:50,1137.57,80.32,31.31,37.44,21.58,6.59,6,374,18.95
2026-06-06 22:19:50,1698.39,87.28,34.66,57.93,24.38,6.12,5,539,22.34
2026-06-06 22:20:50,1775.82,30.55,47.97,69.74,15.21,4.94,4,486,12.07
2026-06-06 22:21:50,938.45,61.84,65.97,55.87,17.39,3.52,4,316,15.46
2026-06-06 22:22:50,1344.29,70.29,70.53,68.72,19.64,3.49,3,441,17.15
2026-06-06 22:23:50,971.82,31.99,73.82,50.72,11.38,2.74,3,277,8.52
2026-06-06 22:24:50,1431.38,34.78,93.21,42.5,13.3,1.71,3,424,10.27
2026-06-06 22:25:50,1068.14,78.34,96.56,49.21,20.31,0.79,2,383,17.67
2026-06-06 22:26:50,1710.16,36.93,72.84,44.78,15.76,3.59,4,471,12.73
2026-06-06 22:27:50,1035.18,31.29,23.42,66.09,10.87,7.33,7,276,9.19
2026-06-06 22:28:50,1562.69,60.88,86.28,36.25,19.16,2.4,2,485,15.8
2026-06-06 22:29:50,1048.83,97.98,78.6,66.5,23.69,3.06,2,395,21.57
2026-06-06 22:30:50,1548.47,35.06,73.94,37.31,13.66,3.53,4,447,11.82
2026-06-06 22:31:50,1276.13,98.34,56.56,44.19,25.61,4.97,5,460,23.98
2026-06-06 22:32:50,1369.04,50.14,90.21,32.19,16.66,1.53,2,419,13.39
2026-06-06 22:33:50,1525.72,57.94,53.65,62.5,18.45,4.37,3,491,15.14
2026-06-06 22:34:50,1620.68,88.79,32.19,48.36,23.77,6.6,6,502,22.0
2026-06-06 22:35:50,1186.09,52.83,68.69,51.1,16.8,3.43,3,391,14.81
2026-06-06 22:36:50,1404.6,39.12,22.73,32.61,13.68,6.83,6,364,12.03
2026-06-06 22:37:50,1777.74,48.77,83.5,37.17,17.67,2.62,2,543,14.99
2026-06-06 22:38:50,1048.99,87.35,52.49,59.18,21.32,5.1,5,359,20.34
2026-06-06 22:39:50,1129.55,63.77,84.67,62.94,17.63,1.95,2,407,16.6
2026-06-06 22:40:50,1654.05,92.23,54.54,58.78,25.68,4.98,4,560,23.02
2026-06-06 22:41:50,1536.42,90.71,30.76,69.11,25.0,6.15,5,519,22.82
2026-06-06 22:42:50,1589.23,90.54,33.76,67.1,24.07,6.0,6,516,21.79
2026-06-06 22:43:50,1710.59,97.11,27.34,59.17,26.11,6.49,6,542,23.45
2026-06-06 22:44:50,1408.82,73.14,36.74,43.43,20.73,5.94,4,440,18.06
2026-06-06 22:45:50,1492.48,42.8,30.14,45.11,16.18,7.02,6,393,13.89
2026-06-06 22:46:50,1390.71,89.7,83.89,54.75,24.37,2.59,2,487,22.48
2026-06-06 22:47:50,909.34,83.47,25.97,32.6,20.41,6.73,5,317,18.59
2026-06-06 22:48:50,1592.55,71.24,87.92,58.43,20.79,2.32,3,537,18.51
2026-06-06 22:49:50,1429.36,39.5,55.79,58.14,13.91,4.94,4,427,11.53
2026-06-06 22:50:50,1488.4,93.45,48.8,53.93,25.38,5.46,5,503,21.94
2026-06-06 22:51:50,1139.01,73.12,23.54,50.18,20.16,7.26,6,377,17.49
2026-06-06 22:52:50,1322.47,43.95,33.59,60.36,14.97,5.84,5,370,12.38
2026-06-06 22:53:50,1011.53,41.99,27.51,61.26,13.24,7.23,6,265,10.33
2026-06-06 22:54:50,1480.69,44.17,82.28,30.31,16.09,1.99,3,465,12.53
2026-06-06 22:55:50,1799.67,61.68,24.33,59.19,20.4,7.1,6,523,16.82
2026-06-06 22:56:50,1060.4,61.34,37.48,59.15,17.55,6.3,6,313,15.74
2026-06-06 22:57:50,1674.57,94.99,71.44,45.2,25.19,3.69,4,551,22.18
2026-06-06 22:58:50,1568.23,72.76,68.72,56.9,20.37,3.84,3,496,18.89
2026-06-06 22:59:50,1220.37,49.57,85.01,39.4,16.08,2.5,3,395,14.08
2026-06-06 23:00:50,1709.95,61.97,69.91,31.84,20.94,3.23,4,528,18.11
2026-06-06 23:01:50,1718.83,65.51,43.63,55.81,21.38,5.27,4,524,18.49
2026-06-06 23:02:50,1615.15,91.56,86.13,66.16,24.28,1.71,2,575,22.26
2026-06-06 23:03:50,1014.12,72.96,65.32,56.8,19.15,3.89,4,360,17.16
2026-06-06 23:04:50,1272.66,64.84,27.99,61.14,18.27,6.59,7,363,17.01
2026-06-06 23:05:50,1509.76,43.71,95.73,66.01,16.36,1.71,2,447,14.09
2026-06-06 23:06:50,1458.09,86.11,75.76,47.61,23.73,2.58,2,528,20.44
2026-06-06 23:07:50,1130.21,94.71,46.7,51.6,23.21,5.05,4,407,21.09
2026-06-06 23:08:50,998.12,90.87,29.96,61.57,23.11,6.68,6,337,21.84
2026-06-06 23:09:50,1070.52,59.56,32.51,62.41,16.02,6.32,5,312,14.32
2026-06-06 23:10:50,1035.64,71.95,44.72,31.42,20.01,5.0,4,358,18.18
2026-06-06 23:11:50,1759.47,97.54,40.07,63.83,25.85,6.15,6,563,22.42
2026-06-06 23:12:50,1458.31,81.45,35.98,31.82,22.55,6.44,6,454,20.4
2026-06-06 23:13:50,1154.31,55.43,74.07,30.43,16.83,3.22,3,355,15.41
2026-06-06 23:14:50,1619.6,35.33,22.54,65.13,15.45,7.38,7,435,12.8
2026-06-06 23:15:50,1176.37,99.57,54.69,53.41,25.48,4.64,4,415,23.38
2026-06-06 23:16:50,1090.22,63.21,34.46,60.56,18.07,6.3,5,340,15.54
2026-06-06 23:17:50,1564.56,50.82,33.01,67.53,18.03,6.61,5,446,15.05
2026-06-06 23:18:50,1507.41,83.52,20.23,46.61,22.59,7.42,7,465,20.8
2026-06-06 23:19:50,1787.13,43.43,58.18,31.01,17.41,4.17,4,505,14.29
2026-06-06 23:20:50,1597.15,80.52,60.88,65.05,23.01,4.34,3,515,19.57
2026-06-06 23:21:50,1698.67,98.53,67.4,63.39,26.07,3.82,4,574,24.22
2026-06-06 23:22:50,1178.15,46.94,90.93,43.38,15.37,2.06,3,358,12.67
2026-06-06 23:23:50,1653.63,41.64,78.48,67.26,15.13,2.62,3,485,12.4
2026-06-06 23:24:50,1715.0,44.13,71.3,59.44,15.85,3.46,4,501,12.52
2026-06-06 23:25:50,965.72,69.24,48.34,66.21,19.19,4.77,5,328,17.99
2026-06-06 23:26:50,1409.65,31.4,67.93,62.46,13.64,3.86,3,396,10.87
2026-06-06 23:27:50,1452.47,61.16,99.73,68.08,18.28,0.81,1,498,16.23
2026-06-06 23:28:50,1330.94,69.02,86.41,39.08,18.95,2.18,2,466,16.61
2026-06-06 23:29:50,1689.98,81.71,45.04,53.41,23.11,5.33,4,554,19.85
2026-06-06 23:30:50,1056.53,84.29,49.21,57.16,21.22,4.68,5,376,20.09
2026-06-06 23:31:50,1774.56,34.86,40.57,54.6,14.87,5.96,6,494,12.21
2026-06-06 23:32:50,1733.08,54.81,89.23,43.87,18.81,1.64,1,544,16.43
2026-06-06 23:33:50,1197.04,55.31,51.43,61.94,17.24,5.33,6,338,14.17
2026-06-06 23:34:50,1660.46,72.8,38.77,68.99,22.5,5.56,6,520,18.52
2026-06-06 23:35:50,1159.94,71.76,97.72,43.97,18.66,1.66,1,438,16.55
2026-06-06 23:36:50,1603.7,75.37,24.6,36.75,21.5,6.99,6,505,19.11
2026-06-06 23:37:50,1027.35,53.83,73.38,45.87,15.95,3.43,3,337,13.2
2026-06-06 23:38:50,1495.27,59.35,84.89,49.53,18.13,2.47,3,485,16.59
2026-06-06 23:39:50,1042.01,82.7,23.95,43.48,20.93,6.6,5,357,20.13
2026-06-06 23:40:50,1190.76,78.39,40.46,47.58,21.57,6.26,5,377,20.19
2026-06-06 23:41:50,1558.53,33.45,35.27,59.47,15.09,6.67,5,439,11.24
2026-06-06 23:42:50,1765.25,53.38,66.85,60.85,17.77,3.77,3,536,14.99
2026-06-06 23:43:50,1075.09,78.05,26.16,40.23,20.14,7.28,6,331,17.8
2026-06-06 23:44:50,1315.12,51.19,84.55,50.84,15.83,2.31,3,410,13.64
2026-06-06 23:45:50,1339.26,69.82,37.81,46.66,19.95,6.39,5,405,17.61
2026-06-06 23:46:50,938.42,75.99,81.98,36.21,20.07,2.2,1,366,17.5
2026-06-06 23:47:50,1364.73,49.11,22.78,40.75,16.87,7.45,6,376,14.97
2026-06-06 23:48:50,1371.43,91.34,92.42,48.92,24.42,1.87,3,504,21.57
2026-06-06 23:49:50,1201.74,67.6,65.03,51.25,18.44,4.18,3,414,15.56
2026-06-06 23:50:50,1531.16,38.61,33.08,50.0,14.69,5.97,5,422,11.25
2026-06-06 23:51:50,1280.52,44.07,94.71,49.64,14.28,1.42,2,411,11.85
2026-06-06 23:52:50,977.7,71.98,36.22,68.72,19.15,6.24,5,303,17.58
2026-06-06 23:53:50,1220.66,32.33,53.19,43.07,12.69,4.51,4,359,9.41
2026-06-06 23:54:50,1720.57,87.71,23.35,47.45,25.37,7.11,7,550,22.9
2026-06-06 23:55:50,1033.39,57.43,93.49,69.62,17.43,1.34,2,338,15.32
2026-06-06 23:56:50,1446.08,37.26,80.03,43.46,14.46,3.09,4,434,11.96
2026-06-06 23:57:50,1707.04,56.56,70.29,48.6,18.52,3.03,3,547,16.03
2026-06-06 23:58:50,1094.03,44.67,80.08,45.54,14.2,2.4,2,356,12.22
2026-06-06 23:59:50,1312.83,73.52,89.09,52.96,21.32,1.92,2,446,19.12
2026-06-07 00:00:50,1087.59,92.76,59.12,46.83,22.88,4.64,4,405,21.05
2026-06-07 00:01:50,1594.85,35.12,84.32,32.45,14.45,2.49,3,473,11.04
2026-06-07 00:02:50,1631.59,80.61,71.6,50.52,23.64,3.09,3,542,20.54
2026-06-07 00:03:50,1677.56,59.2,29.73,51.29,19.71,7.11,6,472,16.63
2026-06-07 00:04:50,1628.68,84.21,74.72,44.69,22.86,2.67,2,561,20.2
2026-06-07 00:05:50,1056.91,32.0,88.93,48.33,12.73,1.79,3,331,10.44
2026-06-07 00:06:50,975.07,95.06,44.6,47.43,22.91,5.43,4,365,20.93
2026-06-07 00:07:50,956.53,53.95,46.1,37.49,15.71,5.66,5,298,13.22
2026-06-07 00:08:50,1513.92,41.15,57.68,68.05,14.6,4.11,4,451,11.19
2026-06-07 00:09:50,1227.93,90.83,87.31,52.65,22.64,1.77,2,453,20.87
2026-06-07 00:10:50,1589.97,70.9,68.65,48.18,20.55,3.59,3,505,18.59
2026-06-07 00:11:50,1698.08,61.75,24.65,52.79,19.36,6.59,6,486,17.51
2026-06-07 00:12:50,1420.91,65.42,80.94,58.34,20.22,2.89,3,451,17.63
2026-06-07 00:13:50,1089.19,70.75,96.99,58.98,19.41,1.69,2,400,16.45
2026-06-07 00:14:50,1205.3,31.36,31.69,55.87,12.09,6.38,6,298,10.51
2026-06-07 00:15:50,1318.94,71.13,54.14,54.74,19.79,4.26,5,432,17.3
2026-06-07 00:16:50,1344.33,89.64,22.35,56.31,22.59,7.27,6,431,20.97
2026-06-07 00:17:50,1420.01,32.37,73.22,57.77,12.52,3.45,3,406,11.07
2026-06-07 00:18:50,1233.22,94.27,95.93,38.31,24.35,1.17,1,472,22.62
2026-06-07 00:19:50,1273.29,76.93,46.96,39.31,21.83,5.23,4,417,19.14
2026-06-07 00:20:50,1122.56,64.55,99.95,31.86,17.43,0.62,1,391,16.29
2026-06-07 00:21:50,1532.01,89.94,74.95,48.37,24.14,2.64,3,522,21.03
2026-06-07 00:22:50,1084.26,45.17,85.4,67.47,14.61,2.04,3,326,11.86
2026-06-07 00:23:50,920.39,31.44,66.66,39.92,10.73,3.18,2,288,9.36
2026-06-07 00:24:50,1599.19,49.5,99.67,43.17,17.64,1.33,2,504,14.88
2026-06-07 00:25:50,1214.16,78.33,46.7,58.3,20.38,5.36,4,402,19.21
2026-06-07 00:26:50,1234.23,86.51,33.44,55.54,21.77,5.95,4,431,20.37
2026-06-07 00:27:50,1139.95,67.98,78.59,64.25,18.27,2.41,2,386,16.76
2026-06-07 00:28:50,1428.3,87.23,67.12,56.33,22.6,3.7,4,472,19.69
2026-06-07 00:29:50,1632.07,70.92,27.03,64.39,21.21,6.73,7,487,19.19
2026-06-07 00:30:50,1469.13,84.13,74.68,37.82,23.92,2.62,3,512,20.1
2026-06-07 00:31:50,1218.83,63.89,69.63,54.3,17.65,3.04,2,401,15.48
2026-06-07 00:32:50,1620.28,66.74,45.62,61.93,19.58,5.08,5,509,16.44
2026-06-07 00:33:50,1040.21,31.96,35.13,61.12,10.96,6.27,5,273,9.78
2026-06-07 00:34:50,1280.16,82.41,93.8,46.48,21.54,1.14,1,479,20.22
2026-06-07 00:35:50,1645.86,41.08,52.28,31.51,16.88,5.22,5,462,13.76
2026-06-07 00:36:50,1471.36,39.22,96.41,33.74,15.06,1.63,1,457,12.13
2026-06-07 00:37:50,1133.44,79.08,37.71,41.5,19.99,6.37,6,387,18.59
2026-06-07 00:38:50,1330.62,32.92,47.72,49.28,12.59,4.99,5,350,10.61
2026-06-07 00:39:50,1420.3,66.4,95.83,43.99,19.42,1.01,1,499,17.43
2026-06-07 00:40:50,1330.68,90.59,75.82,58.88,23.12,2.81,2,481,20.47
2026-06-07 00:41:50,1758.37,73.5,65.2,60.01,22.68,3.33,4,558,18.66
2026-06-07 00:42:50,1348.51,85.76,42.09,50.42,22.43,5.96,5,467,20.38
2026-06-07 00:43:50,1222.36,79.47,90.85,46.71,20.81,1.48,1,450,19.09
2026-06-07 00:44:50,1748.44,88.13,66.43,58.87,25.63,3.85,4,582,21.85
2026-06-07 00:45:50,919.67,35.19,84.49,38.89,12.28,2.61,3,277,9.43
2026-06-07 00:46:50,1701.56,38.98,62.38,39.51,16.44,4.46,4,478,12.83
2026-06-07 00:47:50,1588.84,65.38,99.77,67.12,20.0,1.29,2,524,17.17
2026-06-07 00:48:50,1218.89,93.18,57.83,35.53,23.89,4.38,3,456,22.43
2026-06-07 00:49:50,1644.21,67.15,44.24,31.02,20.18,5.7,5,492,17.19
2026-06-07 00:50:50,1014.9,57.31,48.13,35.22,15.96,4.66,5,333,13.57
2026-06-07 00:51:50,1161.99,66.6,34.66,63.12,17.89,5.81,4,374,15.72
2026-06-07 00:52:50,1507.35,50.13,78.41,35.46,17.16,2.59,4,461,14.26
2026-06-07 00:53:50,1661.51,99.23,73.73,56.59,25.75,3.21,3,574,22.74
2026-06-07 00:54:50,967.62,78.7,84.33,48.88,19.53,2.13,3,364,18.1
2026-06-07 00:55:50,1241.91,72.63,91.5,68.63,19.71,2.07,3,439,17.88
2026-06-07 00:56:50,1094.86,59.41,43.4,64.7,16.63,5.53,5,322,15.09
2026-06-07 00:57:50,1578.37,51.16,81.17,42.4,17.02,2.18,3,487,13.84
2026-06-07 00:58:50,1598.34,32.32,84.68,58.62,14.84,2.31,2,457,12.23
2026-06-07 00:59:50,1527.94,56.83,35.04,48.65,18.06,5.95,5,449,15.3
2026-06-07 01:00:50,1378.5,48.89,26.82,35.22,16.87,6.7,6,385,13.55
2026-06-07 01:01:50,914.18,96.51,34.95,64.57,22.75,6.02,4,364,21.01
2026-06-07 01:02:50,1451.54,52.42,28.82,67.21,16.4,6.44,5,416,13.66
2026-06-07 01:03:50,1464.52,68.79,37.58,34.24,20.08,5.64,5,457,17.36
2026-06-07 01:04:50,953.22,71.81,38.42,63.48,18.01,6.06,5,301,16.42
2026-06-07 01:05:50,1386.0,89.67,29.14,41.62,23.89,6.22,5,468,21.6
2026-06-07 01:06:50,1623.58,60.5,74.85,63.43,18.8,3.44,4,508,15.42
2026-06-07 01:07:50,1206.73,94.43,94.16,57.68,24.28,1.15,1,483,23.0
2026-06-07 01:08:50,1571.33,66.73,34.07,34.49,21.17,6.38,5,497,18.38
2026-06-07 01:09:50,1032.94,89.66,69.33,52.62,22.53,3.46,4,375,20.12
2026-06-07 01:10:50,1380.44,98.47,45.11,47.57,25.91,5.73,5,483,23.09
2026-06-07 01:11:50,1195.41,92.95,70.73,55.65,23.83,3.7,3,425,22.65
2026-06-07 01:12:50,941.94,44.96,46.18,46.15,14.13,5.19,5,281,13.01
2026-06-07 01:13:50,1398.3,48.39,48.79,38.69,16.25,5.53,4,417,14.34
2026-06-07 01:14:50,1442.52,96.26,69.54,55.85,24.4,3.51,4,489,23.26
2026-06-07 01:15:50,1089.42,90.55,26.78,68.3,23.02,6.65,6,392,20.32
2026-06-07 01:16:50,1497.45,98.72,89.97,46.51,25.17,1.51,1,543,23.32
2026-06-07 01:17:50,1733.68,46.45,43.74,59.8,17.27,5.53,5,502,14.6
2026-06-07 01:18:50,1695.95,90.93,59.8,52.06,25.44,4.06,4,586,22.87
2026-06-07 01:19:50,955.74,56.26,40.03,69.95,16.62,5.59,4,293,14.31
2026-06-07 01:20:50,916.18,46.87,86.52,66.1,13.58,2.53,2,295,12.85
2026-06-07 01:21:50,1329.08,31.22,61.5,30.8,12.93,3.65,3,375,9.88
2026-06-07 01:22:50,1327.92,87.71,47.39,62.18,23.24,4.79,5,455,20.5
2026-06-07 01:23:50,1232.63,70.16,87.93,58.84,20.21,2.46,2,437,17.43
2026-06-07 01:24:50,1666.83,63.62,33.54,55.05,20.46,6.45,6,490,18.25
2026-06-07 01:25:50,1338.72,76.3,83.71,38.67,20.39,2.58,2,456,19.32
2026-06-07 01:26:50,1180.64,52.86,78.46,40.08,16.9,2.54,3,393,13.81
2026-06-07 01:27:50,1799.28,89.46,91.21,61.15,25.38,1.84,1,636,22.48
2026-06-07 01:28:50,1535.97,59.88,55.33,68.32,18.37,4.53,5,468,14.87
2026-06-07 01:29:50,1003.71,34.34,91.57,30.94,12.64,1.36,1,318,11.31
2026-06-07 01:30:50,1032.24,82.78,33.83,32.47,20.97,6.55,5,357,19.44
2026-06-07 01:31:50,1121.78,81.18,77.25,50.37,21.65,2.71,2,427,19.18
2026-06-07 01:32:50,1539.28,74.84,98.69,31.8,22.27,1.6,2,512,19.36
2026-06-07 01:33:50,1518.81,37.31,97.31,37.59,14.19,1.2,1,468,10.97
2026-06-07 01:34:50,1094.1,89.5,74.74,47.44,22.98,2.63,2,413,21.02
2026-06-07 01:35:50,1652.02,70.63,55.65,48.69,20.49,4.82,4,541,17.08
2026-06-07 01:36:50,1767.97,31.44,45.29,63.5,14.94,5.7,4,501,11.3
2026-06-07 01:37:50,1557.8,73.4,96.31,59.07,21.1,1.35,1,524,18.12
2026-06-07 01:38:50,1280.48,43.42,62.32,68.28,14.38,4.47,5,382,11.23
2026-06-07 01:39:50,1619.75,92.13,88.73,55.71,25.27,2.11,1,579,22.0
2026-06-07 01:40:50,1134.16,56.14,51.92,34.47,16.54,4.52,4,362,14.15
2026-06-07 01:41:50,1744.79,70.19,85.74,61.3,21.98,2.42,3,543,17.8
2026-06-07 01:42:50,1407.47,47.59,24.25,49.85,17.04,7.38,6,401,13.89
2026-06-07 01:43:50,1585.38,41.38,74.54,43.87,16.05,2.79,2,468,12.81
2026-06-07 01:44:50,1461.32,99.53,74.12,42.88,26.64,2.61,2,525,23.34
2026-06-07 01:45:50,1743.92,75.89,53.23,51.43,21.71,4.28,4,549,19.79
2026-06-07 01:46:50,1030.33,55.19,58.73,68.62,16.61,4.15,5,334,13.5
2026-06-07 01:47:50,1541.53,99.77,58.24,68.22,25.53,4.83,5,510,23.57
2026-06-07 01:48:50,993.15,57.26,80.24,64.2,17.23,2.16,3,319,14.95
2026-06-07 01:49:50,1339.05,32.64,69.97,53.35,12.38,3.53,4,367,9.7
2026-06-07 01:50:50,1372.68,40.6,65.95,50.06,14.57,3.4,3,428,11.69
2026-06-07 01:51:50,1752.47,61.37,77.29,50.51,19.21,3.01,4,555,16.62
2026-06-07 01:52:50,1700.46,67.47,53.6,40.78,21.21,4.29,4,522,17.18
2026-06-07 01:53:50,1129.15,46.55,30.58,50.64,15.21,6.57,6,325,12.01
2026-06-07 01:54:50,1264.64,99.69,85.38,59.33,25.65,1.7,1,487,23.76
2026-06-07 01:55:50,1713.84,74.04,91.62,31.49,23.01,2.14,3,551,19.22
2026-06-07 01:56:50,916.72,79.84,20.12,37.48,19.1,7.16,7,293,17.13
2026-06-07 01:57:50,1284.97,34.75,37.54,56.44,14.32,6.46,5,357,11.45
2026-06-07 01:58:50,1751.41,61.66,74.83,69.98,19.96,2.84,3,541,16.13
2026-06-07 01:59:50,1401.78,97.74,51.69,67.71,25.06,5.22,5,472,22.83
2026-06-07 02:00:50,1384.3,48.01,34.6,49.19,15.88,6.3,6,376,12.41
2026-06-07 02:01:50,1205.95,45.73,89.08,69.98,14.73,1.52,2,396,13.42
2026-06-07 02:02:50,1740.83,91.7,42.8,58.99,25.03,5.59,5,557,23.02
2026-06-07 02:03:50,1233.79,99.57,79.72,55.81,24.58,3.02,3,454,21.86
2026-06-07 02:04:50,1363.69,39.88,32.19,53.53,15.51,6.41,6,358,12.99
2026-06-07 02:05:50,1444.24,88.09,46.22,57.31,24.44,5.56,6,484,22.23
2026-06-07 02:06:50,1757.33,78.33,41.76,69.06,22.51,5.86,5,543,20.04
2026-06-07 02:07:50,1480.67,59.46,67.1,51.26,17.63,3.36,2,490,14.42
2026-06-07 02:08:50,1625.13,91.52,66.45,41.71,25.11,3.52,3,553,22.66
2026-06-07 02:09:50,1736.8,90.68,59.78,55.95,25.05,4.55,5,582,22.58
2026-06-07 02:10:50,1453.55,82.84,20.04,62.06,23.13,7.44,6,463,20.8
2026-06-07 02:11:50,1318.03,43.86,51.66,60.03,15.2,4.97,4,395,12.61
2026-06-07 02:12:50,913.65,84.25,98.66,60.27,20.98,1.52,2,366,18.73
2026-06-07 02:13:50,1258.88,57.96,53.66,57.84,16.72,5.18,5,378,15.17
2026-06-07 02:14:50,1448.58,70.73,78.13,47.63,20.84,2.85,2,497,18.23
2026-06-07 02:15:50,1309.7,71.46,60.9,51.57,20.07,4.13,4,429,17.74
2026-06-07 02:16:50,1010.26,94.83,37.56,64.9,22.12,5.69,4,360,20.3
2026-06-07 02:17:50,952.41,70.75,32.55,40.27,18.56,5.96,6,310,16.8
2026-06-07 02:18:50,1566.29,71.46,83.73,54.52,22.05,2.0,3,514,18.38
2026-06-07 02:19:50,1475.75,74.87,85.88,50.38,21.24,1.87,1,505,19.51
2026-06-07 02:20:50,1425.4,89.38,53.57,47.74,23.22,4.85,5,494,21.03
2026-06-07 02:21:50,1329.45,77.36,86.46,43.81,20.95,1.69,2,485,18.79
2026-06-07 02:22:50,1609.83,48.64,32.55,54.04,17.76,6.2,6,468,15.26
2026-06-07 02:23:50,1205.68,66.59,49.21,65.31,19.01,5.24,5,371,17.23
2026-06-07 02:24:50,1772.87,65.38,68.89,55.68,20.61,3.81,3,543,16.91
2026-06-07 02:25:50,1048.08,36.2,61.42,66.08,12.64,4.53,3,311,10.85
2026-06-07 02:26:50,1072.6,30.71,84.04,59.2,11.03,1.78,3,333,8.55
2026-06-07 02:27:50,1772.58,83.06,20.35,67.04,23.14,7.48,6,551,21.37
2026-06-07 02:28:50,1705.01,49.4,22.16,31.06,17.78,7.68,7,473,14.26
2026-06-07 02:29:50,973.5,85.18,73.55,48.35,22.19,3.16,4,373,19.33
2026-06-07 02:30:50,1406.6,70.91,68.43,57.02,19.76,3.94,4,440,18.21
2026-06-07 02:31:50,1548.17,87.62,90.88,34.4,23.76,1.9,2,545,21.88
2026-06-07 02:32:50,1050.43,70.17,84.95,52.82,18.69,2.41,3,367,17.04
2026-06-07 02:33:50,938.5,49.92,78.83,52.57,15.51,2.58,3,288,12.49
2026-06-07 02:34:50,1319.9,57.24,25.08,34.76,16.58,7.38,6,378,15.15
2026-06-07 02:35:50,1240.82,75.11,52.57,62.03,21.39,5.19,4,424,18.54
2026-06-07 02:36:50,1102.93,63.33,87.52,61.17,18.8,1.77,2,370,15.55
2026-06-07 02:37:50,1392.53,52.54,94.9,47.63,17.38,1.21,1,468,15.23
2026-06-07 02:38:50,1041.63,45.86,55.69,59.23,15.38,5.0,5,318,12.14
2026-06-07 02:39:50,1114.72,89.28,38.74,46.47,22.26,6.26,6,369,19.56
2026-06-07 02:40:50,918.07,76.45,66.67,56.83,19.33,3.6,4,343,18.7
2026-06-07 02:41:50,1263.82,56.64,99.66,31.15,17.81,0.54,1,436,15.34
2026-06-07 02:42:50,1295.69,52.22,62.95,32.68,16.45,3.84,4,411,13.35
2026-06-07 02:43:50,1351.65,52.63,21.69,64.43,15.9,7.6,7,394,12.8
2026-06-07 02:44:50,1189.67,58.4,37.72,67.05,16.5,6.4,6,343,15.54
2026-06-07 02:45:50,1264.33,98.98,46.8,50.99,24.67,5.28,4,466,23.26
2026-06-07 02:46:50,1070.72,58.92,22.53,33.01,16.82,7.37,7,313,14.38
2026-06-07 02:47:50,1398.14,41.64,37.84,34.63,15.9,5.58,5,414,12.14
2026-06-07 02:48:50,1729.88,92.88,20.62,32.55,25.61,7.24,7,556,22.31
2026-06-07 02:49:50,1071.8,40.77,23.33,54.74,14.54,7.4,7,292,11.4
2026-06-07 02:50:50,1222.35,34.35,43.99,68.05,12.3,5.16,5,342,10.52
2026-06-07 02:51:50,1336.77,94.57,86.21,51.53,23.53,2.16,3,483,21.45
2026-06-07 02:52:50,1299.7,80.25,31.81,58.97,22.63,6.73,5,407,20.45
2026-06-07 02:53:50,902.52,37.44,97.9,60.75,11.51,1.26,2,307,10.71
2026-06-07 02:54:50,1404.72,37.65,71.01,57.83,14.04,3.42,4,418,11.57
2026-06-07 02:55:50,1117.67,74.77,56.29,42.38,19.1,4.57,5,367,17.18
2026-06-07 02:56:50,1398.38,88.13,58.8,36.95,22.79,4.04,3,471,21.7
2026-06-07 02:57:50,913.04,52.3,92.99,51.61,14.85,1.81,2,307,12.74
2026-06-07 02:58:50,1257.47,56.03,60.66,39.96,16.19,4.57,4,370,14.41
2026-06-07 02:59:50,1754.87,83.82,42.35,31.91,23.98,6.06,5,542,21.33
2026-06-07 03:00:50,1173.95,96.2,32.47,50.22,24.56,6.83,6,388,23.36
2026-06-07 03:01:50,931.24,97.88,37.71,68.95,23.94,5.82,6,362,21.87
2026-06-07 03:02:50,1420.49,59.42,54.09,63.43,18.08,4.43,3,436,16.57
2026-06-07 03:03:50,1376.22,68.78,36.88,68.83,20.55,6.32,5,422,18.68
2026-06-07 03:04:50,1073.6,55.68,82.97,53.98,15.54,2.2,2,350,13.05
2026-06-07 03:05:50,1775.67,41.9,77.27,68.14,16.93,2.45,2,550,13.03
2026-06-07 03:06:50,905.63,95.75,64.76,39.19,22.23,3.93,3,353,21.89
2026-06-07 03:07:50,1659.32,82.31,35.77,52.27,22.51,6.36,5,538,19.32
2026-06-07 03:08:50,1375.99,59.94,43.68,46.93,17.44,5.17,4,425,16.13
2026-06-07 03:09:50,1401.28,49.92,59.02,51.13,15.94,3.99,5,429,14.12
2026-06-07 03:10:50,1146.46,89.86,56.41,68.54,22.02,4.38,5,396,20.81
2026-06-07 03:11:50,938.54,39.78,86.55,57.38,11.96,2.49,3,309,9.41
2026-06-07 03:12:50,1078.31,63.09,95.44,34.1,16.79,0.97,1,365,14.18
2026-06-07 03:13:50,1052.0,39.26,31.59,56.81,12.57,6.7,5,295,11.33
2026-06-07 03:14:50,1512.14,74.38,31.75,50.18,20.53,6.87,6,459,19.12
2026-06-07 03:15:50,1367.87,46.17,66.87,32.22,16.03,3.15,3,416,12.6
2026-06-07 03:16:50,1579.96,63.19,34.39,50.94,19.42,6.3,5,473,16.52
2026-06-07 03:17:50,1628.73,94.07,75.82,66.45,26.41,2.8,2,585,23.27
2026-06-07 03:18:50,1105.53,52.97,49.08,43.58,16.94,5.24,4,348,15.13
2026-06-07 03:19:50,933.9,42.26,85.0,63.13,13.81,2.38,2,304,10.97
2026-06-07 03:20:50,1698.17,30.33,59.99,53.48,13.83,4.45,3,497,10.73
2026-06-07 03:21:50,1014.7,63.48,77.94,55.68,18.31,2.73,3,346,16.83
2026-06-07 03:22:50,989.95,88.9,21.89,67.43,22.57,7.7,7,325,20.79
2026-06-07 03:23:50,1757.59,65.32,55.13,69.92,20.95,4.61,5,545,17.96
2026-06-07 03:24:50,1181.47,45.78,33.09,65.64,15.04,6.3,6,320,12.44
2026-06-07 03:25:50,1659.02,65.78,88.42,68.72,21.36,1.85,3,515,17.66
2026-06-07 03:26:50,1283.42,98.46,24.69,48.11,24.7,6.76,6,429,21.8
2026-06-07 03:27:50,1374.15,75.34,32.56,41.83,21.96,6.31,6,426,19.68
2026-06-07 03:28:50,1767.85,67.39,57.27,52.3,22.12,4.03,5,527,18.32
2026-06-07 03:29:50,996.03,32.17,58.85,61.93,11.25,3.98,3,289,8.93
2026-06-07 03:30:50,1367.8,85.0,83.91,35.18,22.05,1.85,1,499,20.24
2026-06-07 03:31:50,1292.26,99.03,37.5,36.88,25.76,6.17,6,435,22.57
2026-06-07 03:32:50,1485.15,71.33,74.92,39.79,21.61,2.91,3,505,18.36
2026-06-07 03:33:50,1792.38,38.81,54.31,66.39,16.97,4.94,4,494,12.35
2026-06-07 03:34:50,959.52,88.56,42.63,64.64,21.86,5.22,4,345,20.96
2026-06-07 03:35:50,1036.29,73.29,51.0,56.51,19.88,4.72,4,363,18.17
2026-06-07 03:36:50,1702.99,94.8,37.94,64.57,25.65,6.12,6,541,22.61
2026-06-07 03:37:50,1549.91,77.27,28.32,35.54,22.05,6.86,5,496,18.68
2026-06-07 03:38:50,1406.92,39.2,50.56,43.73,14.44,5.08,5,388,10.86
2026-06-07 03:39:50,1107.94,82.74,24.75,68.36,20.66,6.97,5,379,18.66
2026-06-07 03:40:50,1549.53,55.58,77.27,67.69,17.86,2.37,2,506,15.8
2026-06-07 03:41:50,1653.63,94.41,84.66,38.9,25.99,2.33,2,595,22.77
2026-06-07 03:42:50,1651.76,57.62,83.89,50.17,19.14,2.03,2,544,16.85
2026-06-07 03:43:50,1598.48,54.49,67.17,38.06,18.85,3.41,4,497,15.44
2026-06-07 03:44:50,987.43,33.24,44.65,37.08,12.6,5.3,5,252,11.02
2026-06-07 03:45:50,1583.37,64.17,99.35,45.28,19.55,0.57,2,505,17.46
2026-06-07 03:46:50,1013.96,90.75,54.59,36.34,22.68,4.29,4,373,20.35
2026-06-07 03:47:50,1160.68,94.59,87.38,56.01,23.08,2.22,3,446,20.49
2026-06-07 03:48:50,1138.59,91.66,32.14,66.7,23.13,6.77,6,371,21.23
2026-06-07 03:49:50,1601.35,89.38,72.93,34.19,24.77,3.65,4,529,22.77
2026-06-07 03:50:50,900.12,81.16,34.74,55.04,19.52,6.2,6,287,17.38
2026-06-07 03:51:50,1015.65,81.07,22.15,67.14,20.7,7.24,5,347,18.76
2026-06-07 03:52:50,1130.63,80.14,85.97,44.52,21.02,2.58,3,419,18.95
2026-06-07 03:53:50,1169.41,82.68,20.23,67.78,21.61,7.81,7,366,19.35
2026-06-07 03:54:50,1300.39,49.42,22.79,55.84,15.68,7.5,6,382,13.66
2026-06-07 03:55:50,1310.03,64.66,68.47,45.59,18.82,3.61,3,439,16.94
2026-06-07 03:56:50,1106.71,99.41,90.55,62.1,25.27,1.34,2,450,23.04
2026-06-07 03:57:50,1403.35,71.56,59.91,69.36,20.68,4.14,3,447,18.94
2026-06-07 03:58:50,1798.55,37.91,52.74,47.6,16.31,4.67,4,529,11.88
2026-06-07 03:59:50,1499.65,52.99,87.16,33.02,18.32,2.12,3,460,16.21
2026-06-07 04:00:50,1465.52,97.44,75.84,46.9,26.34,2.44,3,528,23.74
2026-06-07 04:01:50,1391.9,41.85,51.4,54.83,15.55,5.31,5,405,11.72
2026-06-07 04:02:50,1162.55,33.61,32.88,35.47,13.28,6.11,6,298,11.43
2026-06-07 04:03:50,1101.65,88.85,97.48,62.67,23.06,1.39,2,401,20.31
2026-06-07 04:04:50,1497.63,52.37,38.63,50.23,18.2,6.2,5,419,15.49
2026-06-07 04:05:50,908.73,90.34,72.5,65.49,22.68,2.84,3,338,21.82
2026-06-07 04:06:50,1708.77,64.68,76.35,64.87,20.3,2.58,3,524,17.88
2026-06-07 04:07:50,943.84,82.83,80.4,35.46,19.72,2.95,3,340,19.38
2026-06-07 04:08:50,1075.45,60.9,62.41,38.69,17.89,3.85,3,374,15.96
2026-06-07 04:09:50,1710.13,79.63,51.38,68.22,22.67,5.22,4,542,19.9
2026-06-07 04:10:50,1239.52,71.34,60.17,45.78,20.63,3.89,5,406,17.94
2026-06-07 04:11:50,1464.92,63.61,20.29,37.58,19.61,7.15,6,446,15.9
2026-06-07 04:12:50,1524.87,65.7,54.93,31.0,19.11,4.94,5,488,17.05
2026-06-07 04:13:50,1096.98,70.32,78.54,30.24,19.34,3.12,3,380,16.34
2026-06-07 04:14:50,1392.01,54.74,25.4,56.27,17.31,7.06,6,391,15.46
2026-06-07 04:15:50,1366.6,60.25,99.02,59.7,17.97,0.99,2,469,15.94
2026-06-07 04:16:50,1546.2,69.15,61.38,69.31,21.07,4.49,4,498,18.0
2026-06-07 04:17:50,1017.29,40.34,30.66,54.02,14.14,6.76,5,296,11.84
2026-06-07 04:18:50,1315.31,79.18,89.19,63.11,22.01,1.95,1,458,19.55
2026-06-07 04:19:50,1501.61,53.7,41.56,60.81,17.79,5.4,4,440,13.99
2026-06-07 04:20:50,1331.6,33.57,52.35,32.81,13.1,4.48,5,382,11.32
2026-06-07 04:21:50,1312.44,86.1,70.36,62.06,21.94,3.74,3,445,20.67
2026-06-07 04:22:50,1664.13,90.07,88.89,50.91,24.14,1.79,2,591,22.1
2026-06-07 04:23:50,1628.28,61.3,35.53,37.71,19.38,5.88,4,495,15.94
2026-06-07 04:24:50,1017.53,45.07,60.08,38.94,13.75,3.95,4,303,12.47
2026-06-07 04:25:50,1632.62,50.62,38.34,34.36,17.43,5.44,4,500,15.48
2026-06-07 04:26:50,965.92,44.96,57.07,69.87,14.18,4.87,4,296,11.93
2026-06-07 04:27:50,1571.59,99.67,95.33,64.52,25.92,1.12,1,583,22.68
2026-06-07 04:28:50,1015.98,50.42,57.0,43.87,15.42,4.06,4,322,13.69
2026-06-07 04:29:50,1130.18,71.55,63.38,33.45,19.8,3.8,3,383,16.96
2026-06-07 04:30:50,1413.24,91.59,41.53,30.08,24.12,5.59,5,460,22.6
2026-06-07 04:31:50,1181.19,89.46,51.34,64.94,22.52,4.45,4,400,19.85
2026-06-07 04:32:50,1385.12,83.96,31.19,46.59,22.05,6.84,5,465,20.83
2026-06-07 04:33:50,1130.66,46.03,29.64,47.81,14.33,6.99,6,318,12.27
2026-06-07 04:34:50,1390.38,61.06,88.04,54.49,17.97,1.85,2,442,16.42
2026-06-07 04:35:50,1752.86,97.93,28.66,58.74,25.93,7.18,7,557,22.83
2026-06-07 04:36:50,1119.27,44.72,75.4,36.48,14.29,3.12,2,357,11.39
2026-06-07 04:37:50,980.25,52.87,34.52,58.74,15.72,5.79,5,277,14.57
2026-06-07 04:38:50,1474.91,46.06,59.61,56.67,16.44,4.09,3,427,14.24
2026-06-07 04:39:50,1020.16,40.52,71.06,68.25,14.09,2.95,3,330,12.53
2026-06-07 04:40:50,1025.09,69.34,33.9,36.88,19.34,6.18,5,336,17.93
2026-06-07 04:41:50,1608.81,41.33,80.31,50.38,15.16,2.44,2,490,11.55
2026-06-07 04:42:50,1562.11,80.26,84.76,36.3,22.7,2.42,3,528,19.47
2026-06-07 04:43:50,901.18,70.94,20.36,55.14,18.99,7.22,7,277,17.39
2026-06-07 04:44:50,1016.11,45.09,58.54,58.35,13.63,4.21,3,313,11.1
2026-06-07 04:45:50,1694.98,87.41,62.83,38.33,25.14,3.55,3,582,22.64
2026-06-07 04:46:50,1573.68,36.46,56.37,51.68,15.74,4.33,3,453,11.85
2026-06-07 04:47:50,1210.66,63.19,83.35,52.2,17.25,2.71,3,383,16.0
2026-06-07 04:48:50,1716.87,65.27,28.86,47.15,20.55,7.03,6,498,17.79
2026-06-07 04:49:50,1769.2,40.68,62.18,34.61,15.88,3.75,4,513,13.32
2026-06-07 04:50:50,1262.11,40.4,50.16,38.28,14.24,5.17,4,348,12.15
2026-06-07 04:51:50,1527.94,70.9,56.36,54.31,20.03,4.98,4,478,18.64
2026-06-07 04:52:50,905.31,72.98,37.42,58.08,19.32,6.07,5,318,16.93
2026-06-07 04:53:50,1011.12,37.3,53.57,56.05,13.03,4.84,4,300,11.01
2026-06-07 04:54:50,1136.77,87.11,35.11,35.67,21.96,5.71,6,367,20.66
2026-06-07 04:55:50,1122.86,96.73,68.24,59.88,24.03,3.98,3,441,21.96
2026-06-07 04:56:50,1637.93,63.27,77.72,59.56,19.88,2.49,3,509,16.59
2026-06-07 04:57:50,1643.93,51.36,56.53,49.72,16.83,4.33,4,472,13.57
2026-06-07 04:58:50,1047.54,33.16,51.91,66.55,12.94,5.1,5,300,11.34
2026-06-07 04:59:50,1306.5,99.97,47.87,36.89,24.53,4.97,4,478,23.25
2026-06-07 05:00:50,1079.36,60.45,20.36,34.19,16.59,6.95,7,309,15.37
2026-06-07 05:01:50,1324.47,76.35,36.88,62.45,21.04,5.9,5,414,18.97
2026-06-07 05:02:50,1615.72,33.43,71.17,39.93,14.25,3.22,4,446,11.06
2026-06-07 05:03:50,1291.38,71.56,95.47,39.25,20.19,0.93,2,450,18.08
2026-06-07 05:04:50,1777.17,34.37,79.23,51.44,14.75,2.95,2,505,12.02
2026-06-07 05:05:50,1488.64,93.49,23.31,57.58,24.44,6.81,6,492,22.52
2026-06-07 05:06:50,1722.59,53.83,55.41,35.37,19.36,5.0,4,515,15.98
2026-06-07 05:07:50,1402.19,69.57,90.03,46.84,20.72,1.66,3,487,17.47
2026-06-07 05:08:50,913.79,38.41,93.9,54.96,11.81,1.37,1,301,9.55
2026-06-07 05:09:50,982.11,98.78,78.57,38.93,22.94,2.37,3,385,21.44
2026-06-07 05:10:50,1359.8,95.26,83.47,47.3,23.65,2.45,3,495,21.4
2026-06-07 05:11:50,926.7,93.7,99.43,60.53,23.16,0.91,1,378,22.23
2026-06-07 05:12:50,1313.51,98.63,59.03,69.18,24.8,3.8,3,500,22.19
2026-06-07 05:13:50,1787.22,33.39,89.31,34.0,14.19,1.9,1,551,10.34
2026-06-07 05:14:50,1292.6,45.4,61.29,51.5,15.21,4.29,4,370,13.56
2026-06-07 05:15:50,1307.39,95.56,46.92,33.24,23.66,5.04,5,436,21.4
2026-06-07 05:16:50,1527.22,43.51,85.73,69.38,15.73,1.77,2,477,13.16
2026-06-07 05:17:50,1272.71,84.25,70.34,48.42,23.04,3.34,3,454,20.31
2026-06-07 05:18:50,1011.98,60.64,96.58,60.91,16.67,1.67,2,371,14.05
2026-06-07 05:19:50,1787.87,92.84,71.22,33.74,24.95,3.42,4,585,23.25
2026-06-07 05:20:50,1452.98,82.16,36.14,50.39,22.43,5.85,5,486,19.71
2026-06-07 05:21:50,1251.53,64.81,23.68,42.65,18.6,6.91,7,356,15.98
2026-06-07 05:22:50,1442.65,40.86,29.05,37.14,14.24,6.76,6,415,12.7
2026-06-07 05:23:50,1667.0,68.37,40.95,51.55,21.76,5.44,5,529,18.22
2026-06-07 05:24:50,1697.74,82.29,76.96,32.32,23.11,3.09,2,558,20.06
2026-06-07 05:25:50,1412.54,61.73,30.49,45.38,17.93,6.29,6,415,14.88
2026-06-07 05:26:50,1721.08,39.99,51.67,31.82,16.31,5.0,4,484,12.41
2026-06-07 05:27:50,1263.73,31.94,24.97,48.92,12.61,6.6,6,331,10.32
2026-06-07 05:28:50,1304.64,48.06,34.86,53.21,15.15,6.34,6,355,13.88
2026-06-07 05:29:50,1346.81,33.08,82.44,40.1,13.62,2.28,3,403,11.05
2026-06-07 05:30:50,1713.66,86.16,30.34,67.4,23.4,6.67,5,564,21.28
2026-06-07 05:31:50,1635.65,76.65,37.4,55.49,22.39,5.66,4,513,19.08
2026-06-07 05:32:50,1266.81,44.24,23.81,50.02,15.96,6.94,6,367,13.85
2026-06-07 05:33:50,991.19,44.69,77.46,37.72,13.69,2.5,2,327,11.04
2026-06-07 05:34:50,914.11,77.18,86.05,47.15,19.89,1.97,2,345,17.58
2026-06-07 05:35:50,1261.37,67.12,94.52,53.58,19.63,1.25,2,417,17.09
2026-06-07 05:36:50,1677.89,51.98,43.5,68.82,18.84,5.77,5,490,15.12
2026-06-07 05:37:50,1095.6,53.37,82.01,35.69,15.6,2.38,3,373,13.16
2026-06-07 05:38:50,1124.05,72.42,62.08,33.45,19.16,4.37,5,376,17.14
2026-06-07 05:39:50,1272.38,70.63,92.59,33.47,20.6,2.09,2,422,17.72
2026-06-07 05:40:50,1207.2,93.4,76.37,46.19,24.04,2.92,2,449,22.36
2026-06-07 05:41:50,1593.01,48.44,89.72,53.05,17.4,1.69,2,480,15.23
2026-06-07 05:42:50,1738.38,98.57,89.62,65.13,26.06,2.24,1,605,24.48
2026-06-07 05:43:50,1312.96,89.55,43.48,42.53,23.67,5.66,6,433,21.36
2026-06-07 05:44:50,1711.94,61.93,97.53,38.98,20.51,0.75,1,568,18.2
2026-06-07 05:45:50,1729.93,83.14,63.42,32.36,24.37,3.66,4,549,21.28
2026-06-07 05:46:50,1361.67,99.84,79.18,35.07,24.44,3.1,4,500,23.19
2026-06-07 05:47:50,915.7,81.3,25.31,30.08,21.19,7.28,6,324,18.34
2026-06-07 05:48:50,1524.88,48.7,26.65,34.56,16.16,7.05,6,447,13.72
2026-06-07 05:49:50,1240.62,79.68,49.66,61.16,21.61,4.67,3,439,18.64
2026-06-07 05:50:50,1659.06,66.8,61.52,31.86,20.23,4.29,4,513,17.9
2026-06-07 05:51:50,1222.55,57.67,88.79,52.33,16.84,1.42,2,422,15.39
2026-06-07 05:52:50,1390.87,48.36,52.93,68.51,16.44,4.55,4,418,13.69
2026-06-07 05:53:50,1633.81,83.63,39.56,42.38,24.2,5.58,6,538,20.55
2026-06-07 05:54:50,1449.12,57.91,33.22,56.72,18.76,5.92,5,423,16.13
2026-06-07 05:55:50,1577.76,56.7,77.15,59.87,18.28,2.99,3,491,14.61
2026-06-07 05:56:50,1036.69,77.01,82.96,54.68,19.48,2.55,2,393,17.17
2026-06-07 05:57:50,1349.13,82.04,55.08,60.29,21.76,4.2,5,454,20.51
2026-06-07 05:58:50,1605.56,71.64,29.49,34.37,21.06,6.85,6,483,17.45
2026-06-07 05:59:50,962.52,69.07,61.27,53.95,18.57,3.77,4,327,16.44
2026-06-07 06:00:50,1754.66,73.29,44.04,51.81,22.52,5.23,5,547,19.43
2026-06-07 06:01:50,999.52,62.93,82.94,38.58,16.63,2.69,2,350,15.69
2026-06-07 06:02:50,1417.82,65.39,61.41,49.95,18.62,4.01,3,447,16.41
2026-06-07 06:03:50,1450.79,70.57,53.0,41.26,20.08,4.64,3,482,16.76
2026-06-07 06:04:50,993.29,95.32,29.09,44.07,23.81,6.89,6,368,22.33
2026-06-07 06:05:50,980.96,54.81,66.33,37.67,15.84,4.07,4,317,13.88
2026-06-07 06:06:50,998.65,51.5,48.57,52.44,15.82,5.14,4,303,13.17
2026-06-07 06:07:50,1321.77,62.67,75.81,33.2,19.41,3.02,2,440,16.54
2026-06-07 06:08:50,1484.49,97.04,99.91,55.2,25.7,0.62,2,549,22.33
2026-06-07 06:09:50,1251.74,31.25,59.55,62.02,11.97,4.62,4,350,8.81
2026-06-07 06:10:50,1474.38,59.48,91.98,41.08,17.77,1.71,1,472,16.26
2026-06-07 06:11:50,1386.4,75.61,45.49,56.84,20.42,5.1,4,444,19.07
2026-06-07 06:12:50,1661.99,36.12,49.52,34.06,14.91,5.31,5,464,12.22
2026-06-07 06:13:50,1728.39,34.63,41.61,58.78,16.07,6.07,5,470,11.93
2026-06-07 06:14:50,1054.39,50.73,47.78,52.89,16.03,5.56,5,325,13.05
2026-06-07 06:15:50,1223.79,96.65,75.37,37.89,23.96,2.93,3,454,21.58
2026-06-07 06:16:50,970.88,53.17,30.63,65.85,16.05,6.36,7,286,13.93
2026-06-07 06:17:50,1031.06,49.69,99.9,66.95,14.44,0.72,2,329,12.5
2026-06-07 06:18:50,1550.39,60.65,25.7,31.58,19.88,7.04,5,480,15.85
2026-06-07 06:19:50,1356.47,47.94,23.66,45.73,16.51,7.14,7,358,13.93
2026-06-07 06:20:50,1221.93,67.25,27.89,48.43,19.14,6.71,5,397,16.64
2026-06-07 06:21:50,1334.06,64.75,90.8,38.84,18.67,1.5,1,461,15.43
2026-06-07 06:22:50,1400.12,58.57,83.66,44.46,19.03,2.6,3,461,15.6
2026-06-07 06:23:50,1381.18,97.68,63.65,56.38,24.94,3.66,3,497,22.59
2026-06-07 06:24:50,1745.68,33.9,54.88,43.52,15.07,4.7,4,498,12.49
2026-06-07 06:25:50,1381.16,71.58,63.97,64.13,19.62,3.64,3,478,17.02
2026-06-07 06:26:50,1418.84,77.49,24.68,39.66,20.91,7.1,5,469,19.69
2026-06-07 06:27:50,1629.65,65.63,48.11,69.77,20.56,4.67,3,501,18.22
2026-06-07 06:28:50,1347.45,41.81,38.54,40.24,14.18,5.9,5,364,11.23
2026-06-07 06:29:50,970.04,67.32,48.81,41.34,17.64,4.76,5,328,16.84
2026-06-07 06:30:50,1554.38,69.55,44.19,66.55,20.09,5.25,4,502,17.45
2026-06-07 06:31:50,1156.42,76.55,30.54,64.37,20.53,6.47,5,388,18.82
2026-06-07 06:32:50,978.99,97.39,67.55,37.38,23.35,3.8,3,376,21.96
2026-06-07 06:33:50,1157.02,46.01,41.91,61.59,15.43,5.17,5,337,13.45
2026-06-07 06:34:50,1630.01,98.36,80.56,69.2,25.36,2.32,3,566,22.15
2026-06-07 06:35:50,1751.29,95.07,81.67,61.76,26.4,2.12,2,628,23.83
2026-06-07 06:36:50,1648.31,65.22,46.39,48.11,20.32,5.5,4,523,17.15
2026-06-07 06:37:50,1080.75,70.65,20.46,55.91,19.32,7.01,6,349,18.13
2026-06-07 06:38:50,995.63,77.41,51.3,49.15,19.98,4.79,4,353,17.53
2026-06-07 06:39:50,1338.76,93.28,52.23,51.79,23.59,5.21,5,460,20.7
2026-06-07 06:40:50,972.94,79.85,90.64,53.67,21.07,1.52,2,373,18.33
2026-06-07 06:41:50,1645.89,76.29,46.83,35.87,22.36,5.05,4,540,20.49
2026-06-07 06:42:50,1601.72,80.93,79.12,65.51,22.01,3.02,3,549,19.74
2026-06-07 06:43:50,1351.65,53.26,64.09,65.37,17.02,3.65,4,401,14.77
2026-06-07 06:44:50,1464.42,93.67,45.4,44.27,24.89,5.7,5,484,21.89
2026-06-07 06:45:50,1730.97,79.06,74.56,57.12,23.32,3.4,3,564,19.71
2026-06-07 06:46:50,1721.73,63.21,74.14,33.72,19.36,2.97,3,556,17.01
2026-06-07 06:47:50,1788.61,92.16,58.44,49.89,25.39,4.03,4,576,21.61
2026-06-07 06:48:50,1589.62,87.07,21.99,60.29,24.7,7.57,7,481,22.11
2026-06-07 06:49:50,1561.95,49.72,70.95,48.72,17.36,3.02,2,474,13.91
2026-06-07 06:50:50,1274.08,32.74,25.47,58.41,12.22,6.66,5,331,9.73
2026-06-07 06:51:50,1690.71,51.95,99.1,49.93,18.01,1.5,2,542,14.83
2026-06-07 06:52:50,1123.51,85.41,50.09,39.68,22.53,5.43,5,380,21.18
2026-06-07 06:53:50,1178.75,96.7,55.6,34.25,23.73,4.26,5,406,21.15
2026-06-07 06:54:50,1491.58,65.27,23.02,30.82,20.59,6.77,6,449,18.3
2026-06-07 06:55:50,932.99,69.77,95.38,62.38,18.0,1.17,2,338,17.28
2026-06-07 06:56:50,1515.93,58.25,64.54,54.43,19.37,4.19,4,483,16.54
2026-06-07 06:57:50,1715.86,54.66,72.16,45.72,18.37,3.11,3,529,15.79
2026-06-07 06:58:50,1371.73,84.06,78.69,43.45,22.28,2.71,3,484,20.54
2026-06-07 06:59:50,1157.24,62.69,21.94,31.2,17.14,7.67,7,321,14.94
2026-06-07 07:00:50,1232.69,96.41,21.76,57.71,25.01,7.06,7,399,22.44
2026-06-07 07:01:50,1458.18,61.04,92.21,69.68,18.63,1.38,2,464,15.44
2026-06-07 07:02:50,1762.22,46.17,81.85,37.95,16.67,2.64,3,541,12.93
2026-06-07 07:03:50,1521.12,51.27,51.23,59.19,18.08,5.07,5,451,14.35
2026-06-07 07:04:50,1234.82,68.69,34.03,52.93,20.22,6.08,5,394,17.82
2026-06-07 07:05:50,1038.07,89.31,47.47,42.19,21.72,4.94,4,362,20.38
2026-06-07 07:06:50,998.21,34.52,32.95,45.4,11.44,6.09,4,296,10.35
2026-06-07 07:07:50,970.12,39.58,78.07,59.54,13.05,2.68,2,291,11.16
2026-06-07 07:08:50,1467.82,67.18,99.15,67.83,19.34,0.81,2,497,17.3
2026-06-07 07:09:50,1656.13,85.83,97.07,30.76,23.26,0.91,1,569,20.83
2026-06-07 07:10:50,1740.77,67.98,42.64,56.28,20.43,5.6,4,536,17.6
2026-06-07 07:11:50,1546.0,41.78,24.96,49.6,16.12,6.73,6,442,13.55
2026-06-07 07:12:50,1783.73,36.18,20.15,64.65,14.8,7.18,6,490,12.38
2026-06-07 07:13:50,1132.56,64.49,49.94,40.26,17.36,4.6,4,373,15.55
2026-06-07 07:14:50,1299.99,83.91,42.11,64.97,21.3,5.96,5,437,18.65
2026-06-07 07:15:50,1675.47,66.17,34.22,59.46,20.61,6.59,5,527,17.48
2026-06-07 07:16:50,983.21,89.34,82.93,58.33,22.46,2.64,3,379,20.06
2026-06-07 07:17:50,1169.66,40.45,50.15,68.26,14.6,4.72,4,337,11.58
2026-06-07 07:18:50,1311.2,99.19,59.55,69.41,25.25,3.94,3,480,23.18
2026-06-07 07:19:50,1130.29,84.11,62.8,34.66,21.24,4.09,5,372,19.91
2026-06-07 07:20:50,1244.43,68.49,75.8,35.08,20.16,3.37,4,397,17.81
2026-06-07 07:21:50,956.12,55.11,99.36,67.8,15.75,0.87,1,320,14.08
2026-06-07 07:22:50,981.72,41.0,79.58,62.05,13.69,2.82,3,305,12.46
2026-06-07 07:23:50,1008.53,31.58,98.4,43.68,12.6,0.93,1,329,9.1
2026-06-07 07:24:50,954.15,80.03,55.46,61.03,19.97,4.61,4,348,18.51
2026-06-07 07:25:50,1029.39,91.32,44.31,53.07,21.87,5.42,5,381,20.59
2026-06-07 07:26:50,1209.62,76.53,46.66,57.92,20.22,4.86,4,406,18.1
2026-06-07 07:27:50,1659.64,97.27,73.26,64.03,25.19,2.66,3,570,22.35
2026-06-07 07:28:50,1317.25,76.62,30.48,68.71,20.58,6.27,5,411,18.71
2026-06-07 07:29:50,964.97,47.47,33.9,39.67,14.64,5.87,5,264,11.6
2026-06-07 07:30:50,1315.42,72.04,35.15,61.91,20.48,6.32,5,435,17.19
2026-06-07 07:31:50,1144.59,87.72,45.03,55.89,21.57,5.13,4,388,19.78
2026-06-07 07:32:50,1006.51,46.51,51.12,45.66,15.13,4.54,5,295,12.96
2026-06-07 07:33:50,961.05,40.54,32.59,58.63,13.43,6.0,5,282,10.49
2026-06-07 07:34:50,1039.9,81.34,55.65,61.78,20.43,4.22,5,379,19.3
2026-06-07 07:35:50,1334.81,48.35,78.29,36.97,15.08,2.35,3,419,12.07
2026-06-07 07:36:50,1605.91,44.55,81.49,42.47,16.05,2.12,3,492,13.41
2026-06-07 07:37:50,1109.55,36.61,49.93,48.37,12.19,4.87,4,330,9.96
2026-06-07 07:38:50,1630.7,45.54,35.68,50.88,16.4,6.08,5,469,12.63
2026-06-07 07:39:50,1581.92,79.68,52.37,48.66,22.67,4.93,5,495,20.58
2026-06-07 07:40:50,1379.21,54.07,59.28,48.91,17.47,3.82,4,406,14.56
2026-06-07 07:41:50,1048.86,33.15,55.23,31.65,11.62,5.05,4,288,9.6
2026-06-07 07:42:50,1351.97,76.13,74.25,40.4,20.15,2.93,2,451,18.6
2026-06-07 07:43:50,1379.55,54.89,31.94,57.92,17.44,6.62,6,413,14.35
2026-06-07 07:44:50,1286.25,57.57,45.23,43.64,18.38,5.09,4,380,14.95
2026-06-07 07:45:50,1784.67,72.66,49.82,47.21,22.91,4.74,5,569,19.48
2026-06-07 07:46:50,1694.86,32.41,67.82,62.2,13.96,3.43,4,494,11.33
2026-06-07 07:47:50,1583.16,77.53,90.94,56.07,22.88,2.08,3,542,20.11
2026-06-07 07:48:50,1099.56,41.42,59.3,65.07,14.82,4.4,5,334,11.76
2026-06-07 07:49:50,1139.56,93.75,82.41,65.08,23.7,1.98,3,448,22.32
2026-06-07 07:50:50,1347.1,45.69,97.2,44.93,15.01,1.11,2,422,11.81
2026-06-07 07:51:50,1438.11,62.69,24.59,34.02,19.19,6.73,6,433,17.14
2026-06-07 07:52:50,1215.82,82.76,34.87,40.01,22.34,6.69,6,379,19.75
2026-06-07 07:53:50,1580.68,86.34,71.9,48.99,23.29,2.78,4,540,21.22
2026-06-07 07:54:50,1702.53,70.12,72.76,61.87,21.89,3.56,2,572,18.66
2026-06-07 07:55:50,1797.96,46.62,87.59,60.16,16.84,2.36,2,562,14.3
2026-06-07 07:56:50,1454.9,46.86,55.48,50.59,16.48,4.48,4,445,14.46
2026-06-07 07:57:50,1717.24,30.99,22.26,66.12,14.25,7.29,7,432,11.46
2026-06-07 07:58:50,1729.18,59.65,93.08,66.9,18.81,1.23,1,542,16.81
2026-06-07 07:59:50,1324.65,48.42,44.22,48.26,15.3,5.51,5,396,12.39
2026-06-07 08:00:50,1098.53,92.24,29.76,50.17,22.3,6.85,6,395,19.8
2026-06-07 08:01:50,984.41,72.0,48.94,42.37,18.13,4.97,4,346,16.93
2026-06-07 08:02:50,1424.7,49.05,54.01,51.3,16.0,5.0,5,424,13.72
2026-06-07 08:03:50,1662.08,65.23,84.78,31.24,20.53,2.04,2,557,17.3
2026-06-07 08:04:50,1406.24,37.05,99.26,35.26,13.99,0.97,1,453,11.58
2026-06-07 08:05:50,961.87,75.77,53.71,52.54,19.97,4.94,5,343,17.77
2026-06-07 08:06:50,1764.74,71.81,71.47,48.79,22.85,3.59,4,578,19.99
2026-06-07 08:07:50,989.46,43.5,86.73,51.94,14.36,1.99,2,337,12.7
2026-06-07 08:08:50,1051.07,51.09,35.98,60.85,15.55,6.19,6,299,14.09
2026-06-07 08:09:50,1376.98,85.24,32.04,62.68,22.63,6.34,6,457,19.49
2026-06-07 08:10:50,1380.28,67.49,85.43,41.71,19.22,2.51,3,463,17.06
2026-06-07 08:11:50,1345.18,65.97,65.67,52.68,19.76,3.5,4,424,17.22
2026-06-07 08:12:50,1359.79,35.75,40.17,36.5,14.63,6.05,5,392,11.83
2026-06-07 08:13:50,1112.89,37.08,41.04,63.82,13.4,5.27,5,326,11.08
2026-06-07 08:14:50,1394.96,52.96,69.43,39.28,17.9,3.63,3,433,15.05
2026-06-07 08:15:50,1097.73,64.9,68.95,38.93,18.88,3.1,3,384,15.52
2026-06-07 08:16:50,1137.72,58.98,46.11,64.28,16.41,5.4,5,369,15.02
2026-06-07 08:17:50,1459.07,94.3,60.45,69.49,25.58,4.26,4,524,21.95
2026-06-07 08:18:50,1080.19,52.86,28.91,54.77,15.86,6.63,5,333,12.82
2026-06-07 08:19:50,1472.38,66.39,22.41,64.5,18.88,7.59,6,446,16.76
2026-06-07 08:20:50,962.23,97.82,35.24,59.85,24.04,6.65,6,329,22.89
2026-06-07 08:21:50,1546.67,53.89,67.97,45.13,16.91,3.62,3,498,13.56
2026-06-07 08:22:50,1124.93,59.88,83.27,52.94,18.18,2.54,2,363,15.32
2026-06-07 08:23:50,1324.25,87.85,47.42,42.56,23.4,5.64,5,448,20.78
2026-06-07 08:24:50,1013.36,76.23,97.07,39.07,19.38,1.4,2,378,17.38
2026-06-07 08:25:50,1041.49,30.49,24.08,30.55,11.63,6.93,7,253,9.07
2026-06-07 08:26:50,1054.41,80.66,22.37,48.36,21.49,7.09,6,353,19.98
2026-06-07 08:27:50,1044.3,59.24,96.85,56.21,16.82,0.87,1,353,14.97
2026-06-07 08:28:50,1055.86,78.35,55.31,46.78,20.07,4.2,5,343,18.91
2026-06-07 08:29:50,1447.36,48.66,65.58,62.9,17.41,3.66,4,434,14.33
2026-06-07 08:30:50,1093.12,37.66,98.99,41.93,13.73,0.95,1,358,10.66
2026-06-07 08:31:50,1598.13,37.78,62.42,54.72,14.9,3.93,5,433,11.86
2026-06-07 08:32:50,1356.46,68.96,32.01,41.73,19.55,6.93,6,408,16.25
2026-06-07 08:33:50,1220.85,56.92,54.36,34.09,16.65,4.69,4,390,14.48
2026-06-07 08:34:50,1598.19,68.86,85.3,42.22,21.58,1.69,2,548,17.89
2026-06-07 08:35:50,1171.88,87.32,83.31,68.06,22.18,2.33,3,414,21.25
2026-06-07 08:36:50,1068.55,79.23,39.2,54.58,21.46,6.11,5,361,18.3
2026-06-07 08:37:50,1773.87,97.98,61.98,62.47,26.65,4.35,4,599,22.96
2026-06-07 08:38:50,1298.43,51.57,54.22,41.02,15.74,4.62,4,389,14.18
2026-06-07 08:39:50,1232.83,71.05,67.08,45.05,18.85,3.67,4,417,17.26
2026-06-07 08:40:50,1624.86,86.44,95.99,33.91,23.55,1.49,1,569,20.59
2026-06-07 08:41:50,1075.94,30.69,53.48,47.39,11.26,4.32,3,315,8.29
2026-06-07 08:42:50,981.12,71.47,76.24,48.81,18.04,2.7,3,368,17.03
2026-06-07 08:43:50,1534.93,72.58,36.82,31.16,22.14,6.55,5,496,19.21
2026-06-07 08:44:50,1031.83,67.11,94.34,69.79,18.17,1.61,2,350,17.06
2026-06-07 08:45:50,1289.76,78.95,60.1,38.98,21.62,3.74,4,437,18.89
2026-06-07 08:46:50,1358.98,64.83,21.77,63.08,19.72,7.6,6,425,16.34
2026-06-07 08:47:50,1438.66,32.1,94.65,47.55,13.38,1.06,1,425,10.74
2026-06-07 08:48:50,1245.2,36.86,99.22,48.77,14.02,0.67,1,379,10.79
2026-06-07 08:49:50,1593.25,86.93,52.02,38.02,23.61,5.22,4,532,21.02
2026-06-07 08:50:50,910.59,73.96,74.18,44.96,19.29,3.47,4,318,17.89
2026-06-07 08:51:50,1376.7,52.1,57.74,65.83,17.44,3.93,4,415,13.92
2026-06-07 08:52:50,1700.79,35.11,74.19,53.37,14.31,3.15,2,503,12.07
2026-06-07 08:53:50,1099.25,67.27,49.84,47.36,18.93,4.87,5,359,15.86
2026-06-07 08:54:50,1215.29,77.5,80.5,32.78,19.99,2.73,3,437,18.14
2026-06-07 08:55:50,1263.7,95.26,35.5,32.15,23.67,6.14,5,434,21.16
2026-06-07 08:56:50,1616.92,65.18,42.26,68.33,20.51,5.4,4,514,17.75
2026-06-07 08:57:50,980.07,49.11,94.96,61.3,14.75,1.38,1,321,12.7
2026-06-07 08:58:50,1111.5,32.12,84.85,59.24,11.48,1.88,2,323,8.64
2026-06-07 08:59:50,989.33,68.57,34.98,54.53,17.71,5.81,5,333,16.96
2026-06-07 09:00:50,1348.26,38.59,65.86,66.76,13.56,3.29,4,405,11.74
2026-06-07 09:01:50,911.27,98.13,27.17,68.21,22.38,7.32,6,347,20.61
2026-06-07 09:02:50,1474.67,57.26,61.33,35.01,17.25,4.5,5,457,14.89
2026-06-07 09:03:50,958.1,45.35,86.53,59.4,14.4,2.45,2,298,13.14
2026-06-07 09:04:50,1029.35,89.01,30.31,52.76,21.2,6.14,6,364,19.18
2026-06-07 09:05:50,1619.58,74.8,26.63,53.48,21.95,6.9,6,515,19.04
2026-06-07 09:06:50,1144.35,39.32,57.01,52.99,12.72,4.77,4,341,10.34
2026-06-07 09:07:50,967.64,91.93,91.27,45.39,21.72,1.42,2,391,19.82
2026-06-07 09:08:50,1108.31,89.44,74.83,40.69,22.27,2.79,2,402,19.53
2026-06-07 09:09:50,1636.35,40.1,70.4,35.51,15.6,3.82,4,463,13.05
2026-06-07 09:10:50,1534.16,38.1,76.68,58.25,15.41,2.59,3,455,12.5
2026-06-07 09:11:50,1094.71,58.14,97.39,46.94,16.18,1.5,2,369,13.65
2026-06-07 09:12:50,1741.14,52.92,44.94,69.88,19.06,5.71,5,515,14.87
2026-06-07 09:13:50,1056.78,56.18,56.94,43.15,15.39,4.59,5,326,13.17
2026-06-07 09:14:50,1544.06,31.99,23.57,52.29,14.07,6.76,6,400,10.99
2026-06-07 09:15:50,1004.18,92.89,91.59,51.02,22.89,1.82,2,387,21.85
2026-06-07 09:16:50,1714.03,50.45,75.92,31.46,18.8,2.48,3,527,16.03
2026-06-07 09:17:50,1234.08,59.06,25.7,55.53,17.48,7.27,5,355,15.7
2026-06-07 09:18:50,1520.33,42.15,84.5,63.74,15.37,1.85,3,439,12.12
2026-06-07 09:19:50,1094.54,59.42,81.35,30.79,16.58,2.82,4,372,13.74
2026-06-07 09:20:50,1582.0,68.9,84.01,34.07,19.84,1.93,1,524,17.2
2026-06-07 09:21:50,946.36,79.07,21.19,41.81,19.72,7.05,7,316,18.0
2026-06-07 09:22:50,1796.28,81.46,32.62,66.38,24.58,6.82,6,554,22.22
2026-06-07 09:23:50,1520.27,40.02,92.78,57.68,15.35,1.21,1,465,12.59
2026-06-07 09:24:50,1603.1,38.83,72.79,62.51,15.16,2.8,4,449,11.25
2026-06-07 09:25:50,920.09,63.75,62.26,69.59,17.28,4.35,4,309,16.24
2026-06-07 09:26:50,1522.19,60.14,33.76,32.49,19.24,6.05,6,452,16.87
2026-06-07 09:27:50,1456.33,95.14,66.65,47.65,24.4,3.24,2,523,21.38
2026-06-07 09:28:50,1474.74,84.16,44.15,65.19,23.26,5.55,5,493,20.39
2026-06-07 09:29:50,1751.77,80.22,55.99,33.35,23.51,4.73,5,573,19.62
2026-06-07 09:30:50,1179.12,75.76,87.2,31.31,20.61,2.47,2,404,18.58
2026-06-07 09:31:50,1743.1,68.32,86.56,58.37,21.2,1.83,3,578,18.72
2026-06-07 09:32:50,1172.01,37.05,70.64,67.71,12.54,3.67,4,346,10.99
2026-06-07 09:33:50,1556.06,63.12,24.06,64.1,19.63,6.68,6,459,15.87
2026-06-07 09:34:50,1272.83,57.97,37.91,60.59,16.6,5.95,5,385,14.87
2026-06-07 09:35:50,1532.32,89.69,39.81,61.47,24.88,5.79,5,521,21.67
2026-06-07 09:36:50,1667.53,48.4,87.93,53.91,18.05,2.18,2,509,13.86
2026-06-07 09:37:50,1532.9,63.48,77.01,48.09,20.08,3.03,3,496,17.0
2026-06-07 09:38:50,1333.02,54.78,94.29,39.31,18.14,1.3,1,432,16.0
2026-06-07 09:39:50,1259.42,52.05,79.95,65.72,16.39,2.95,4,380,14.82
2026-06-07 09:40:50,1714.45,75.93,42.94,53.49,23.17,5.17,4,532,20.74
2026-06-07 09:41:50,1602.53,43.08,71.73,35.13,16.6,3.08,2,502,12.48
2026-06-07 09:42:50,1489.96,47.42,67.17,65.36,16.98,3.99,4,460,13.65
2026-06-07 09:43:50,1693.96,96.42,60.26,37.76,27.04,3.88,4,564,24.32
2026-06-07 09:44:50,1351.63,53.12,29.18,31.44,17.7,7.07,7,368,15.86
2026-06-07 09:45:50,1021.24,92.51,75.72,65.34,22.97,2.48,2,389,21.58
2026-06-07 09:46:50,1045.46,48.62,75.06,39.21,15.15,3.4,4,308,13.83
2026-06-07 09:47:50,1758.93,53.24,79.89,67.1,18.39,2.79,3,526,14.6
2026-06-07 09:48:50,1206.93,49.04,50.05,51.32,14.88,5.07,5,356,12.71
2026-06-07 09:49:50,1235.07,80.77,55.69,58.6,21.57,4.26,3,430,19.78
2026-06-07 09:50:50,912.17,80.38,77.99,41.72,19.3,2.72,3,330,17.57
2026-06-07 09:51:50,1133.87,39.82,69.74,31.2,13.4,3.06,4,337,11.65
2026-06-07 09:52:50,1737.88,89.94,62.46,54.04,25.35,4.39,4,588,22.25
2026-06-07 09:53:50,1789.37,52.16,43.04,56.58,19.31,6.01,6,525,15.55
2026-06-07 09:54:50,1305.53,65.16,74.78,49.42,18.72,2.57,2,453,16.99
2026-06-07 09:55:50,1656.86,31.58,56.71,42.28,13.47,4.79,5,458,10.74
2026-06-07 09:56:50,1670.29,92.25,53.86,61.54,25.03,5.06,4,557,21.82
2026-06-07 09:57:50,1629.82,66.18,89.0,31.22,20.1,2.32,1,528,17.83
2026-06-07 09:58:50,1072.05,56.09,28.66,40.3,16.01,6.51,6,316,14.23
2026-06-07 09:59:50,1331.1,46.11,51.79,65.18,15.48,4.96,4,401,13.72
2026-06-07 10:00:50,1763.17,33.59,90.27,39.81,15.97,1.9,1,549,13.06
2026-06-07 10:01:50,1722.11,98.01,43.64,49.8,25.76,5.45,4,574,23.71
2026-06-07 10:02:50,1547.85,32.16,98.02,69.72,14.8,1.6,2,476,12.22
2026-06-07 10:03:50,1379.13,92.2,94.51,45.79,23.15,1.06,1,519,21.6
2026-06-07 10:04:50,1460.48,82.18,30.71,36.57,23.63,6.93,6,460,20.35
2026-06-07 10:05:50,926.61,78.57,62.96,35.35,20.75,3.95,4,322,19.45
2026-06-07 10:06:50,1536.95,42.72,69.07,32.11,15.34,3.44,3,469,12.93
2026-06-07 10:07:50,1131.33,33.28,93.3,41.7,13.35,1.88,2,364,10.08
2026-06-07 10:08:50,1686.69,47.98,45.07,30.93,18.14,5.3,6,492,15.47
2026-06-07 10:09:50,927.79,49.98,54.48,54.02,14.9,5.05,5,260,12.88
2026-06-07 10:10:50,1266.55,53.62,38.95,59.74,16.78,5.52,5,384,15.14
2026-06-07 10:11:50,1774.71,45.49,31.05,36.18,16.3,6.22,5,496,12.85
2026-06-07 10:12:50,1520.71,34.87,46.35,41.24,13.8,5.42,4,436,10.16
2026-06-07 10:13:50,1174.79,82.78,39.31,40.79,21.97,6.02,4,419,20.76
2026-06-07 10:14:50,1027.63,80.19,42.89,62.74,19.77,5.36,4,347,17.98
2026-06-07 10:15:50,1401.95,93.25,34.78,43.21,24.69,6.49,6,466,22.29
2026-06-07 10:16:50,1137.04,65.26,21.92,61.33,18.21,7.31,6,338,16.2
2026-06-07 10:17:50,1509.99,42.94,91.84,61.46,16.55,1.77,1,463,12.59
2026-06-07 10:18:50,1575.41,44.54,45.76,54.54,16.84,5.03,4,466,14.14
2026-06-07 10:19:50,922.3,71.37,24.87,38.91,17.59,7.1,7,276,16.78
2026-06-07 10:20:50,1564.75,83.63,62.79,68.19,22.32,3.73,3,547,20.28
2026-06-07 10:21:50,1675.55,91.18,76.67,51.52,24.27,2.69,3,582,22.83
2026-06-07 10:22:50,1365.09,64.91,33.79,63.29,18.83,6.51,6,417,16.04
2026-06-07 10:23:50,1256.26,30.19,46.34,50.18,12.29,5.71,6,328,10.72
2026-06-07 10:24:50,1173.84,35.03,54.53,60.38,13.1,4.98,5,323,11.17
2026-06-07 10:25:50,1290.06,52.29,94.97,63.64,16.35,1.23,1,425,14.12
2026-06-07 10:26:50,1792.3,89.78,57.05,68.24,26.23,4.79,4,586,21.97
2026-06-07 10:27:50,1514.77,78.29,96.34,47.75,21.84,0.88,1,526,18.82
2026-06-07 10:28:50,1479.63,62.65,23.08,47.91,19.74,6.97,7,427,16.01
2026-06-07 10:29:50,1359.87,78.94,53.13,61.73,21.88,4.57,5,444,18.84
2026-06-07 10:30:50,1067.28,59.4,25.12,56.57,17.42,7.06,6,301,14.41
2026-06-07 10:31:50,1427.34,82.51,56.44,57.53,22.08,4.76,4,467,19.45
2026-06-07 10:32:50,1676.82,81.74,57.77,66.9,22.82,4.73,5,536,20.7
2026-06-07 10:33:50,1332.44,43.74,83.53,35.62,16.12,2.61,2,409,14.14
2026-06-07 10:34:50,1239.58,67.94,36.33,55.01,18.27,6.02,6,387,15.64
2026-06-07 10:35:50,1060.62,56.35,40.94,60.19,15.72,6.04,6,316,13.3
2026-06-07 10:36:50,1759.61,40.9,88.17,32.13,17.13,1.9,2,551,12.74
2026-06-07 10:37:50,1583.99,38.59,86.75,67.68,15.3,2.49,2,470,11.54
2026-06-07 10:38:50,1286.14,85.76,66.58,49.01,22.25,3.74,4,451,19.61
2026-06-07 10:39:50,1586.08,34.47,27.08,30.52,15.1,6.89,6,420,12.02
2026-06-07 10:40:50,1264.23,82.78,87.4,57.32,22.0,1.75,2,458,19.25
2026-06-07 10:41:50,1237.96,33.82,31.64,39.4,13.15,6.05,5,329,10.28
2026-06-07 10:42:50,1529.65,98.55,86.46,35.45,25.48,2.37,3,553,23.52
2026-06-07 10:43:50,917.66,35.91,37.53,32.58,12.46,5.82,5,243,9.67
2026-06-07 10:44:50,1775.7,72.74,35.25,33.52,21.88,5.84,6,550,18.34
2026-06-07 10:45:50,1612.45,34.44,62.2,34.91,14.66,3.83,3,454,12.53
2026-06-07 10:46:50,1256.81,41.66,28.79,60.42,14.72,6.61,6,365,12.86
2026-06-07 10:47:50,902.55,48.03,20.57,48.98,13.6,7.61,7,240,11.27
2026-06-07 10:48:50,1415.59,89.52,83.07,30.26,23.82,2.24,1,518,21.39
2026-06-07 10:49:50,1715.26,79.88,27.92,43.12,23.44,7.01,7,510,21.13
2026-06-07 10:50:50,1049.26,88.15,53.38,67.17,22.26,4.38,3,369,20.62
2026-06-07 10:51:50,982.7,65.56,68.0,50.62,17.33,3.12,2,354,14.71
2026-06-07 10:52:50,1418.71,40.98,41.07,33.91,14.97,5.67,6,407,13.23
2026-06-07 10:53:50,1477.63,68.32,54.7,65.75,19.93,4.31,4,459,16.99
2026-06-07 10:54:50,1485.34,35.39,48.75,56.91,14.78,4.67,5,432,12.35
2026-06-07 10:55:50,996.61,52.52,57.37,35.95,14.89,4.42,3,303,13.39
2026-06-07 10:56:50,1225.35,39.37,53.25,53.44,13.77,4.82,4,362,10.43
2026-06-07 10:57:50,1578.47,53.64,27.92,34.43,17.81,6.48,7,447,15.42
2026-06-07 10:58:50,1737.03,71.45,86.51,52.9,21.45,2.45,3,551,18.14
2026-06-07 10:59:50,1328.74,67.39,25.22,67.41,19.22,6.88,7,403,16.69
2026-06-07 11:00:50,1323.85,41.82,47.49,41.31,14.17,4.86,4,388,12.36
2026-06-07 11:01:50,1534.46,82.84,61.55,66.97,23.31,4.56,4,527,21.53
2026-06-07 11:02:50,1760.35,45.8,73.64,35.03,17.14,3.33,4,532,14.3
2026-06-07 11:03:50,1545.65,83.79,43.38,37.87,23.7,5.66,4,498,20.96
2026-06-07 11:04:50,970.31,34.87,87.27,40.52,12.22,1.56,2,312,9.92
2026-06-07 11:05:50,1032.06,71.53,71.72,61.43,18.56,3.69,4,344,16.08
2026-06-07 11:06:50,965.1,60.67,97.23,68.36,17.3,1.59,1,362,14.88
2026-06-07 11:07:50,1783.55,66.13,67.31,36.61,21.6,3.61,3,559,17.75
2026-06-07 11:08:50,1535.14,36.88,87.71,68.96,15.21,1.89,1,468,11.79
2026-06-07 11:09:50,1115.72,30.56,94.85,65.49,12.5,1.34,1,350,9.97
2026-06-07 11:10:50,928.39,57.07,29.29,66.01,16.81,6.79,6,273,15.17
2026-06-07 11:11:50,1498.77,69.5,53.62,64.03,21.23,5.05,4,467,18.6
2026-06-07 11:12:50,1783.26,33.0,61.63,69.18,14.55,3.88,3,519,10.87
2026-06-07 11:13:50,1449.72,30.7,70.79,31.05,12.4,3.75,3,431,10.12
2026-06-07 11:14:50,1734.19,83.64,89.91,44.26,24.16,1.31,2,608,20.91
2026-06-07 11:15:50,1117.53,64.56,64.81,44.25,18.28,3.53,2,396,15.28
2026-06-07 11:16:50,1304.82,88.06,30.09,46.09,23.86,6.83,5,428,21.88
2026-06-07 11:17:50,1319.74,94.36,86.14,39.14,24.59,1.66,1,504,21.73
2026-06-07 11:18:50,1122.96,45.27,65.45,41.96,15.14,3.88,4,352,12.71
2026-06-07 11:19:50,1190.23,63.87,39.95,68.61,17.71,5.31,5,362,15.62
2026-06-07 11:20:50,1377.74,91.87,82.25,47.7,23.63,2.34,3,497,20.98
2026-06-07 11:21:50,1149.02,55.54,36.69,57.86,17.32,5.61,5,359,13.85
2026-06-07 11:22:50,1188.6,71.12,85.98,61.76,18.68,2.57,3,397,16.44
2026-06-07 11:23:50,1610.45,50.41,80.19,63.03,17.37,2.1,1,527,15.03
2026-06-07 11:24:50,1292.3,47.3,41.61,36.41,15.36,5.58,6,353,12.43
2026-06-07 11:25:50,1222.8,81.99,62.76,46.17,22.24,4.13,4,409,20.21
2026-06-07 11:26:50,1310.24,37.14,80.32,33.98,13.28,2.17,3,381,10.01
2026-06-07 11:27:50,1381.77,53.25,42.07,40.86,16.49,5.36,4,407,13.25
2026-06-07 11:28:50,1511.11,99.31,33.54,42.31,26.62,6.05,6,506,23.12
2026-06-07 11:29:50,1426.39,42.66,64.76,35.26,14.91,4.06,4,425,12.35
2026-06-07 11:30:50,1277.1,55.11,33.65,57.1,16.09,6.22,5,390,14.8
2026-06-07 11:31:50,1073.64,58.77,73.98,35.64,17.74,3.53,2,346,14.8
2026-06-07 11:32:50,1327.39,68.14,72.34,57.62,19.33,2.99,4,434,16.87
2026-06-07 11:33:50,1652.6,73.71,21.18,52.9,22.11,7.15,6,519,19.52
2026-06-07 11:34:50,914.1,64.94,21.86,60.7,16.48,6.77,7,296,15.49
2026-06-07 11:35:50,1273.8,81.0,39.1,53.57,22.11,6.09,6,406,20.74
2026-06-07 11:36:50,1709.37,91.13,99.14,61.32,25.93,1.03,1,614,23.62
2026-06-07 11:37:50,1599.41,87.25,31.98,33.47,23.73,6.27,5,518,22.07
2026-06-07 11:38:50,1010.92,36.56,21.54,52.38,13.17,7.54,7,245,10.83
2026-06-07 11:39:50,1790.16,56.32,80.75,40.96,20.2,2.25,3,559,16.63
2026-06-07 11:40:50,1325.96,95.99,32.53,59.81,25.25,6.02,6,457,21.94
2026-06-07 11:41:50,1462.29,89.78,54.06,59.75,24.16,4.4,4,505,22.02
2026-06-07 11:42:50,1731.22,62.26,42.42,64.48,20.47,6.02,6,503,16.8
2026-06-07 11:43:50,1162.44,70.0,67.27,35.73,18.94,3.83,3,399,17.81
2026-06-07 11:44:50,1677.99,69.48,42.37,37.96,22.09,5.21,5,504,18.48
2026-06-07 11:45:50,1321.5,36.8,81.48,69.91,14.53,2.7,3,381,10.82
2026-06-07 11:46:50,1304.45,76.25,56.74,53.24,20.49,4.95,4,438,19.37
2026-06-07 11:47:50,1456.5,53.39,56.14,45.95,18.08,4.56,5,416,15.84
2026-06-07 11:48:50,1302.87,88.95,65.01,52.19,23.38,4.11,3,455,21.15
2026-06-07 11:49:50,1202.94,90.24,20.22,57.11,23.79,7.57,6,390,20.66
2026-06-07 11:50:50,1779.49,59.52,59.23,57.17,20.37,3.92,3,554,17.66
2026-06-07 11:51:50,1485.36,37.03,91.65,49.02,14.1,1.79,2,457,10.58
2026-06-07 11:52:50,1628.22,35.3,87.05,42.43,14.33,2.51,2,468,10.74
2026-06-07 11:53:50,1225.89,59.66,31.01,56.34,16.79,6.09,6,353,15.19
2026-06-07 11:54:50,1427.26,88.3,65.3,34.1,22.86,3.38,4,494,21.31
2026-06-07 11:55:50,1118.22,73.65,89.29,56.9,20.21,1.76,2,413,18.76
2026-06-07 11:56:50,1145.96,69.65,77.8,46.02,19.57,2.57,2,393,18.13
2026-06-07 11:57:50,918.65,55.7,54.25,64.74,15.5,4.58,4,278,12.83
2026-06-07 11:58:50,1688.59,46.7,41.07,38.72,17.51,5.98,5,492,14.48
2026-06-07 11:59:50,1300.87,80.25,20.3,47.14,22.46,7.15,7,388,19.7
2026-06-07 12:00:50,1545.86,83.88,50.72,42.96,23.54,4.87,5,498,20.77
2026-06-07 12:01:50,1037.61,31.61,71.27,53.46,11.19,3.78,4,310,9.05
2026-06-07 12:02:50,1020.5,36.15,81.77,68.19,13.09,2.71,3,324,10.62
2026-06-07 12:03:50,1097.33,75.21,73.32,41.11,20.6,3.15,4,366,17.96
2026-06-07 12:04:50,990.84,87.91,54.06,48.3,22.66,4.41,3,382,19.84
2026-06-07 12:05:50,1228.55,99.95,91.08,68.94,25.01,2.21,2,481,22.35
2026-06-07 12:06:50,1497.94,60.84,84.56,57.65,18.06,2.25,3,485,15.92
2026-06-07 12:07:50,1578.45,53.71,47.99,39.01,18.18,4.81,5,475,15.49
2026-06-07 12:08:50,982.04,37.55,55.48,37.76,13.09,4.56,4,283,10.27
2026-06-07 12:09:50,1386.76,82.32,81.72,50.47,22.18,2.31,3,461,19.5
2026-06-07 12:10:50,1564.23,59.86,82.14,69.54,19.86,2.54,3,478,17.48
2026-06-07 12:11:50,1086.1,79.97,49.16,67.56,19.93,5.09,5,364,18.15
2026-06-07 12:12:50,1455.6,54.11,21.19,43.52,16.91,7.5,7,427,14.96
2026-06-07 12:13:50,1585.5,58.16,23.13,65.7,18.97,7.46,7,435,15.62
2026-06-07 12:14:50,1227.1,42.18,95.22,69.0,14.06,1.59,2,397,12.46
2026-06-07 12:15:50,1101.22,67.67,99.54,40.23,19.08,0.69,1,415,17.23
2026-06-07 12:16:50,1453.14,50.98,24.0,44.53,17.64,6.87,6,432,15.34
2026-06-07 12:17:50,1077.55,72.82,74.64,56.12,19.88,3.26,3,370,18.65
2026-06-07 12:18:50,1173.18,71.8,91.0,37.12,20.16,1.25,1,407,17.42
2026-06-07 12:19:50,1224.03,56.69,26.63,45.96,17.3,6.4,6,357,14.1
2026-06-07 12:20:50,1158.94,44.04,38.72,55.82,13.69,5.69,6,340,12.07
2026-06-07 12:21:50,1420.51,69.42,57.57,62.35,20.33,4.84,4,456,16.88
2026-06-07 12:22:50,1172.95,92.66,20.35,63.73,22.91,7.62,7,387,21.04
2026-06-07 12:23:50,1167.9,44.99,21.82,38.59,14.95,7.01,6,325,11.57
2026-06-07 12:24:50,1498.92,90.79,28.81,33.57,23.98,7.06,6,488,22.5
2026-06-07 12:25:50,1036.58,47.58,34.8,67.32,14.31,6.49,5,282,12.52
2026-06-07 12:26:50,1530.65,71.04,23.13,69.97,20.45,7.41,7,442,17.61
2026-06-07 12:27:50,1794.69,34.76,51.83,42.72,15.39,5.31,5,496,11.03
2026-06-07 12:28:50,1619.63,66.82,49.15,55.47,21.22,4.58,5,507,18.9
2026-06-07 12:29:50,1610.42,38.96,68.15,30.89,15.98,3.16,3,494,11.75
2026-06-07 12:30:50,1339.82,83.41,22.57,34.78,21.46,6.94,7,409,19.21
2026-06-07 12:31:50,1138.76,77.6,75.51,62.31,20.34,2.78,3,395,19.36
2026-06-07 12:32:50,1355.57,81.48,34.78,51.92,22.37,6.04,5,430,19.32
2026-06-07 12:33:50,1719.62,46.72,78.46,63.94,17.34,2.89,4,503,14.75
2026-06-07 12:34:50,1414.2,37.49,72.64,44.28,13.42,3.38,3,428,11.31
2026-06-07 12:35:50,1413.5,48.8,32.15,63.58,16.92,6.89,7,381,13.88
2026-06-07 12:36:50,1390.69,59.48,94.44,39.44,18.64,1.18,2,447,15.3
2026-06-07 12:37:50,1305.87,36.02,67.85,58.54,13.97,3.27,4,371,11.73
2026-06-07 12:38:50,1738.6,64.28,42.7,44.22,20.26,5.72,5,544,16.93
2026-06-07 12:39:50,1124.29,95.95,61.17,56.74,23.17,3.73,3,422,22.08
2026-06-07 12:40:50,1765.32,43.76,97.48,61.46,16.68,1.54,1,552,14.01
2026-06-07 12:41:50,1654.89,82.56,78.18,34.59,23.12,2.9,2,564,19.52
2026-06-07 12:42:50,1246.38,53.84,44.8,39.86,16.98,5.53,5,392,14.42
2026-06-07 12:43:50,1602.9,93.47,95.6,44.87,24.5,1.43,2,556,22.62
2026-06-07 12:44:50,903.9,74.9,71.54,55.57,19.21,3.0,4,314,18.45
2026-06-07 12:45:50,1182.81,68.3,85.56,53.37,18.78,2.59,2,392,16.1
2026-06-07 12:46:50,1631.21,75.79,72.12,58.78,22.85,3.1,2,558,19.03
2026-06-07 12:47:50,1464.26,45.24,83.75,37.09,15.06,2.44,2,444,11.95
2026-06-07 12:48:50,1658.58,71.05,73.96,60.11,20.47,3.49,3,522,17.04
2026-06-07 12:49:50,1777.69,91.99,67.94,67.33,25.13,3.09,3,612,22.27
2026-06-07 12:50:50,1028.6,50.81,62.93,41.82,15.51,3.87,4,305,12.47
2026-06-07 12:51:50,1672.23,75.89,24.9,36.65,22.71,7.04,7,523,20.68
2026-06-07 12:52:50,1320.24,35.63,64.76,60.28,14.33,3.39,3,371,12.04
2026-06-07 12:53:50,1664.95,77.81,37.08,59.26,22.96,6.1,6,524,19.81
2026-06-07 12:54:50,1739.91,77.77,79.54,35.96,22.78,2.44,3,566,19.7
2026-06-07 12:55:50,1249.12,83.28,74.66,49.52,22.25,3.12,3,448,19.6
2026-06-07 12:56:50,1035.99,44.49,70.79,52.53,13.59,3.19,3,313,11.26
2026-06-07 12:57:50,1756.9,46.38,58.23,36.33,16.72,4.08,4,517,14.35
2026-06-07 12:58:50,1085.85,68.5,34.59,52.94,19.24,6.42,5,355,17.02
2026-06-07 12:59:50,1257.05,98.13,27.17,52.16,24.58,6.46,5,441,21.62
2026-06-07 13:00:50,1185.67,83.81,82.24,52.87,21.67,2.6,3,422,19.63
2026-06-07 13:01:50,1379.13,87.78,72.24,66.09,23.44,3.14,4,477,21.93
2026-06-07 13:02:50,1034.42,86.94,65.18,37.79,22.2,3.62,3,382,20.53
2026-06-07 13:03:50,1337.65,51.41,65.97,33.03,16.36,3.62,4,396,13.03
2026-06-07 13:04:50,1698.73,44.81,50.99,44.85,17.43,5.36,4,513,13.15
2026-06-07 13:05:50,1277.34,75.01,91.22,31.09,20.74,1.83,2,430,19.01
2026-06-07 13:06:50,1671.21,98.34,23.21,68.85,26.81,6.89,6,558,23.52
2026-06-07 13:07:50,1233.89,85.93,63.37,66.8,22.86,3.66,4,422,19.97
2026-06-07 13:08:50,1274.38,84.97,48.64,32.33,23.23,5.39,5,424,21.2
2026-06-07 13:09:50,1668.64,36.69,36.53,56.8,15.07,5.72,4,490,12.62
2026-06-07 13:10:50,1466.09,47.7,97.13,58.47,16.18,1.65,1,476,13.23
2026-06-07 13:11:50,1784.34,43.92,31.17,65.21,17.85,6.77,7,476,13.57
2026-06-07 13:12:50,1403.57,74.55,36.93,64.08,21.37,6.26,5,426,19.3
2026-06-07 13:13:50,1022.12,53.03,54.01,59.06,14.9,4.57,4,333,14.01
2026-06-07 13:14:50,1238.63,76.46,98.14,30.49,19.86,0.75,0,462,17.36
2026-06-07 13:15:50,1188.13,72.64,49.71,36.7,20.37,4.81,4,380,17.67
2026-06-07 13:16:50,1107.22,91.73,49.62,58.37,22.56,4.95,5,400,21.44
2026-06-07 13:17:50,1447.39,71.05,87.81,39.87,20.74,2.35,3,485,18.24
2026-06-07 13:18:50,1617.15,57.5,39.99,39.03,19.62,5.79,5,487,17.15
2026-06-07 13:19:50,1185.22,64.37,45.02,55.02,18.92,5.77,5,373,17.03
2026-06-07 13:20:50,1360.64,99.66,52.51,49.87,25.23,5.23,5,470,23.4
2026-06-07 13:21:50,1670.44,89.1,62.13,66.51,25.06,4.28,4,564,21.63
2026-06-07 13:22:50,972.67,60.92,71.2,30.57,17.81,3.31,4,302,14.63
2026-06-07 13:23:50,1123.38,56.1,70.34,51.32,17.49,2.93,3,380,15.41
2026-06-07 13:24:50,1641.5,92.67,71.79,55.66,25.8,3.01,3,575,22.92
2026-06-07 13:25:50,1019.63,81.29,49.52,36.32,19.98,5.22,6,324,18.25
2026-06-07 13:26:50,1075.14,65.79,59.91,56.82,18.85,3.71,4,337,15.83
2026-06-07 13:27:50,1006.53,88.52,30.59,42.54,21.84,6.75,7,320,20.97
2026-06-07 13:28:50,1000.57,42.28,98.32,32.82,14.61,0.99,1,345,13.02
2026-06-07 13:29:50,1336.45,32.24,45.03,35.56,12.96,5.41,6,344,10.69
2026-06-07 13:30:50,1262.63,46.79,90.64,60.01,14.7,2.15,2,408,12.41
2026-06-07 13:31:50,1158.31,63.0,52.61,47.17,18.2,4.59,5,354,15.26
2026-06-07 13:32:50,945.03,98.5,91.96,57.63,23.17,1.92,3,368,22.4
2026-06-07 13:33:50,1489.21,55.94,42.77,49.5,18.97,5.86,5,438,16.75
2026-06-07 13:34:50,1403.02,88.59,34.68,42.09,23.64,5.74,5,488,20.72
2026-06-07 13:35:50,940.59,49.04,67.02,60.06,15.27,3.93,4,274,12.86
2026-06-07 13:36:50,1391.31,44.99,52.84,31.36,15.08,4.69,5,391,11.78
2026-06-07 13:37:50,991.15,34.08,57.99,50.32,11.8,3.96,5,274,8.89
2026-06-07 13:38:50,1578.49,51.6,39.97,66.7,16.98,5.55,4,478,14.28
2026-06-07 13:39:50,1412.98,56.13,71.62,63.75,17.89,3.49,3,453,15.73
2026-06-07 13:40:50,1272.93,68.97,96.0,35.56,19.91,1.13,1,454,17.5
2026-06-07 13:41:50,1380.44,58.58,93.7,57.63,18.63,1.18,2,452,15.59
2026-06-07 13:42:50,1501.36,34.02,69.49,36.19,13.97,3.36,3,419,11.79
2026-06-07 13:43:50,1129.14,73.41,64.63,63.33,19.37,3.42,4,374,18.17
2026-06-07 13:44:50,1435.38,44.84,31.82,65.63,16.35,6.47,6,404,12.66
2026-06-07 13:45:50,1451.69,51.07,28.81,56.11,17.45,6.29,5,409,14.99
2026-06-07 13:46:50,1188.72,55.4,82.61,39.38,16.49,2.77,2,397,14.57
2026-06-07 13:47:50,1603.96,47.34,27.55,43.9,16.61,6.47,5,450,13.83
2026-06-07 13:48:50,1110.31,36.75,30.95,64.83,12.29,7.02,6,289,9.68
2026-06-07 13:49:50,1389.67,76.39,36.33,49.42,21.2,6.05,5,457,18.78
2026-06-07 13:50:50,1017.92,40.42,99.98,32.2,14.14,0.55,1,327,10.76
2026-06-07 13:51:50,1729.79,84.4,31.23,32.03,24.28,6.43,5,546,20.83
2026-06-07 13:52:50,1629.66,69.4,63.57,64.71,21.54,4.39,4,524,17.78
2026-06-07 13:53:50,1147.01,96.06,30.76,66.14,24.51,7.02,7,376,23.37
2026-06-07 13:54:50,1590.45,97.43,24.78,40.0,25.9,6.82,6,507,23.87
2026-06-07 13:55:50,1662.24,57.02,34.76,55.34,18.3,5.9,4,508,15.28
2026-06-07 13:56:50,1665.04,69.92,25.07,60.97,22.09,6.79,7,489,19.71
2026-06-07 13:57:50,1456.07,38.34,66.09,51.99,15.0,4.09,3,424,11.37
2026-06-07 13:58:50,1477.11,64.86,84.67,47.17,20.2,1.83,2,475,17.84
2026-06-07 13:59:50,1312.8,79.09,50.08,36.08,20.61,4.87,4,443,19.51
2026-06-07 14:00:50,1578.08,80.9,24.97,38.9,23.51,6.98,6,505,19.59
2026-06-07 14:01:50,1522.74,34.51,52.99,53.42,13.55,4.36,4,445,10.64
2026-06-07 14:02:50,1276.49,76.03,23.63,40.22,19.89,6.61,5,416,17.66
2026-06-07 14:03:50,1074.42,88.66,67.01,32.05,22.17,4.03,4,395,21.04
2026-06-07 14:04:50,949.78,86.91,42.91,40.94,20.68,5.17,4,351,18.57
2026-06-07 14:05:50,1346.29,68.1,84.86,61.77,20.4,1.91,3,441,17.12
2026-06-07 14:06:50,975.67,97.35,87.89,37.8,23.01,2.36,3,405,20.97
2026-06-07 14:07:50,1144.88,83.19,42.88,33.17,22.33,5.36,5,372,19.51
2026-06-07 14:08:50,1007.86,35.3,90.77,35.52,13.34,1.72,3,302,10.64
2026-06-07 14:09:50,1407.82,45.64,23.99,53.09,16.76,6.93,7,365,13.37
2026-06-07 14:10:50,1131.53,70.94,36.76,36.08,18.63,6.24,6,369,17.09
2026-06-07 14:11:50,1725.1,85.85,64.53,44.4,23.81,3.72,4,575,22.01
2026-06-07 14:12:50,1294.81,45.0,23.96,65.5,15.16,7.55,6,362,11.78
2026-06-07 14:13:50,1082.43,49.97,60.96,35.16,15.98,3.92,3,358,13.99
2026-06-07 14:14:50,1205.08,72.43,87.84,40.03,20.68,2.36,3,429,17.6
2026-06-07 14:15:50,1273.82,96.45,81.03,65.08,24.34,2.35,2,469,22.72
2026-06-07 14:16:50,1604.19,55.32,69.62,34.2,19.1,3.7,3,478,15.32
2026-06-07 14:17:50,1672.38,48.27,20.2,43.49,17.0,7.87,7,453,14.83
2026-06-07 14:18:50,1028.32,45.39,39.25,46.63,15.27,6.13,5,278,12.13
2026-06-07 14:19:50,1532.19,47.56,56.08,34.69,16.87,4.14,4,475,14.61
2026-06-07 14:20:50,1591.45,42.96,31.04,47.91,16.4,6.21,5,459,13.84
2026-06-07 14:21:50,1532.49,91.75,45.55,60.65,25.62,5.38,6,486,22.66
2026-06-07 14:22:50,1614.87,49.2,79.21,32.94,17.47,2.64,2,495,15.22
2026-06-07 14:23:50,1437.9,71.79,99.04,62.25,20.78,1.19,2,489,18.28
2026-06-07 14:24:50,1595.2,85.61,41.42,34.89,23.39,5.24,5,505,21.76
2026-06-07 14:25:50,955.63,43.28,84.07,57.38,13.88,2.64,2,327,11.23
2026-06-07 14:26:50,1653.1,50.68,22.97,58.91,18.19,7.1,5,486,15.75
2026-06-07 14:27:50,1538.85,40.23,92.92,36.32,16.11,1.18,2,484,13.39
2026-06-07 14:28:50,1345.86,53.0,52.42,43.79,17.11,5.0,4,396,14.96
2026-06-07 14:29:50,995.36,96.29,45.92,63.53,23.28,5.12,4,369,22.46
2026-06-07 14:30:50,986.77,99.97,88.98,38.72,24.52,1.6,3,413,22.69
2026-06-07 14:31:50,1242.34,80.56,71.46,66.47,22.15,3.36,3,428,19.06
2026-06-07 14:32:50,1366.95,65.38,65.35,43.23,19.36,4.11,4,439,17.42
2026-06-07 14:33:50,1692.35,71.45,81.91,38.9,21.53,2.72,2,551,18.3
2026-06-07 14:34:50,1426.94,71.61,32.23,37.62,20.43,6.43,5,465,18.67
2026-06-07 14:35:50,987.61,64.75,54.17,44.42,16.74,4.76,4,347,15.08
2026-06-07 14:36:50,1752.75,50.58,57.15,35.97,17.64,4.4,3,536,14.81
2026-06-07 14:37:50,1320.64,69.0,92.96,32.86,19.18,1.79,1,457,17.72
2026-06-07 14:38:50,1122.49,54.73,85.14,40.55,16.58,2.51,2,384,15.25
2026-06-07 14:39:50,1416.26,69.48,87.42,52.67,20.44,2.44,3,483,18.6
2026-06-07 14:40:50,1489.65,89.27,28.43,62.92,24.13,6.24,5,512,22.51
2026-06-07 14:41:50,977.04,50.55,30.82,42.35,15.8,6.69,6,278,12.77
2026-06-07 14:42:50,1020.42,49.17,69.86,67.54,15.42,3.35,2,333,13.56
2026-06-07 14:43:50,902.65,55.61,68.17,57.52,14.75,3.95,5,288,13.74
2026-06-07 14:44:50,1540.62,35.33,49.73,58.71,13.84,4.7,3,434,10.84
2026-06-07 14:45:50,1722.46,96.87,89.68,32.98,25.56,1.99,2,592,23.29
2026-06-07 14:46:50,1022.53,50.93,53.89,62.52,14.82,4.41,4,308,13.08
2026-06-07 14:47:50,905.47,85.75,76.42,44.75,20.21,2.49,3,334,18.95
2026-06-07 14:48:50,1099.91,82.03,58.48,44.94,20.84,3.87,4,397,19.25
2026-06-07 14:49:50,1184.2,87.21,23.47,61.85,21.63,7.27,6,384,20.43
2026-06-07 14:50:50,1086.6,71.25,71.21,54.24,18.64,3.45,3,374,16.53
2026-06-07 14:51:50,1288.01,91.75,85.28,50.59,24.17,1.95,3,464,21.44
2026-06-07 14:52:50,1548.09,55.5,59.11,45.26,17.29,3.85,4,491,15.48
2026-06-07 14:53:50,962.02,72.99,94.2,46.22,18.3,1.38,1,384,17.41
2026-06-07 14:54:50,913.41,97.57,22.68,59.77,23.09,7.65,7,326,22.35
2026-06-07 14:55:50,1687.02,35.61,29.74,52.77,15.1,6.14,6,452,12.64
2026-06-07 14:56:50,937.5,36.95,40.13,49.15,12.92,5.52,4,273,11.08
2026-06-07 14:57:50,972.18,84.89,98.78,56.44,21.86,1.29,1,369,20.83
2026-06-07 14:58:50,1166.42,99.51,32.68,33.11,25.38,6.47,6,391,23.11
2026-06-07 14:59:50,1529.6,46.45,88.8,53.71,16.64,2.29,3,467,13.43
2026-06-07 15:00:50,1334.71,63.1,66.53,59.09,18.66,3.93,4,406,15.54
2026-06-07 15:01:50,1341.47,50.59,67.44,39.18,16.51,3.38,3,415,12.96
2026-06-07 15:02:50,1461.46,96.1,31.81,46.42,25.87,6.04,6,487,22.68
2026-06-07 15:03:50,1037.84,94.99,45.26,64.91,23.97,5.46,4,370,21.63
2026-06-07 15:04:50,1325.97,65.52,50.7,68.35,19.39,5.28,4,441,17.68
2026-06-07 15:05:50,1063.63,65.56,75.65,31.11,17.46,2.9,4,338,15.47
2026-06-07 15:06:50,1760.44,92.54,77.68,36.35,26.58,2.68,3,584,23.88
2026-06-07 15:07:50,1326.5,82.07,76.9,35.04,21.61,2.53,3,482,20.31
2026-06-07 15:08:50,1369.05,67.65,69.51,67.74,19.28,3.52,3,436,17.92
2026-06-07 15:09:50,1302.8,48.75,47.07,63.66,15.38,5.04,5,399,12.17
2026-06-07 15:10:50,1334.74,66.84,70.34,63.39,18.69,3.75,3,437,16.13
2026-06-07 15:11:50,1789.35,79.04,20.32,57.84,24.27,7.79,6,554,20.13
2026-06-07 15:12:50,1396.09,44.87,50.02,58.75,15.22,5.11,5,406,12.7
2026-06-07 15:13:50,962.89,88.83,22.65,65.32,22.82,7.56,7,328,21.36
2026-06-07 15:14:50,1772.45,88.79,96.54,42.99,25.35,0.98,2,623,21.75
2026-06-07 15:15:50,1729.77,41.49,27.34,55.92,16.39,6.78,7,482,12.82
2026-06-07 15:16:50,1138.68,64.04,30.95,46.72,18.46,6.63,5,335,15.64
2026-06-07 15:17:50,1210.14,86.49,28.12,67.07,23.35,6.37,5,423,21.51
2026-06-07 15:18:50,1358.82,51.46,43.7,57.98,17.27,5.1,4,417,14.71
2026-06-07 15:19:50,1740.59,45.86,40.39,59.79,17.81,5.36,4,508,13.54
2026-06-07 15:20:50,1288.67,80.27,42.74,39.14,20.91,5.71,6,417,18.25
2026-06-07 15:21:50,1625.13,67.98,46.1,45.4,21.45,5.4,4,524,17.43
2026-06-07 15:22:50,1244.37,80.18,96.09,51.79,21.49,1.18,2,441,20.08
2026-06-07 15:23:50,1468.29,89.55,43.37,53.4,24.58,5.69,5,495,21.09
2026-06-07 15:24:50,1176.72,96.13,75.28,64.16,23.33,3.0,2,462,21.53
2026-06-07 15:25:50,1098.21,36.35,31.48,60.76,13.12,6.83,6,305,10.62
2026-06-07 15:26:50,1372.75,61.77,95.29,64.73,19.08,0.92,1,475,16.54
2026-06-07 15:27:50,1012.58,45.21,28.99,52.4,14.29,6.41,5,284,12.24
2026-06-07 15:28:50,1334.97,75.4,40.47,53.59,21.7,5.45,5,438,18.66
2026-06-07 15:29:50,1748.18,80.49,46.04,69.7,24.41,5.78,5,534,20.78
2026-06-07 15:30:50,1660.94,84.36,51.37,38.85,23.37,5.08,4,531,21.28
2026-06-07 15:31:50,1084.41,85.0,36.12,44.99,21.05,5.92,6,382,19.65
2026-06-07 15:32:50,931.27,44.27,55.52,41.15,13.73,4.64,5,256,11.76
2026-06-07 15:33:50,1601.25,62.98,69.44,34.38,18.83,3.86,4,515,16.84
2026-06-07 15:34:50,1612.54,87.74,94.2,65.56,23.47,1.3,1,584,20.41
2026-06-07 15:35:50,1329.83,33.97,29.89,30.42,13.62,6.54,5,371,11.6
2026-06-07 15:36:50,971.49,30.5,55.81,68.23,11.29,4.67,5,281,9.23
2026-06-07 15:37:50,1520.12,63.26,77.45,50.01,20.16,3.1,2,489,16.49
2026-06-07 15:38:50,1514.4,61.66,96.49,42.92,19.03,1.18,1,486,16.43
2026-06-07 15:39:50,1051.29,56.03,96.75,50.92,16.84,1.57,2,343,14.69
2026-06-07 15:40:50,1716.1,60.23,28.28,43.46,20.27,6.92,6,513,16.4
2026-06-07 15:41:50,901.82,55.05,42.53,69.56,16.42,5.53,6,288,13.44
2026-06-07 15:42:50,1195.46,88.08,90.62,39.24,22.17,1.64,2,459,20.45
2026-06-07 15:43:50,1370.77,95.66,25.63,37.74,24.01,6.46,6,460,22.98
2026-06-07 15:44:50,1203.02,52.18,58.23,57.18,15.63,3.95,3,373,14.38
2026-06-07 15:45:50,1076.7,88.12,97.25,40.66,21.76,1.01,0,434,20.86
2026-06-07 15:46:50,1355.18,45.44,83.12,41.35,16.1,2.09,2,438,14.28
2026-06-07 15:47:50,1167.79,41.85,45.59,44.25,14.44,5.7,5,347,12.28
2026-06-07 15:48:50,1213.17,42.59,47.42,44.36,14.4,4.71,4,345,11.86
2026-06-07 15:49:50,1486.05,79.18,73.26,54.5,22.56,2.71,3,517,19.41
2026-06-07 15:50:50,1793.89,99.69,25.96,52.29,27.74,6.82,5,576,24.1
2026-06-07 15:51:50,1533.7,58.53,53.63,68.99,17.87,5.07,5,475,16.03
2026-06-07 15:52:50,1097.65,93.24,37.36,44.22,23.35,6.03,6,383,21.23
2026-06-07 15:53:50,1341.31,46.8,21.2,47.36,16.32,7.35,6,387,13.94
2026-06-07 15:54:50,1500.88,83.63,66.04,67.64,22.14,4.11,3,504,20.63
2026-06-07 15:55:50,1220.93,56.79,42.11,61.77,17.54,5.26,4,360,15.28
2026-06-07 15:56:50,1511.4,39.68,65.73,53.41,15.91,3.97,4,444,13.65
2026-06-07 15:57:50,1230.73,57.83,87.16,37.79,17.4,2.41,2,417,15.49
2026-06-07 15:58:50,907.87,37.08,67.42,53.58,12.01,3.35,3,265,9.47
2026-06-07 15:59:50,1569.57,69.67,73.59,45.99,21.43,3.32,3,520,18.63
2026-06-07 16:00:50,1060.4,63.25,52.68,52.16,16.99,4.58,4,351,14.45
2026-06-07 16:01:50,1082.41,34.33,40.25,35.15,13.12,6.15,6,285,10.71
2026-06-07 16:02:50,1121.33,48.67,74.04,65.23,16.07,3.04,2,365,13.52
2026-06-07 16:03:50,1113.79,46.38,99.3,59.46,15.76,0.77,1,386,14.16
2026-06-07 16:04:50,1216.36,47.39,54.35,56.47,14.68,5.09,4,358,11.74
2026-06-07 16:05:50,1494.18,88.16,84.9,30.72,23.23,1.71,1,555,20.39
2026-06-07 16:06:50,1279.66,78.41,43.34,42.8,22.23,6.0,5,420,19.11
2026-06-07 16:07:50,1320.18,96.39,90.44,43.51,24.79,1.55,3,492,22.99
2026-06-07 16:08:50,1022.07,83.16,27.63,63.13,21.4,6.44,6,334,19.99
2026-06-07 16:09:50,999.02,68.77,72.6,64.92,17.73,3.24,4,348,16.78
2026-06-07 16:10:50,1376.46,57.0,57.33,66.3,17.23,3.98,4,420,15.38
2026-06-07 16:11:50,1154.1,43.3,22.51,38.65,15.15,7.49,7,326,11.79
2026-06-07 16:12:50,1794.53,36.5,71.13,53.0,15.64,3.56,4,515,13.18
2026-06-07 16:13:50,1752.12,34.6,46.05,68.1,14.63,5.75,4,500,12.34
2026-06-07 16:14:50,1124.52,62.11,87.91,36.25,16.92,2.22,3,363,15.3
2026-06-07 16:15:50,1033.57,68.93,85.84,68.01,17.7,2.34,2,389,16.06
2026-06-07 16:16:50,1568.38,78.18,46.44,47.83,21.88,5.71,5,480,18.96
2026-06-07 16:17:50,1261.21,35.82,44.28,35.79,14.36,5.81,6,345,10.78
2026-06-07 16:18:50,1217.86,99.0,34.08,67.03,23.7,6.39,6,404,21.33
2026-06-07 16:19:50,1064.41,41.7,92.57,33.23,13.96,1.45,2,343,11.48
2026-06-07 16:20:50,1717.19,82.77,75.98,42.58,24.46,2.75,3,574,22.3
2026-06-07 16:21:50,920.6,39.08,55.22,41.84,13.37,4.92,5,275,10.3
2026-06-07 16:22:50,1684.06,66.72,44.25,47.05,21.63,5.23,5,528,17.35
2026-06-07 16:23:50,1743.1,47.24,74.05,46.14,16.52,3.08,4,532,13.17
2026-06-07 16:24:50,926.76,54.53,73.25,39.33,15.83,2.65,3,319,13.4
2026-06-07 16:25:50,1097.9,81.47,64.62,31.71,20.78,4.19,3,392,19.03
2026-06-07 16:26:50,1565.85,33.58,67.53,68.17,13.89,3.21,4,459,11.92
2026-06-07 16:27:50,1095.87,77.54,55.13,60.67,20.77,4.63,3,395,19.33
2026-06-07 16:28:50,1321.83,67.54,64.44,67.44,18.61,3.58,4,435,17.29
2026-06-07 16:29:50,1078.55,84.38,68.45,36.9,21.49,3.1,2,394,19.48
2026-06-07 16:30:50,925.99,88.26,28.25,57.42,21.55,6.67,5,351,20.71
2026-06-07 16:31:50,1165.1,70.65,46.43,45.85,19.96,5.22,5,362,17.16
2026-06-07 16:32:50,1601.94,92.57,34.74,32.3,24.57,6.71,5,519,21.42
2026-06-07 16:33:50,1569.87,57.02,76.67,55.5,18.77,2.6,2,507,15.94
2026-06-07 16:34:50,1151.73,96.68,59.61,61.6,24.86,3.95,3,433,22.68
2026-06-07 16:35:50,1454.69,90.95,73.24,36.04,24.28,3.1,2,533,22.04
2026-06-07 16:36:50,1091.65,40.72,65.9,58.0,14.04,3.88,4,321,11.34
2026-06-07 16:37:50,1385.1,54.31,77.06,56.25,17.27,2.51,3,446,14.98
2026-06-07 16:38:50,1509.1,70.7,65.76,33.5,20.82,4.16,4,489,18.13
2026-06-07 16:39:50,1792.84,97.43,44.64,62.62,27.59,5.52,6,580,24.49
2026-06-07 16:40:50,1321.48,32.38,25.75,58.57,12.58,6.45,5,339,10.1
2026-06-07 16:41:50,1636.35,62.88,73.97,36.11,20.42,2.6,3,507,16.51
2026-06-07 16:42:50,1567.54,64.04,86.29,61.1,20.15,2.32,3,508,17.05
2026-06-07 16:43:50,1569.1,97.73,93.29,39.04,26.5,1.21,2,571,23.11
2026-06-07 16:44:50,1680.8,97.19,73.04,56.9,26.32,3.58,3,577,22.77
2026-06-07 16:45:50,973.18,91.96,96.5,47.58,22.81,1.51,1,389,20.62
2026-06-07 16:46:50,1622.17,96.67,25.72,69.39,26.4,7.1,7,502,24.49
2026-06-07 16:47:50,955.1,51.5,58.42,40.93,14.26,4.51,3,298,12.83
2026-06-07 16:48:50,1067.93,86.71,65.26,48.12,22.7,4.1,5,378,19.75
2026-06-07 16:49:50,1279.33,76.59,58.15,42.07,21.9,4.01,5,409,19.43
2026-06-07 16:50:50,1249.21,46.7,51.86,54.27,15.36,5.22,5,359,13.25
2026-06-07 16:51:50,1034.55,85.14,40.82,48.86,20.55,6.03,5,374,19.19
2026-06-07 16:52:50,1383.42,65.69,29.51,53.87,19.12,6.68,7,395,16.86
2026-06-07 16:53:50,1138.53,78.96,63.21,48.51,20.27,3.7,4,388,17.83
2026-06-07 16:54:50,900.97,96.8,55.58,50.05,24.01,4.68,5,353,22.29
2026-06-07 16:55:50,1006.43,30.93,72.39,54.06,11.23,3.68,3,281,9.66
2026-06-07 16:56:50,1519.97,37.26,52.77,40.56,15.42,4.59,5,430,13.06
2026-06-07 16:57:50,1338.74,97.24,70.44,36.3,25.06,3.79,4,467,23.23
2026-06-07 16:58:50,1614.45,93.32,42.69,58.52,24.97,5.89,5,543,23.05
2026-06-07 16:59:50,1114.26,35.88,72.77,53.72,12.97,3.51,4,339,10.02
2026-06-07 17:00:50,901.76,70.52,54.88,68.48,17.48,4.79,4,318,16.56
2026-06-07 17:01:50,1344.22,62.44,77.42,57.03,18.67,2.67,2,428,16.29
2026-06-07 17:02:50,1231.98,31.77,40.35,50.92,13.12,5.74,5,323,10.44
2026-06-07 17:03:50,926.17,87.51,57.0,42.51,22.26,4.76,4,325,19.73
2026-06-07 17:04:50,1175.89,56.52,37.05,64.45,16.57,5.69,5,371,14.39
2026-06-07 17:05:50,1209.11,97.2,90.3,57.85,24.73,2.06,2,452,23.47
2026-06-07 17:06:50,1395.72,46.18,48.87,46.04,14.9,4.7,5,422,13.37
2026-06-07 17:07:50,1144.77,38.27,51.01,31.68,13.57,4.99,4,344,10.88
2026-06-07 17:08:50,1681.07,72.44,58.76,33.63,21.59,4.35,4,526,18.5
2026-06-07 17:09:50,1765.3,59.66,85.93,53.98,18.93,1.99,2,566,15.66
2026-06-07 17:10:50,1216.79,65.43,21.19,55.78,18.48,7.68,6,366,15.81
2026-06-07 17:11:50,1265.42,80.63,94.75,63.64,22.33,1.38,2,469,20.34
2026-06-07 17:12:50,1206.35,49.83,78.05,40.1,15.54,3.04,3,379,13.88
2026-06-07 17:13:50,1151.67,96.2,53.48,62.26,23.64,4.28,3,412,22.84
2026-06-07 17:14:50,1340.77,75.83,98.04,67.39,20.24,0.9,0,474,18.6
2026-06-07 17:15:50,1572.12,57.43,68.65,44.63,19.46,3.82,4,496,17.13
2026-06-07 17:16:50,1159.21,47.07,99.86,51.79,15.1,1.28,1,392,13.28
2026-06-07 17:17:50,1304.74,57.01,31.22,40.71,17.2,6.53,5,402,13.91
2026-06-07 17:18:50,1351.48,82.13,99.89,60.84,21.93,0.72,2,481,20.46
2026-06-07 17:19:50,1020.81,38.31,84.05,54.11,12.8,2.41,2,333,10.26
2026-06-07 17:20:50,1622.71,40.38,82.51,64.93,15.72,2.52,3,495,12.94
2026-06-07 17:21:50,1095.74,70.52,63.46,63.75,18.13,4.1,4,357,15.61
2026-06-07 17:22:50,1211.08,89.75,50.28,68.0,22.57,5.45,4,426,19.93
2026-06-07 17:23:50,1293.87,82.48,68.06,31.31,22.27,3.11,3,442,20.74
2026-06-07 17:24:50,943.72,73.86,23.01,56.89,19.63,7.44,7,312,17.46
2026-06-07 17:25:50,1756.24,93.42,37.85,38.5,24.96,5.7,4,575,21.86
2026-06-07 17:26:50,1327.25,61.78,37.48,42.01,19.16,6.19,5,404,16.32
2026-06-07 17:27:50,1315.18,32.14,65.85,64.17,12.4,3.4,2,386,10.24
2026-06-07 17:28:50,960.45,67.63,29.52,59.65,18.93,6.36,5,323,17.69
2026-06-07 17:29:50,1495.18,57.22,84.81,58.3,17.67,1.77,2,467,14.43
2026-06-07 17:30:50,1715.41,41.56,77.87,69.34,16.22,2.34,3,514,13.18
2026-06-07 17:31:50,1530.53,92.26,45.97,30.72,24.52,4.95,5,528,22.33
2026-06-07 17:32:50,1555.45,82.88,99.33,54.18,22.65,1.4,2,533,20.02
2026-06-07 17:33:50,1031.73,77.54,60.34,64.69,20.52,4.56,5,350,18.59
2026-06-07 17:34:50,927.6,77.98,47.97,44.48,19.39,5.36,4,320,16.93
2026-06-07 17:35:50,1282.84,97.33,72.1,68.77,25.23,3.66,4,444,22.73
2026-06-07 17:36:50,1438.97,35.27,36.26,35.78,13.88,5.97,6,395,10.42
2026-06-07 17:37:50,1352.13,63.39,28.81,52.37,19.71,6.92,6,400,16.35
2026-06-07 17:38:50,1441.27,73.8,59.36,57.45,21.49,4.03,4,475,18.23
2026-06-07 17:39:50,1708.56,69.37,38.85,57.61,21.05,6.39,6,514,17.84
2026-06-07 17:40:50,1457.26,34.22,65.58,66.02,14.04,4.23,3,426,10.82
2026-06-07 17:41:50,1791.65,35.41,21.93,59.06,15.45,7.46,7,493,11.13
2026-06-07 17:42:50,1362.26,67.22,89.07,35.25,19.57,2.05,3,434,16.99
2026-06-07 17:43:50,1341.36,59.28,26.66,57.61,18.45,6.98,6,391,15.97
2026-06-07 17:44:50,1078.73,60.99,71.64,47.69,18.17,3.54,2,362,16.51
2026-06-07 17:45:50,1258.2,49.81,74.69,43.9,15.67,2.83,3,408,13.44
2026-06-07 17:46:50,1666.34,55.67,48.55,58.26,18.03,5.33,4,512,15.96
2026-06-07 17:47:50,1281.66,77.71,92.54,54.67,21.44,1.45,2,466,19.15
2026-06-07 17:48:50,1633.47,88.42,59.78,35.3,24.78,3.78,4,555,21.04
2026-06-07 17:49:50,1419.98,58.07,70.7,33.77,18.13,3.28,3,460,14.61
2026-06-07 17:50:50,1659.8,72.3,91.77,59.87,21.65,1.94,2,569,18.04
2026-06-07 17:51:50,924.1,97.65,65.9,35.12,22.96,3.92,3,358,20.81
2026-06-07 17:52:50,1139.37,75.2,91.92,56.78,20.69,1.63,2,399,18.97
2026-06-07 17:53:50,1558.23,68.07,75.47,66.8,20.18,2.88,2,527,18.51
2026-06-07 17:54:50,1462.67,45.98,29.94,55.15,15.4,6.75,5,421,13.23
2026-06-07 17:55:50,1059.89,78.84,61.78,51.36,20.22,4.07,3,367,19.14
2026-06-07 17:56:50,1716.17,31.01,72.07,64.19,14.0,2.89,3,504,10.23
2026-06-07 17:57:50,990.62,38.1,54.94,56.02,13.7,4.47,4,289,10.64
2026-06-07 17:58:50,1274.48,66.05,55.91,57.25,19.21,4.79,5,418,17.41
2026-06-07 17:59:50,1432.28,55.48,29.99,46.36,16.96,6.42,5,424,15.57
2026-06-07 18:00:50,980.62,90.68,76.06,34.4,22.17,2.83,3,378,21.07
2026-06-07 18:01:50,947.75,59.06,45.19,53.54,16.2,5.84,6,307,14.34
2026-06-07 18:02:50,1726.13,34.36,34.18,67.26,14.84,6.17,6,475,11.2
2026-06-07 18:03:50,1056.47,31.37,75.44,60.05,11.27,2.54,3,304,8.86
2026-06-07 18:04:50,1054.31,74.7,62.26,42.65,19.29,3.97,3,391,17.05
2026-06-07 18:05:50,1251.45,96.91,70.13,67.62,24.68,3.0,2,481,21.64
2026-06-07 18:06:50,1796.25,60.52,30.1,61.33,21.04,6.8,7,518,17.77
2026-06-07 18:07:50,1444.92,64.05,30.38,57.1,20.08,6.38,6,438,17.97
2026-06-07 18:08:50,984.33,68.92,64.75,35.3,18.08,4.24,3,357,17.1
2026-06-07 18:09:50,1660.02,53.75,53.03,54.42,18.86,5.01,4,516,15.82
2026-06-07 18:10:50,1283.62,43.25,27.26,56.43,14.47,6.85,6,360,11.97
2026-06-07 18:11:50,1587.83,40.58,31.27,65.43,16.43,6.23,6,452,12.74
2026-06-07 18:12:50,1699.69,58.9,43.1,49.67,20.38,5.71,5,495,17.05
2026-06-07 18:13:50,1545.14,97.4,41.49,56.6,25.81,5.28,4,538,23.05
2026-06-07 18:14:50,1740.71,66.04,55.4,33.67,20.51,4.25,4,554,18.4
2026-06-07 18:15:50,1139.73,32.93,36.53,37.45,12.58,6.44,5,327,10.32
2026-06-07 18:16:50,1412.04,49.69,84.77,37.85,16.98,2.44,3,439,13.18
2026-06-07 18:17:50,1123.08,80.94,95.97,43.96,20.36,1.21,1,408,19.52
2026-06-07 18:18:50,1288.86,62.35,47.1,42.47,18.05,4.96,5,385,15.47
2026-06-07 18:19:50,1317.93,88.33,36.64,32.08,24.07,5.96,6,424,21.39
2026-06-07 18:20:50,929.0,41.67,65.65,30.62,12.3,4.14,4,287,11.12
2026-06-07 18:21:50,1588.3,73.74,77.37,43.67,22.51,2.8,3,520,20.01
2026-06-07 18:22:50,1723.92,30.73,84.39,69.28,14.76,2.39,3,494,11.22
2026-06-07 18:23:50,1473.44,32.5,91.34,36.97,13.0,1.98,1,430,10.2
2026-06-07 18:24:50,1090.79,44.17,23.09,35.7,15.17,6.9,6,284,13.0
2026-06-07 18:25:50,1118.29,70.89,63.7,31.58,18.4,3.68,3,392,16.38
2026-06-07 18:26:50,1542.74,46.59,35.15,59.0,15.76,5.84,6,439,12.34
2026-06-07 18:27:50,1534.85,31.42,74.21,49.16,13.24,3.08,2,459,11.11
2026-06-07 18:28:50,1530.22,57.96,37.17,34.89,19.46,6.19,5,442,15.91
2026-06-07 18:29:50,1011.44,45.16,97.26,66.38,13.79,1.01,2,315,12.6
2026-06-07 18:30:50,1545.07,47.41,92.8,50.49,16.69,1.45,2,465,13.93
2026-06-07 18:31:50,1074.41,89.48,50.86,67.83,22.96,5.1,4,399,21.85
2026-06-07 18:32:50,1401.56,34.48,70.41,62.74,13.4,3.35,2,421,11.23
2026-06-07 18:33:50,1071.44,70.54,99.39,34.4,19.77,1.02,2,390,17.69
2026-06-07 18:34:50,1271.36,84.67,41.76,53.09,23.22,5.41,5,421,20.28
2026-06-07 18:35:50,1480.84,39.53,20.43,67.62,15.2,7.85,7,411,12.69
2026-06-07 18:36:50,1307.26,33.33,20.14,43.09,12.68,7.58,6,342,11.23
2026-06-07 18:37:50,1727.89,51.31,52.99,67.54,17.87,5.24,6,500,14.57
2026-06-07 18:38:50,1236.14,95.46,43.95,46.48,23.7,5.81,5,417,22.0
2026-06-07 18:39:50,1180.61,46.62,84.6,66.8,14.33,2.71,4,345,12.78
2026-06-07 18:40:50,1046.02,39.64,90.56,61.16,13.03,1.37,1,339,11.68
2026-06-07 18:41:50,994.75,86.46,57.66,35.27,22.09,4.03,4,368,20.36
2026-06-07 18:42:50,1290.57,37.3,92.22,50.88,14.34,2.09,3,368,11.56
2026-06-07 18:43:50,931.92,50.04,70.02,50.39,13.75,3.35,3,291,11.34
2026-06-07 18:44:50,1604.68,68.6,46.52,34.95,20.57,5.11,4,499,17.74
2026-06-07 18:45:50,1537.65,83.59,74.52,52.55,22.54,3.02,3,525,20.95
2026-06-07 18:46:50,1060.83,43.09,36.03,58.63,14.04,5.77,6,282,12.85
2026-06-07 18:47:50,1330.03,32.31,56.58,48.63,13.43,4.12,4,381,10.65
2026-06-07 18:48:50,1124.15,32.42,21.97,63.67,11.83,6.77,6,311,9.24
2026-06-07 18:49:50,1463.89,42.13,34.69,49.48,15.08,6.36,6,391,12.28
2026-06-07 18:50:50,1465.42,77.34,30.76,56.18,21.88,6.96,6,466,18.54
2026-06-07 18:51:50,1405.2,58.99,52.33,33.89,17.9,4.81,5,425,16.19
2026-06-07 18:52:50,1780.1,99.8,45.06,43.82,27.8,5.22,5,602,24.01
2026-06-07 18:53:50,1606.53,52.09,68.02,66.51,18.58,3.06,3,491,15.63
2026-06-07 18:54:50,914.45,49.79,45.53,42.9,15.56,5.62,5,254,13.91
2026-06-07 18:55:50,1645.64,48.68,80.34,60.46,17.73,2.92,2,507,14.27
2026-06-07 18:56:50,1525.24,44.35,73.04,53.11,16.1,2.7,2,462,13.84
2026-06-07 18:57:50,1638.76,30.68,86.28,43.6,14.05,2.44,2,466,11.21
2026-06-07 18:58:50,1775.56,89.92,59.67,47.01,25.96,4.0,4,572,23.0
2026-06-07 18:59:50,1550.12,54.93,82.1,64.57,17.96,2.84,3,495,14.19
2026-06-07 19:00:50,1401.81,60.28,79.51,66.44,18.19,2.51,2,463,15.56
2026-06-07 19:01:50,1636.42,42.13,40.93,38.78,16.5,5.73,4,487,13.35
2026-06-07 19:02:50,1107.42,98.79,52.41,69.63,24.36,4.86,4,403,21.89
2026-06-07 19:03:50,1508.47,48.78,56.47,55.78,17.41,4.25,4,464,13.39
2026-06-07 19:04:50,1215.63,75.99,95.15,64.1,20.39,1.72,2,436,18.42
2026-06-07 19:05:50,1521.44,94.2,39.17,35.28,24.41,5.9,5,498,22.42
2026-06-07 19:06:50,1130.34,52.65,85.98,36.16,16.47,1.69,1,388,13.54
2026-06-07 19:07:50,1462.95,94.58,25.38,60.0,25.58,7.25,6,498,22.99
2026-06-07 19:08:50,1183.08,92.78,61.15,31.39,24.37,4.02,3,432,22.98
2026-06-07 19:09:50,1313.78,70.22,47.15,37.83,20.74,4.8,4,438,18.09
2026-06-07 19:10:50,1349.27,30.48,24.63,32.66,12.25,7.0,5,376,9.58
2026-06-07 19:11:50,987.02,67.27,79.93,31.36,17.42,2.16,2,350,15.24
2026-06-07 19:12:50,1263.07,43.2,33.14,56.57,15.33,6.5,7,323,12.07
2026-06-07 19:13:50,1416.5,65.76,52.56,46.75,18.86,5.23,4,436,17.44
2026-06-07 19:14:50,1550.82,51.1,34.5,69.35,17.77,5.76,5,453,15.66
2026-06-07 19:15:50,1409.88,59.65,35.32,40.37,18.85,5.68,5,420,15.27
2026-06-07 19:16:50,923.88,56.46,23.2,30.67,15.43,6.77,5,275,14.0
2026-06-07 19:17:50,1168.86,91.63,37.08,48.16,23.65,6.31,6,409,22.02
2026-06-07 19:18:50,1764.66,36.32,20.87,37.63,15.35,7.71,7,456,12.62
2026-06-07 19:19:50,1071.89,62.88,85.28,42.37,17.71,2.22,2,387,14.82
2026-06-07 19:20:50,1774.34,30.13,56.52,61.0,14.88,4.44,5,484,11.15
2026-06-07 19:21:50,1068.48,80.68,59.21,69.61,20.56,3.83,4,384,18.85
2026-06-07 19:22:50,1627.86,78.01,30.54,43.73,22.13,6.98,6,508,18.71
2026-06-07 19:23:50,1041.42,57.03,43.9,45.41,16.18,5.55,5,335,14.5
2026-06-07 19:24:50,1404.33,33.44,86.86,34.28,14.47,2.08,2,403,11.04
2026-06-07 19:25:50,1666.59,66.34,86.68,31.76,20.55,1.78,3,531,16.86
2026-06-07 19:26:50,1302.25,97.2,76.84,37.15,24.56,3.07,2,489,22.03
2026-06-07 19:27:50,1180.84,84.92,51.01,35.92,21.36,4.62,4,415,19.79
2026-06-07 19:28:50,1569.87,42.35,70.19,41.61,15.97,3.88,4,449,12.41
2026-06-07 19:29:50,1746.96,87.05,40.43,59.17,25.59,5.68,4,588,22.55
2026-06-07 19:30:50,1731.61,60.09,27.81,66.2,20.68,7.15,6,494,18.21
2026-06-07 19:31:50,1273.3,39.31,56.12,41.69,14.84,4.56,4,381,12.32
2026-06-07 19:32:50,1506.16,82.54,41.9,60.09,23.21,5.27,4,485,20.24
2026-06-07 19:33:50,1750.06,91.8,49.1,58.15,25.79,5.56,5,566,23.7
2026-06-07 19:34:50,1660.47,34.53,33.31,54.46,14.92,6.56,6,437,12.69
2026-06-07 19:35:50,996.26,78.67,89.17,67.66,19.93,1.97,1,378,18.4
2026-06-07 19:36:50,1795.25,65.48,78.08,40.41,21.13,2.68,3,566,18.15
2026-06-07 19:37:50,1028.76,75.55,48.73,36.07,20.28,4.74,4,358,18.38
2026-06-07 19:38:50,1378.15,56.42,64.56,34.17,18.29,3.97,4,433,15.8
2026-06-07 19:39:50,1569.59,72.22,61.62,65.0,22.11,3.68,4,518,19.79
2026-06-07 19:40:50,1126.0,61.15,20.77,40.46,16.71,7.48,7,320,15.72
2026-06-07 19:41:50,931.61,92.35,33.46,46.42,22.59,6.66,6,337,20.72
2026-06-07 19:42:50,1512.31,90.32,52.06,39.1,24.71,5.24,5,510,22.26
2026-06-07 19:43:50,1062.04,87.34,21.52,68.23,22.6,6.8,7,358,20.34
2026-06-07 19:44:50,1531.66,95.43,54.67,53.39,24.69,5.1,4,541,23.37
2026-06-07 19:45:50,1347.09,81.73,58.25,30.19,21.95,4.22,4,460,20.06
2026-06-07 19:46:50,947.7,47.37,32.08,42.87,14.45,6.76,6,251,11.79
2026-06-07 19:47:50,965.14,62.75,85.61,58.08,16.76,2.27,2,324,15.29
2026-06-07 19:48:50,1750.84,99.91,86.49,40.57,26.16,1.98,3,599,23.53
2026-06-07 19:49:50,1163.22,67.63,69.04,50.99,19.38,3.68,4,378,16.19
2026-06-07 19:50:50,1513.89,45.48,85.42,38.01,17.01,2.51,3,478,13.28
2026-06-07 19:51:50,1317.24,37.51,81.91,44.49,13.14,2.77,3,409,10.13
2026-06-07 19:52:50,1058.54,79.56,56.05,30.24,19.94,4.7,4,385,17.78
2026-06-07 19:53:50,978.54,97.06,47.79,46.37,22.44,5.09,5,383,20.8
2026-06-07 19:54:50,1695.04,49.71,42.86,53.01,18.6,5.96,6,483,15.17
2026-06-07 19:55:50,1366.0,82.71,66.41,33.88,21.96,3.92,4,469,19.56
2026-06-07 19:56:50,952.04,79.16,89.37,68.32,21.02,2.27,3,342,19.39
2026-06-07 19:57:50,1514.9,94.96,21.34,69.18,24.34,7.31,7,497,21.91
2026-06-07 19:58:50,1113.44,83.48,80.39,44.81,21.63,2.32,2,398,18.9
2026-06-07 19:59:50,1317.51,58.11,74.41,41.52,17.19,3.27,3,422,15.81
2026-06-07 20:00:50,1394.7,33.77,24.04,39.8,14.29,6.93,6,366,12.16
2026-06-07 20:01:50,1752.49,34.19,79.06,34.11,14.58,2.35,2,513,10.93
2026-06-07 20:02:50,1221.66,99.67,79.39,40.62,23.95,2.92,3,452,22.39
2026-06-07 20:03:50,1129.76,31.12,85.47,34.22,11.33,1.71,1,347,10.16
2026-06-07 20:04:50,1085.29,64.13,22.38,60.31,17.72,7.47,6,325,16.39
2026-06-07 20:05:50,1036.76,38.23,37.98,51.91,12.89,6.43,5,283,10.95
2026-06-07 20:06:50,1756.82,80.09,29.71,63.44,24.09,7.06,5,534,20.03
2026-06-07 20:07:50,1465.67,34.71,38.27,54.53,15.05,5.72,4,404,10.86
2026-06-07 20:08:50,1750.46,33.6,36.39,52.99,14.75,6.15,5,492,10.64
2026-06-07 20:09:50,1258.73,83.16,64.1,46.93,21.23,3.39,2,445,18.55
2026-06-07 20:10:50,923.75,53.43,87.56,45.69,14.34,2.0,3,311,13.31
2026-06-07 20:11:50,1593.68,64.33,62.34,58.9,19.36,4.29,3,492,17.69
2026-06-07 20:12:50,1242.08,61.57,51.05,60.55,17.93,5.23,5,383,14.85
2026-06-07 20:13:50,1093.67,90.48,91.07,41.85,22.72,1.45,1,437,21.17
2026-06-07 20:14:50,1399.54,98.41,80.81,53.01,24.36,2.8,3,518,22.88
2026-06-07 20:15:50,1105.79,45.14,48.93,53.68,14.11,5.03,5,328,11.53
2026-06-07 20:16:50,1676.96,78.91,88.26,43.53,22.7,1.85,2,552,20.31
2026-06-07 20:17:50,1583.57,85.4,31.23,62.3,23.04,6.01,5,524,19.78
2026-06-07 20:18:50,1025.05,72.85,73.04,53.37,19.92,3.58,3,346,18.35
2026-06-07 20:19:50,1595.87,49.73,56.35,54.04,16.55,4.2,3,493,14.15
2026-06-07 20:20:50,1134.11,79.87,53.07,41.26,20.9,4.3,5,388,18.85
2026-06-07 20:21:50,1661.9,60.33,35.83,51.03,20.25,6.27,6,486,16.18
2026-06-07 20:22:50,1148.31,85.95,66.66,48.29,22.31,3.33,3,415,20.84
2026-06-07 20:23:50,1011.1,65.2,45.49,52.17,18.3,4.87,4,337,16.87
2026-06-07 20:24:50,1038.07,76.28,94.71,55.69,19.37,1.81,2,371,18.05
2026-06-07 20:25:50,1183.05,92.25,72.09,32.48,24.16,3.06,3,420,22.14
2026-06-07 20:26:50,943.35,56.68,20.19,66.11,16.83,7.21,5,275,14.09
2026-06-07 20:27:50,1072.07,36.27,47.63,33.49,13.23,4.7,4,326,10.89
2026-06-07 20:28:50,1052.92,99.91,48.7,63.42,24.86,5.48,5,377,23.24
2026-06-07 20:29:50,1160.21,68.79,98.54,43.1,18.51,0.7,1,429,15.67
2026-06-07 20:30:50,1166.32,52.44,56.43,63.91,15.24,4.74,5,349,13.02
2026-06-07 20:31:50,1553.92,39.67,32.45,50.13,15.67,6.53,6,434,12.67
2026-06-07 20:32:50,1318.03,40.84,23.1,60.24,14.25,7.31,6,343,12.51
2026-06-07 20:33:50,1685.74,70.04,32.73,63.95,20.81,6.24,6,512,17.69
2026-06-07 20:34:50,1672.69,43.37,68.23,57.5,17.41,3.38,3,496,14.45
2026-06-07 20:35:50,1278.36,42.91,51.63,41.73,14.35,4.83,4,375,12.13
2026-06-07 20:36:50,1430.17,64.77,63.99,64.06,19.0,3.63,3,449,17.49
2026-06-07 20:37:50,1234.9,64.7,69.46,62.8,18.5,3.16,4,420,16.67
2026-06-07 20:38:50,1418.45,58.31,94.05,44.8,18.44,1.18,1,455,14.77
2026-06-07 20:39:50,946.59,57.37,90.14,46.38,15.22,2.07,2,318,14.51
2026-06-07 20:40:50,1759.34,66.87,38.43,51.79,21.36,5.99,5,538,17.17
2026-06-07 20:41:50,1668.69,61.95,62.03,41.61,20.26,4.2,3,516,16.79
2026-06-07 20:42:50,1189.64,64.54,46.78,67.23,18.64,5.17,4,383,16.29
2026-06-07 20:43:50,1002.15,64.02,39.1,51.69,16.93,5.8,6,297,16.02
2026-06-07 20:44:50,1650.83,84.43,55.05,42.14,24.2,4.86,5,516,21.87
2026-06-07 20:45:50,1330.52,60.69,36.38,47.16,19.01,6.29,6,408,15.82
2026-06-07 20:46:50,1371.5,87.17,33.56,46.15,23.94,6.58,6,433,21.24
2026-06-07 20:47:50,1193.11,63.63,31.46,44.28,18.54,6.34,5,356,15.6
2026-06-07 20:48:50,985.93,51.49,85.02,47.48,14.52,2.44,3,330,12.66
2026-06-07 20:49:50,1733.75,42.13,48.31,47.48,16.09,5.45,4,518,13.28
2026-06-07 20:50:50,1672.03,43.4,32.12,67.34,15.55,6.66,5,490,12.21
2026-06-07 20:51:50,1621.43,84.9,97.7,57.92,23.64,0.82,1,579,20.87
2026-06-07 20:52:50,1653.7,42.71,66.97,45.3,17.07,3.43,3,500,13.93
2026-06-07 20:53:50,1157.93,79.14,75.41,57.56,20.92,2.72,2,431,19.44
2026-06-07 20:54:50,1416.47,93.77,25.21,67.14,24.62,7.06,6,462,22.11
2026-06-07 20:55:50,1785.74,56.28,26.63,68.44,18.55,6.71,6,497,14.67
2026-06-07 20:56:50,1011.12,83.17,41.56,63.56,21.62,5.83,4,349,19.18
2026-06-07 20:57:50,1260.14,73.11,83.57,44.57,21.19,2.58,3,413,17.62
2026-06-07 20:58:50,1153.38,51.97,70.42,38.48,16.67,3.34,3,351,15.03
2026-06-07 20:59:50,1695.04,77.88,25.6,46.94,23.15,7.07,6,521,19.48
2026-06-07 21:00:50,1741.52,46.16,68.71,59.19,17.77,3.18,2,525,13.53
2026-06-07 21:01:50,1765.4,90.65,96.9,69.76,24.99,1.54,1,622,22.72
2026-06-07 21:02:50,1534.43,47.73,42.9,44.27,16.21,5.24,6,456,13.79
2026-06-07 21:03:50,1730.03,58.73,48.11,30.54,19.34,5.19,4,520,15.67
2026-06-07 21:04:50,1216.91,34.49,70.55,64.42,13.13,3.81,3,351,10.96
2026-06-07 21:05:50,1448.6,59.01,35.4,59.88,18.02,5.99,6,433,15.33
2026-06-07 21:06:50,1647.52,92.88,87.01,34.64,26.18,2.41,3,582,23.36
2026-06-07 21:07:50,916.4,49.04,82.87,55.84,14.23,1.99,1,321,12.24
2026-06-07 21:08:50,1591.05,84.45,67.03,31.18,22.87,3.6,4,524,20.27
2026-06-07 21:09:50,1179.44,40.61,23.25,49.38,14.56,7.6,6,326,11.06
2026-06-07 21:10:50,1436.02,50.61,63.48,62.32,17.33,4.32,5,430,13.48
2026-06-07 21:11:50,935.67,51.05,72.5,36.18,15.64,3.19,4,300,13.59
2026-06-07 21:12:50,1538.2,71.81,25.49,33.82,22.0,6.76,6,465,18.44
2026-06-07 21:13:50,1259.76,61.77,77.98,47.36,18.68,2.43,2,440,16.79
2026-06-07 21:14:50,1360.04,54.24,31.89,56.48,16.27,6.66,6,411,14.85
2026-06-07 21:15:50,1166.99,79.8,55.07,66.47,20.69,4.69,4,409,18.33
2026-06-07 21:16:50,1020.85,50.53,36.37,68.27,15.39,5.98,5,306,12.75
2026-06-07 21:17:50,1615.08,88.25,88.4,45.88,23.88,1.5,1,582,21.64
2026-06-07 21:18:50,1558.05,43.42,54.35,59.15,15.68,5.14,5,426,12.84
2026-06-07 21:19:50,1220.44,50.09,64.05,36.63,16.23,4.27,4,357,13.31
2026-06-07 21:20:50,1203.43,70.94,77.76,67.08,20.18,2.32,2,407,18.01
2026-06-07 21:21:50,900.38,83.01,41.4,69.9,20.59,5.86,4,334,19.84
2026-06-07 21:22:50,991.96,83.33,37.8,62.32,20.89,6.15,6,344,19.06
2026-06-07 21:23:50,1070.3,34.24,70.4,45.32,13.33,3.21,2,312,9.98
2026-06-07 21:24:50,1705.46,99.28,68.92,49.73,27.61,3.02,3,575,23.85
2026-06-07 21:25:50,1569.82,50.35,43.5,40.86,17.61,5.16,6,443,15.45
2026-06-07 21:26:50,1280.11,38.1,91.46,34.3,14.11,1.86,2,393,12.15
2026-06-07 21:27:50,1185.85,44.55,91.93,57.55,14.03,1.7,3,370,12.81
2026-06-07 21:28:50,1603.8,95.58,71.34,66.55,24.8,3.63,3,548,23.17
2026-06-07 21:29:50,1478.13,32.33,49.07,66.03,14.2,5.42,6,382,11.61
2026-06-07 21:30:50,1136.99,93.45,90.93,59.99,23.32,1.48,2,425,22.02
2026-06-07 21:31:50,1369.74,40.6,28.93,33.28,13.9,6.28,5,378,11.88
2026-06-07 21:32:50,1191.83,39.14,67.65,49.71,13.01,3.74,3,341,11.45
2026-06-07 21:33:50,1583.17,61.13,21.96,57.51,18.36,7.65,6,479,15.72
2026-06-07 21:34:50,1199.61,72.49,34.79,56.68,20.59,6.16,6,391,17.39
2026-06-07 21:35:50,1344.31,68.37,29.4,51.56,19.63,7.1,5,416,17.37
2026-06-07 21:36:50,1154.3,61.25,86.26,42.45,17.32,2.46,2,405,16.18
2026-06-07 21:37:50,1674.39,99.07,93.34,51.44,26.29,1.81,2,596,24.35
2026-06-07 21:38:50,1718.88,36.13,79.27,68.09,16.23,2.58,2,525,11.92
2026-06-07 21:39:50,1376.9,69.84,68.22,52.38,20.71,3.26,3,461,17.2
2026-06-07 21:40:50,996.56,39.82,94.23,54.59,12.69,1.67,1,324,11.64
2026-06-07 21:41:50,1288.66,75.83,69.93,52.63,21.78,3.9,3,440,19.75
2026-06-07 21:42:50,1180.29,61.51,44.19,35.18,17.4,5.95,4,353,14.95
2026-06-07 21:43:50,1707.38,69.15,71.74,46.23,20.45,3.17,3,549,18.5
2026-06-07 21:44:50,1716.58,96.32,82.56,40.64,26.84,2.39,3,599,24.15
2026-06-07 21:45:50,1314.85,67.36,81.07,62.04,20.33,2.7,2,454,18.52
2026-06-07 21:46:50,1507.22,98.95,79.54,55.82,25.5,2.48,2,530,22.68
2026-06-07 21:47:50,966.94,42.55,27.21,69.99,13.95,7.19,7,274,12.41
2026-06-07 21:48:50,1261.03,94.06,42.22,68.09,23.26,5.24,5,452,22.09
2026-06-07 21:49:50,998.8,72.11,44.67,36.39,18.88,5.47,5,348,17.65
2026-06-07 21:50:50,1568.26,66.08,79.89,32.91,19.19,2.36,3,514,17.22
2026-06-07 21:51:50,1076.3,38.26,74.64,46.91,13.11,2.9,2,334,10.01
2026-06-07 21:52:50,1560.11,40.85,87.93,31.32,16.23,2.29,2,492,13.07
2026-06-07 21:53:50,1731.53,34.23,62.64,31.83,14.66,4.4,5,463,12.25
2026-06-07 21:54:50,1472.89,56.11,95.49,61.48,17.41,0.87,1,490,14.04
2026-06-07 21:55:50,1408.48,99.14,46.29,69.15,24.59,5.26,5,504,23.07
2026-06-07 21:56:50,1223.91,62.05,65.25,37.37,19.02,3.47,2,427,16.42
2026-06-07 21:57:50,1677.36,52.88,92.15,45.22,19.11,1.95,3,506,15.72
2026-06-07 21:58:50,927.37,45.62,84.1,50.43,14.87,2.04,1,330,12.16
2026-06-07 21:59:50,1193.58,84.68,41.08,51.83,22.24,6.12,5,394,21.09
2026-06-07 22:00:50,1504.67,95.69,51.04,42.94,24.69,4.93,4,526,21.65
2026-06-07 22:01:50,1533.54,75.28,38.55,51.29,20.75,6.05,6,486,17.98
2026-06-07 22:02:50,1537.21,99.78,57.42,65.03,26.03,4.04,4,552,23.39
2026-06-07 22:03:50,1026.61,68.42,22.94,52.04,18.6,6.94,6,310,17.44
2026-06-07 22:04:50,927.57,45.81,68.48,39.65,14.91,3.52,3,294,13.23
2026-06-07 22:05:50,1081.41,61.3,81.85,56.9,16.76,2.64,2,358,13.97
2026-06-07 22:06:50,1732.6,52.12,84.28,51.47,19.1,2.39,2,545,16.02
2026-06-07 22:07:50,1769.85,66.84,77.35,49.35,20.16,2.91,3,576,17.93
2026-06-07 22:08:50,1261.36,51.98,91.33,41.97,15.44,1.81,2,423,12.74
2026-06-07 22:09:50,944.35,87.43,44.4,54.03,22.36,5.36,4,334,19.78
2026-06-07 22:10:50,1348.47,32.46,62.3,63.81,14.2,4.36,5,389,10.58
2026-06-07 22:11:50,1210.76,64.98,20.1,32.35,18.39,7.47,7,358,15.31
2026-06-07 22:12:50,918.49,53.69,89.19,45.77,15.38,1.97,3,296,14.12
2026-06-07 22:13:50,1008.6,65.04,40.77,44.68,17.16,5.26,6,296,15.57
2026-06-07 22:14:50,1097.98,99.0,77.92,37.41,23.96,2.5,2,438,21.42
2026-06-07 22:15:50,1558.13,87.3,68.22,60.4,24.27,3.26,3,528,21.32
2026-06-07 22:16:50,1419.84,55.41,30.7,38.09,17.11,6.31,6,433,15.55
2026-06-07 22:17:50,931.87,96.04,21.39,41.67,22.65,7.73,6,324,22.13
2026-06-07 22:18:50,1678.45,54.1,83.25,55.6,17.6,1.97,1,536,14.9
2026-06-07 22:19:50,1188.56,39.4,95.72,64.55,14.56,1.59,3,347,12.06
2026-06-07 22:20:50,1338.73,36.15,30.45,38.86,13.09,6.16,5,359,10.04
2026-06-07 22:21:50,1313.22,31.01,59.2,56.2,13.0,4.55,4,380,10.53
2026-06-07 22:22:50,1636.73,63.76,53.71,49.24,20.16,4.95,4,493,17.44
2026-06-07 22:23:50,1534.42,86.53,37.31,46.34,24.21,5.98,6,482,21.05
2026-06-07 22:24:50,961.19,67.97,88.27,39.55,18.64,2.12,3,332,16.99
2026-06-07 22:25:50,1318.15,78.18,25.66,41.7,20.7,7.34,7,400,19.29
2026-06-07 22:26:50,1161.49,64.41,22.3,33.87,18.64,6.95,6,370,15.43
2026-06-07 22:27:50,1574.09,30.42,35.62,66.03,13.99,6.3,6,435,9.88
2026-06-07 22:28:50,1497.49,92.06,27.44,42.74,23.86,7.29,7,481,22.58
2026-06-07 22:29:50,1447.82,63.72,72.78,59.11,19.51,3.55,4,462,16.4
2026-06-07 22:30:50,1429.42,88.77,55.22,48.08,23.77,4.66,5,492,20.55
2026-06-07 22:31:50,1263.22,71.97,47.03,68.58,19.15,5.46,4,410,16.82
2026-06-07 22:32:50,1525.0,41.16,89.58,64.76,16.2,2.08,2,472,12.24
2026-06-07 22:33:50,1784.09,92.36,41.93,48.89,26.45,5.62,5,566,24.13
2026-06-07 22:34:50,1309.28,61.57,47.83,60.16,18.16,5.21,5,416,15.61
2026-06-07 22:35:50,1305.03,50.91,85.61,39.66,15.67,2.63,2,430,14.12
2026-06-07 22:36:50,1045.14,75.07,58.85,50.17,20.55,4.42,4,357,18.21
2026-06-07 22:37:50,1508.83,40.79,56.92,33.73,14.63,4.17,3,457,11.13
2026-06-07 22:38:50,1768.21,81.65,88.51,51.87,24.38,2.23,3,600,21.99
2026-06-07 22:39:50,1003.93,80.06,70.05,53.92,19.74,3.15,3,382,18.68
2026-06-07 22:40:50,1706.15,42.85,20.24,30.01,17.45,7.75,7,456,13.7
2026-06-07 22:41:50,1750.33,65.28,82.5,66.61,20.12,2.44,3,545,17.73
2026-06-07 22:42:50,1668.09,93.61,86.25,61.14,25.95,2.47,2,603,23.36
2026-06-07 22:43:50,1625.28,66.44,35.53,32.51,20.91,6.54,5,504,17.79
2026-06-07 22:44:50,1060.65,90.9,41.53,34.19,23.03,5.91,6,365,21.13
2026-06-07 22:45:50,1365.43,39.72,37.89,54.19,13.71,5.9,5,372,11.92
2026-06-07 22:46:50,1251.93,82.58,35.12,57.95,21.78,6.47,7,393,19.81
2026-06-07 22:47:50,1789.06,57.45,24.74,49.7,20.45,7.44,7,495,16.69
2026-06-07 22:48:50,1016.35,65.95,32.83,59.64,18.22,6.53,7,294,16.63
2026-06-07 22:49:50,1107.29,35.39,27.07,32.06,13.16,6.48,5,312,11.31
2026-06-07 22:50:50,1396.98,38.87,24.99,41.16,14.42,7.4,6,389,12.19
2026-06-07 22:51:50,1143.49,64.68,33.48,51.47,18.61,6.6,5,355,15.81
2026-06-07 22:52:50,1681.85,89.04,52.37,62.68,24.8,5.29,4,536,21.88
2026-06-07 22:53:50,1443.95,51.22,41.35,38.53,17.21,5.64,6,401,14.04
2026-06-07 22:54:50,1224.52,76.28,96.75,33.55,20.38,1.22,1,435,17.54
2026-06-07 22:55:50,1452.02,42.29,68.97,41.66,16.39,3.9,4,427,13.38
2026-06-07 22:56:50,1534.06,38.93,91.28,46.35,14.71,2.05,1,487,12.65
2026-06-07 22:57:50,1567.63,86.99,46.52,54.48,23.56,5.43,6,513,21.91
2026-06-07 22:58:50,1592.05,87.87,36.26,45.57,24.65,6.43,6,496,21.24
2026-06-07 22:59:50,1436.38,61.67,62.5,64.36,18.38,3.93,3,455,15.76
2026-06-07 23:00:50,1242.87,97.94,47.43,59.15,24.26,5.29,5,421,22.16
2026-06-07 23:01:50,1782.23,42.37,71.15,35.77,17.32,3.45,4,512,13.78
2026-06-07 23:02:50,1370.03,56.94,22.43,45.84,16.98,7.56,7,380,14.28
2026-06-07 23:03:50,941.44,37.62,72.35,62.67,12.72,3.21,4,276,10.1
2026-06-07 23:04:50,1790.57,70.17,82.16,61.14,20.95,2.54,3,561,19.07
2026-06-07 23:05:50,1053.53,75.69,36.3,33.82,20.55,5.91,6,326,18.37
2026-06-07 23:06:50,1598.98,67.04,93.87,65.76,21.1,1.4,2,537,18.91
2026-06-07 23:07:50,1555.41,31.57,63.47,65.36,14.79,4.37,3,454,10.82
2026-06-07 23:08:50,1184.91,85.01,42.29,66.81,21.46,5.3,4,399,18.76
2026-06-07 23:09:50,949.92,66.88,57.3,56.1,17.64,4.65,5,314,16.18
2026-06-07 23:10:50,926.45,40.88,49.65,47.81,12.38,5.16,6,241,10.8
2026-06-07 23:11:50,966.97,75.17,77.91,39.61,19.37,2.53,2,364,17.15
2026-06-07 23:12:50,1263.07,67.03,60.45,55.0,18.29,4.16,3,413,16.3
2026-06-07 23:13:50,1352.61,43.41,54.74,59.1,14.53,4.76,4,414,12.69
2026-06-07 23:14:50,1793.8,44.92,25.66,45.77,17.28,6.69,5,494,13.87
2026-06-07 23:15:50,1773.31,48.01,38.8,34.1,17.9,5.65,4,510,13.98
2026-06-07 23:16:50,1494.35,37.98,40.3,47.32,15.28,5.55,6,421,12.79
2026-06-07 23:17:50,1048.27,47.2,81.41,51.59,14.25,2.89,2,347,11.74
2026-06-07 23:18:50,1405.43,78.19,62.46,59.51,20.95,3.91,4,466,18.86
2026-06-07 23:19:50,1196.28,91.57,59.96,60.26,22.5,4.65,5,405,20.63
2026-06-07 23:20:50,1174.7,45.91,71.91,61.36,14.51,3.74,4,355,12.33
2026-06-07 23:21:50,1127.59,74.53,60.38,42.87,20.01,4.15,4,397,18.5
2026-06-07 23:22:50,1146.73,99.74,43.01,51.16,24.27,5.53,5,404,21.83
2026-06-07 23:23:50,1753.35,69.31,51.06,68.81,21.18,4.85,4,538,18.11
2026-06-07 23:24:50,1354.95,85.52,35.86,66.7,23.36,6.22,6,457,20.79
2026-06-07 23:25:50,1340.14,95.85,70.87,50.55,24.17,3.36,3,502,22.89
2026-06-07 23:26:50,1574.8,75.28,43.3,55.32,22.38,5.15,4,496,19.22
2026-06-07 23:27:50,1255.63,74.35,20.93,47.13,20.89,6.86,7,395,18.68
2026-06-07 23:28:50,1141.24,91.87,86.47,56.97,23.44,1.99,2,440,20.6
2026-06-07 23:29:50,1454.05,95.12,23.96,61.36,24.87,7.02,5,506,22.6
2026-06-07 23:30:50,1184.09,86.51,69.26,68.24,22.44,3.44,2,450,20.38
2026-06-07 23:31:50,1103.18,90.36,75.22,40.67,22.76,2.83,3,395,20.7
2026-06-07 23:32:50,1522.79,72.95,93.58,39.85,20.99,1.5,3,497,17.95
2026-06-07 23:33:50,1626.1,87.95,35.48,40.96,25.12,5.92,5,520,22.82
2026-06-07 23:34:50,1326.05,67.53,80.46,36.84,19.76,2.75,2,454,17.39
2026-06-07 23:35:50,1671.11,54.27,67.92,34.52,18.47,3.98,4,499,14.44
2026-06-07 23:36:50,1494.87,36.33,88.42,63.04,15.38,1.5,3,460,12.07
2026-06-07 23:37:50,1381.73,78.81,71.59,52.07,21.26,3.3,2,475,19.34
2026-06-07 23:38:50,1129.42,30.31,80.07,64.28,11.99,2.95,3,318,9.08
2026-06-07 23:39:50,1554.91,57.66,51.19,68.57,19.49,5.36,4,493,16.73
2026-06-07 23:40:50,1466.71,31.13,20.55,31.79,13.87,7.33,7,368,11.62
2026-06-07 23:41:50,1308.97,83.84,26.54,47.12,21.66,7.07,6,431,20.67
2026-06-07 23:42:50,1408.0,33.27,33.63,59.82,13.28,6.29,5,404,11.23
2026-06-07 23:43:50,1354.35,59.8,92.83,67.25,17.4,1.24,2,445,15.55
2026-06-07 23:44:50,1700.5,43.59,30.74,64.82,15.72,6.04,5,465,13.24
2026-06-07 23:45:50,1528.49,30.81,63.47,30.9,13.97,3.66,3,432,9.92
2026-06-07 23:46:50,1135.08,56.87,95.44,51.79,17.49,1.51,2,396,14.69
2026-06-07 23:47:50,941.79,37.81,68.53,69.56,12.16,3.51,4,284,9.85
2026-06-07 23:48:50,1334.18,71.24,46.66,66.06,19.87,5.49,5,417,18.32
2026-06-07 23:49:50,1643.98,97.9,22.45,68.32,26.65,7.58,7,508,23.74
2026-06-07 23:50:50,1234.11,44.01,36.21,31.71,14.29,5.74,5,336,13.07
2026-06-07 23:51:50,1530.37,84.97,53.31,30.88,22.6,4.53,4,496,20.91
2026-06-07 23:52:50,1037.89,44.23,98.47,66.95,13.95,1.57,3,344,11.58
2026-06-07 23:53:50,1361.19,45.59,24.6,42.97,15.74,7.33,6,365,13.53
2026-06-07 23:54:50,1575.31,90.55,85.17,54.39,24.98,2.0,2,573,22.61
2026-06-07 23:55:50,1074.83,64.17,42.62,58.73,18.76,5.18,4,349,16.74
2026-06-07 23:56:50,1737.28,53.77,44.49,60.72,17.85,4.99,5,515,15.51
2026-06-07 23:57:50,986.12,53.79,60.7,37.43,14.96,3.97,3,316,13.2
2026-06-07 23:58:50,1060.42,83.15,83.15,40.24,21.06,2.74,2,393,18.6
2026-06-07 23:59:50,1083.08,88.7,79.34,38.45,21.7,2.96,2,395,20.37
2026-06-08 00:00:50,1282.37,84.54,33.51,57.24,23.18,5.99,6,435,19.73
2026-06-08 00:01:50,917.9,89.61,38.81,46.14,21.4,5.97,4,328,19.78
2026-06-08 00:02:50,1792.49,31.85,74.08,54.18,15.78,2.66,2,518,11.16
2026-06-08 00:03:50,1532.88,64.81,25.55,63.25,20.11,7.44,7,455,17.67
2026-06-08 00:04:50,1381.89,37.72,53.95,62.29,13.93,4.55,3,387,11.99
2026-06-08 00:05:50,1148.61,70.65,91.6,55.51,20.28,1.87,2,423,18.8
2026-06-08 00:06:50,1000.69,93.84,88.67,33.94,23.75,2.13,2,379,20.92
2026-06-08 00:07:50,937.77,34.45,48.84,48.34,12.89,5.39,4,275,10.94
2026-06-08 00:08:50,1202.99,88.25,35.84,33.97,23.2,5.8,5,415,20.35
2026-06-08 00:09:50,1308.5,80.51,49.52,43.06,22.07,5.51,5,440,20.49
2026-06-08 00:10:50,1407.77,32.08,26.82,63.56,13.48,7.19,7,361,10.66
2026-06-08 00:11:50,1500.14,91.35,95.89,51.73,25.31,1.09,2,549,21.87
2026-06-08 00:12:50,1566.83,36.36,25.88,35.56,14.99,6.79,7,401,12.2
2026-06-08 00:13:50,1699.93,34.24,87.5,43.66,14.09,1.93,2,516,11.74
2026-06-08 00:14:50,947.78,34.88,86.58,32.6,12.15,2.26,2,299,10.55
2026-06-08 00:15:50,1288.52,68.65,91.94,51.54,19.55,1.56,1,437,16.96
2026-06-08 00:16:50,1479.75,75.86,43.52,63.49,20.69,5.85,5,471,18.75
2026-06-08 00:17:50,1007.43,51.36,84.27,37.69,14.37,2.62,2,338,12.94
2026-06-08 00:18:50,1240.19,69.34,76.33,42.32,19.91,2.49,2,414,17.56
2026-06-08 00:19:50,1113.9,59.34,90.61,43.42,16.77,1.86,3,357,14.55
2026-06-08 00:20:50,1112.19,35.02,71.43,49.58,13.1,3.7,3,335,11.57
2026-06-08 00:21:50,1296.95,83.99,39.91,35.5,22.52,5.33,5,427,19.84
2026-06-08 00:22:50,932.24,60.31,63.38,47.58,15.95,3.7,4,308,14.64
2026-06-08 00:23:50,1414.0,69.27,57.81,36.81,19.31,4.82,5,435,16.7
2026-06-08 00:24:50,1077.37,99.37,75.56,32.07,24.11,3.41,2,433,22.23
2026-06-08 00:25:50,1652.91,98.55,82.16,30.89,25.64,2.92,3,565,22.38
2026-06-08 00:26:50,1673.5,41.08,41.46,62.31,16.43,5.21,5,481,13.39
2026-06-08 00:27:50,1001.39,64.82,24.65,47.42,17.14,6.57,7,314,15.58
2026-06-08 00:28:50,1156.05,90.79,52.64,69.14,23.34,5.05,4,428,20.4
2026-06-08 00:29:50,1045.95,35.49,28.48,47.64,12.68,6.49,5,278,11.04
2026-06-08 00:30:50,1479.72,62.06,79.96,48.81,19.44,2.22,2,494,17.4
2026-06-08 00:31:50,1755.82,49.75,67.14,48.1,17.8,3.88,4,541,14.14
2026-06-08 00:32:50,1126.16,37.51,47.56,39.31,13.04,4.79,3,327,10.14
2026-06-08 00:33:50,1157.17,77.56,58.51,68.21,21.21,4.16,4,409,19.23
2026-06-08 00:34:50,1263.17,81.44,25.79,57.43,22.01,6.61,6,419,20.31
2026-06-08 00:35:50,1117.36,66.14,74.26,31.26,17.94,3.09,3,397,16.9
2026-06-08 00:36:50,1701.98,33.67,80.81,45.18,15.38,2.07,1,531,11.36
2026-06-08 00:37:50,917.92,44.74,43.63,67.83,13.97,6.0,4,265,11.04
2026-06-08 00:38:50,1331.37,31.46,62.05,53.29,12.09,3.99,4,393,9.06
2026-06-08 00:39:50,1243.79,99.08,21.5,66.26,24.16,6.97,6,436,22.46
2026-06-08 00:40:50,1591.67,74.25,65.86,55.71,22.42,4.16,4,497,18.74
2026-06-08 00:41:50,1698.96,93.2,20.43,58.51,26.3,7.86,6,531,23.07
2026-06-08 00:42:50,981.37,96.54,63.57,68.95,22.93,3.97,4,358,20.81
2026-06-08 00:43:50,1276.71,44.66,54.5,51.14,14.42,4.39,4,359,12.16
2026-06-08 00:44:50,1419.19,59.1,25.6,54.38,18.31,7.32,6,419,15.04
2026-06-08 00:45:50,1505.66,78.65,79.46,68.55,22.21,2.21,1,520,18.94
2026-06-08 00:46:50,1115.83,56.73,61.73,35.07,16.08,4.17,5,331,13.6
2026-06-08 00:47:50,1756.84,95.66,32.79,63.09,26.99,6.3,5,592,23.07
2026-06-08 00:48:50,1128.58,34.29,78.78,30.58,12.98,3.01,3,321,10.75
2026-06-08 00:49:50,1610.42,37.86,21.22,52.21,15.7,7.6,8,421,12.22
2026-06-08 00:50:50,1723.47,60.47,73.75,38.66,19.56,2.61,4,521,17.36
2026-06-08 00:51:50,1174.62,69.73,96.17,30.27,20.22,1.6,2,402,18.65
2026-06-08 00:52:50,974.71,90.68,74.64,40.24,22.03,2.54,3,366,21.02
2026-06-08 00:53:50,1686.61,59.21,64.27,56.89,19.37,3.66,3,522,16.94
2026-06-08 00:54:50,1019.64,44.53,94.09,41.54,13.27,1.2,2,351,11.71
2026-06-08 00:55:50,983.26,88.09,88.34,54.98,22.72,2.32,3,372,20.5
2026-06-08 00:56:50,1661.77,49.77,45.71,42.62,16.86,4.85,4,506,13.94
2026-06-08 00:57:50,1696.87,84.98,67.47,61.85,23.9,3.11,3,577,20.32
2026-06-08 00:58:50,1556.93,64.47,89.7,52.2,19.09,1.91,1,518,17.08
2026-06-08 00:59:50,1165.73,86.26,64.33,60.71,22.83,3.44,4,420,21.25
2026-06-08 01:00:50,1455.52,37.74,87.74,31.04,14.05,1.63,2,438,10.77
2026-06-08 01:01:50,1478.4,38.26,86.45,45.44,15.71,2.45,3,440,11.97
2026-06-08 01:02:50,1632.7,78.87,44.49,50.26,22.74,4.94,5,508,19.26
2026-06-08 01:03:50,1733.13,75.99,50.8,59.21,21.86,5.34,5,562,19.97
2026-06-08 01:04:50,1286.54,93.77,25.11,60.96,23.11,7.37,6,412,22.1
2026-06-08 01:05:50,1542.99,56.63,82.23,35.93,19.26,2.68,3,466,15.61
2026-06-08 01:06:50,1259.24,39.65,77.56,38.21,14.04,2.58,3,389,11.97
2026-06-08 01:07:50,1645.59,49.64,46.48,42.25,17.69,5.39,6,480,15.37
2026-06-08 01:08:50,1023.52,88.55,27.01,64.85,22.03,6.42,6,340,21.04
2026-06-08 01:09:50,1021.36,30.56,28.48,32.9,12.29,7.0,6,253,10.54
2026-06-08 01:10:50,1608.04,93.33,38.57,46.78,25.45,6.1,6,523,23.21
2026-06-08 01:11:50,1168.69,97.68,84.4,40.12,24.93,2.15,2,460,22.49
2026-06-08 01:12:50,1622.94,85.42,32.73,46.27,23.72,5.93,6,511,22.05
2026-06-08 01:13:50,1342.97,97.08,95.39,32.44,24.27,1.34,2,492,22.34
2026-06-08 01:14:50,1220.78,94.81,74.99,39.33,24.67,3.25,3,437,21.45
2026-06-08 01:15:50,1038.66,47.58,49.92,54.86,13.86,4.58,4,304,11.88
2026-06-08 01:16:50,1016.05,83.41,30.41,57.84,20.25,6.17,5,349,18.82
2026-06-08 01:17:50,1526.35,83.57,63.02,59.6,23.23,3.8,3,501,20.46
2026-06-08 01:18:50,1515.56,52.73,47.75,57.25,16.74,4.91,5,429,14.73
2026-06-08 01:19:50,958.05,42.41,63.35,54.94,13.72,3.74,3,289,10.71
2026-06-08 01:20:50,1365.68,38.39,55.11,69.48,15.22,4.9,4,386,12.97
2026-06-08 01:21:50,1079.97,93.08,80.99,63.91,24.0,2.96,3,413,22.35
2026-06-08 01:22:50,1316.45,32.73,36.97,66.55,12.74,5.92,5,362,11.12
2026-06-08 01:23:50,1777.86,93.11,63.42,32.85,26.22,3.9,3,584,22.63
2026-06-08 01:24:50,1221.48,82.4,26.55,39.28,21.32,7.08,5,384,19.91
2026-06-08 01:25:50,1140.98,51.82,46.74,36.08,15.77,4.99,4,368,14.39
2026-06-08 01:26:50,1479.98,71.13,91.76,58.8,19.93,2.12,3,502,17.81
2026-06-08 01:27:50,1469.95,56.97,40.03,48.95,18.77,5.72,5,421,15.49
2026-06-08 01:28:50,1749.72,68.91,40.47,60.25,21.21,6.21,5,544,18.13
2026-06-08 01:29:50,1118.48,78.19,99.53,52.36,21.54,0.94,2,430,19.23
2026-06-08 01:30:50,1773.59,60.81,88.45,48.9,19.63,2.31,3,561,16.85
2026-06-08 01:31:50,1273.71,35.11,35.47,63.83,12.48,5.95,5,344,10.66
2026-06-08 01:32:50,1426.6,76.68,80.66,64.91,22.22,2.32,3,466,19.52
2026-06-08 01:33:50,1171.85,31.52,72.34,41.9,13.01,2.94,3,360,9.53
2026-06-08 01:34:50,1597.3,66.81,45.55,68.28,20.77,5.48,6,487,18.74
2026-06-08 01:35:50,1186.61,96.58,99.77,31.02,23.79,1.45,2,448,21.28
2026-06-08 01:36:50,1459.24,85.8,32.55,52.21,24.17,6.29,6,463,22.2
2026-06-08 01:37:50,1238.74,68.41,48.85,54.58,19.8,4.67,5,389,17.33
2026-06-08 01:38:50,1711.82,35.69,40.62,30.64,15.09,6.2,6,472,11.38
2026-06-08 01:39:50,963.54,98.38,26.87,65.2,23.8,7.02,6,333,21.59
2026-06-08 01:40:50,1520.71,82.34,93.71,34.05,23.79,1.77,2,508,20.07
2026-06-08 01:41:50,1210.58,59.43,76.27,30.85,18.11,3.13,2,388,15.95
2026-06-08 01:42:50,1655.92,62.88,49.41,47.52,19.01,4.57,4,516,15.56
2026-06-08 01:43:50,1487.5,95.75,65.3,58.57,25.28,3.79,3,540,23.27
2026-06-08 01:44:50,1698.36,36.27,94.43,68.43,14.54,1.25,2,516,11.28
2026-06-08 01:45:50,1295.66,58.28,79.06,66.02,18.35,2.76,3,415,15.02
2026-06-08 01:46:50,1007.59,42.4,55.77,35.68,13.46,4.31,4,305,12.38
2026-06-08 01:47:50,1437.44,52.41,70.86,47.58,16.19,3.57,3,434,13.64
2026-06-08 01:48:50,1630.11,53.78,31.68,65.66,17.85,6.81,5,471,14.18
2026-06-08 01:49:50,1415.85,50.13,27.64,41.91,17.32,6.69,6,400,14.01
2026-06-08 01:50:50,1697.84,95.36,47.5,56.46,26.89,5.07,4,587,24.71
2026-06-08 01:51:50,1719.68,94.13,46.39,45.3,26.69,5.64,5,569,22.85
2026-06-08 01:52:50,1726.3,94.3,34.05,57.02,25.1,6.12,6,556,22.64
2026-06-08 01:53:50,1065.18,44.65,50.22,30.65,14.68,5.07,4,318,13.24
2026-06-08 01:54:50,1522.83,99.37,48.98,46.76,25.41,4.94,5,528,23.74
2026-06-08 01:55:50,1242.35,58.98,36.59,38.56,16.78,6.05,6,373,15.36
2026-06-08 01:56:50,1529.96,96.42,63.71,52.59,25.85,3.66,3,549,23.71
2026-06-08 01:57:50,1030.9,56.2,48.67,30.32,17.16,4.68,3,318,14.25
2026-06-08 01:58:50,1121.62,69.88,66.18,67.62,18.07,3.87,4,371,15.53
2026-06-08 01:59:50,914.68,52.22,70.41,61.0,14.9,3.66,4,305,13.33
2026-06-08 02:00:50,1648.05,61.68,38.83,44.73,18.95,5.65,5,487,16.17
2026-06-08 02:01:50,1480.99,89.11,79.37,58.99,23.32,2.73,3,510,22.03
2026-06-08 02:02:50,1610.66,88.13,53.45,32.62,23.36,4.54,3,528,20.67
2026-06-08 02:03:50,1372.39,33.85,59.47,30.33,13.51,4.12,3,416,10.93
2026-06-08 02:04:50,1630.15,72.2,60.57,41.73,20.77,4.36,5,500,18.15
2026-06-08 02:05:50,1535.59,78.36,27.2,65.48,22.58,7.16,6,496,20.53
2026-06-08 02:06:50,1570.13,39.39,71.83,47.03,15.22,2.98,2,477,12.17
2026-06-08 02:07:50,1044.25,82.32,24.26,63.25,21.8,7.05,7,339,19.11
2026-06-08 02:08:50,1344.17,99.3,57.75,42.89,25.12,4.21,4,480,22.93
2026-06-08 02:09:50,1035.54,67.97,28.09,69.46,18.83,6.45,6,322,17.27
2026-06-08 02:10:50,1646.15,68.41,39.61,30.18,21.25,5.54,6,479,17.93
2026-06-08 02:11:50,1306.73,86.9,58.43,66.72,23.02,4.21,3,462,19.99
2026-06-08 02:12:50,1745.34,43.61,57.6,32.74,16.75,4.22,3,531,13.51
2026-06-08 02:13:50,963.86,91.6,60.4,60.88,22.79,4.01,4,357,21.43
2026-06-08 02:14:50,1683.73,68.18,76.14,42.6,20.88,2.42,2,536,17.51
2026-06-08 02:15:50,1660.29,95.36,81.97,40.85,26.57,2.16,2,576,24.07
2026-06-08 02:16:50,1679.56,90.24,46.82,37.11,24.47,4.81,5,569,21.28
2026-06-08 02:17:50,1623.56,62.99,34.29,65.83,19.93,5.76,5,489,16.29
2026-06-08 02:18:50,977.9,89.39,63.76,67.92,21.27,4.25,4,361,19.79
2026-06-08 02:19:50,1344.93,54.79,75.2,45.98,18.15,3.44,3,439,15.4
2026-06-08 02:20:50,1403.04,53.79,40.78,44.32,17.82,6.23,6,399,15.67
2026-06-08 02:21:50,1679.22,80.47,79.81,45.82,24.09,3.03,2,555,20.2
2026-06-08 02:22:50,904.61,89.05,73.59,36.15,22.38,3.51,3,349,21.42
2026-06-08 02:23:50,1331.34,72.18,57.89,31.31,19.36,4.43,3,436,17.25
2026-06-08 02:24:50,1565.57,45.41,94.11,43.88,16.39,1.31,2,489,12.91
2026-06-08 02:25:50,1106.92,69.36,72.25,53.45,17.93,3.27,3,363,16.52
2026-06-08 02:26:50,1531.45,43.32,56.25,53.58,16.02,4.64,4,444,14.02
2026-06-08 02:27:50,944.76,30.73,81.29,51.41,11.94,2.21,3,284,10.31
2026-06-08 02:28:50,905.45,66.77,86.63,36.8,18.41,1.89,1,354,17.23
2026-06-08 02:29:50,1791.13,47.19,84.59,35.26,16.7,1.83,1,563,14.28
2026-06-08 02:30:50,1689.75,85.63,52.11,69.14,23.87,5.27,4,536,20.66
2026-06-08 02:31:50,1322.47,83.36,41.6,46.11,23.15,5.21,5,458,20.2
2026-06-08 02:32:50,1335.55,67.27,85.44,42.84,19.0,2.18,2,467,16.06
2026-06-08 02:33:50,1749.66,47.29,69.1,55.5,17.87,3.62,3,506,15.44
2026-06-08 02:34:50,1275.18,67.66,59.68,54.52,18.95,4.01,4,418,16.91
2026-06-08 02:35:50,1174.53,50.98,55.76,61.68,15.66,4.6,4,344,13.56
2026-06-08 02:36:50,1714.42,79.05,97.15,62.52,23.09,0.85,0,610,20.59
2026-06-08 02:37:50,1695.6,73.1,37.12,51.66,21.44,5.61,6,530,18.09
2026-06-08 02:38:50,1450.21,78.3,44.66,34.52,22.36,5.14,4,493,19.78
2026-06-08 02:39:50,1221.65,54.81,67.64,35.76,16.82,4.0,4,378,15.29
2026-06-08 02:40:50,932.05,60.27,69.29,58.25,16.16,3.32,4,329,14.02
2026-06-08 02:41:50,974.19,61.77,97.61,59.51,17.69,1.04,0,361,15.3
2026-06-08 02:42:50,1723.24,77.0,70.43,33.01,23.43,3.77,3,547,19.38
2026-06-08 02:43:50,957.25,68.55,68.07,53.15,18.13,3.95,4,343,17.33
2026-06-08 02:44:50,1616.36,91.32,58.44,51.76,24.55,4.34,4,533,22.94
2026-06-08 02:45:50,1696.81,70.68,90.01,52.5,21.55,1.59,2,546,18.39
2026-06-08 02:46:50,1194.87,76.5,78.87,56.4,19.98,2.64,2,432,17.98
2026-06-08 02:47:50,1150.9,31.85,98.18,51.27,13.25,1.57,3,348,11.19
2026-06-08 02:48:50,1221.8,36.11,56.22,68.46,12.45,4.93,5,333,10.99
2026-06-08 02:49:50,1771.72,83.88,62.89,54.79,23.39,4.16,4,559,20.32
2026-06-08 02:50:50,1113.81,41.81,98.78,56.09,13.24,0.71,2,345,11.74
2026-06-08 02:51:50,1526.95,81.05,32.05,36.99,22.32,6.26,5,508,20.13
2026-06-08 02:52:50,1554.35,71.95,68.02,67.77,21.54,4.02,4,508,18.17
2026-06-08 02:53:50,1148.3,58.55,36.82,34.85,16.17,5.76,6,361,14.82
2026-06-08 02:54:50,1745.09,69.9,45.58,31.38,21.85,5.66,5,556,19.59
2026-06-08 02:55:50,1500.92,37.19,86.5,69.67,15.49,1.99,2,466,11.7
2026-06-08 02:56:50,1200.67,98.23,70.07,67.07,24.11,3.85,3,432,22.65
2026-06-08 02:57:50,1099.93,81.71,22.5,50.13,21.88,7.34,6,373,19.79
2026-06-08 02:58:50,1075.96,94.42,71.5,46.14,24.19,3.64,4,398,22.62
2026-06-08 02:59:50,1057.9,33.42,75.43,53.32,12.85,3.12,4,302,10.99
2026-06-08 03:00:50,1345.29,52.82,78.92,60.99,17.26,2.7,2,450,13.78
2026-06-08 03:01:50,1278.76,83.69,58.14,44.36,22.97,4.29,4,456,20.06
2026-06-08 03:02:50,1156.83,59.88,22.34,46.38,16.7,7.31,6,333,14.31
2026-06-08 03:03:50,1706.91,91.66,75.52,38.38,24.74,2.92,3,598,22.22
2026-06-08 03:04:50,966.6,37.13,73.1,51.79,11.94,3.41,4,266,9.28
2026-06-08 03:05:50,1080.2,34.27,30.62,47.51,12.34,6.09,6,306,10.36
2026-06-08 03:06:50,993.63,76.52,96.03,49.97,19.94,0.83,2,361,17.2
2026-06-08 03:07:50,1261.02,34.81,83.58,61.55,12.51,2.06,3,361,9.44
2026-06-08 03:08:50,1030.42,77.01,56.96,31.76,20.78,4.69,4,362,17.84
2026-06-08 03:09:50,1696.94,98.43,38.28,37.73,27.15,5.52,5,554,23.7
2026-06-08 03:10:50,932.32,64.66,68.29,30.06,17.71,3.66,4,309,15.67
2026-06-08 03:11:50,1584.46,65.33,67.28,41.91,20.09,3.64,4,479,17.02
2026-06-08 03:12:50,1400.42,53.51,63.05,52.14,17.27,4.32,3,419,13.83
2026-06-08 03:13:50,1501.85,80.65,74.57,37.33,23.18,2.83,3,512,20.81
2026-06-08 03:14:50,1630.81,81.34,23.79,61.32,22.19,6.77,5,537,20.63
2026-06-08 03:15:50,1590.63,40.65,21.24,67.19,15.84,7.64,6,424,13.68
2026-06-08 03:16:50,1337.9,71.85,43.28,61.25,20.89,5.49,6,436,18.43
2026-06-08 03:17:50,1195.48,68.36,50.17,35.72,19.47,5.07,6,368,17.32
2026-06-08 03:18:50,938.22,63.75,33.06,68.33,17.03,6.07,6,306,14.4
2026-06-08 03:19:50,1327.93,71.28,33.58,59.03,19.39,6.19,5,436,17.88
2026-06-08 03:20:50,1450.69,70.01,30.48,53.72,20.01,7.01,7,435,17.63
2026-06-08 03:21:50,1366.18,76.19,50.77,59.8,21.28,5.44,5,422,19.72
2026-06-08 03:22:50,1310.94,76.2,97.2,56.8,20.87,0.98,1,456,18.89
2026-06-08 03:23:50,968.67,58.46,39.95,54.9,15.81,5.56,5,303,14.16
2026-06-08 03:24:50,1743.56,74.04,33.57,44.05,21.4,6.78,6,542,17.86
2026-06-08 03:25:50,935.42,85.8,30.42,33.69,22.08,6.48,6,314,20.82
2026-06-08 03:26:50,1078.98,58.23,75.56,41.28,17.57,3.28,3,354,16.07
2026-06-08 03:27:50,984.23,72.72,94.9,39.53,19.34,1.3,1,358,18.41
2026-06-08 03:28:50,1170.74,97.32,94.19,63.93,25.0,1.85,2,460,23.28
2026-06-08 03:29:50,1231.19,62.7,91.78,41.22,17.47,1.45,1,431,16.07
2026-06-08 03:30:50,1137.21,40.65,27.32,60.02,13.45,6.35,6,326,10.71
2026-06-08 03:31:50,1000.73,36.46,77.42,65.37,13.53,2.64,2,317,10.05
2026-06-08 03:32:50,1454.43,38.44,46.14,44.1,15.24,5.63,5,406,12.16
2026-06-08 03:33:50,1480.54,44.76,66.57,56.36,15.98,3.55,2,444,13.36
2026-06-08 03:34:50,1394.75,86.14,56.87,49.88,22.97,4.65,5,473,19.86
2026-06-08 03:35:50,1700.69,68.99,76.83,41.69,20.35,3.3,3,530,18.23
2026-06-08 03:36:50,1058.09,41.5,22.77,36.93,14.29,7.06,5,293,11.41
2026-06-08 03:37:50,965.08,57.33,85.32,39.73,17.0,1.7,2,316,15.67
2026-06-08 03:38:50,1093.83,32.29,88.84,67.67,12.33,1.78,2,318,10.96
2026-06-08 03:39:50,1406.34,31.43,61.11,63.4,12.3,3.8,3,400,9.93
2026-06-08 03:40:50,1787.61,66.46,92.88,36.67,20.62,1.18,2,579,17.09
2026-06-08 03:41:50,1623.35,43.98,33.85,48.79,17.09,5.83,5,455,14.18
2026-06-08 03:42:50,1653.55,78.49,79.2,36.66,22.02,2.64,2,543,18.62
2026-06-08 03:43:50,1284.01,82.48,20.53,61.76,21.9,7.72,7,385,19.96
2026-06-08 03:44:50,1444.05,31.01,85.21,32.45,13.71,2.07,2,435,11.47
2026-06-08 03:45:50,1335.86,43.35,42.13,67.34,14.92,5.13,5,378,12.75
2026-06-08 03:46:50,1570.95,61.89,79.99,69.58,18.63,2.7,2,511,15.44
2026-06-08 03:47:50,1077.18,92.36,76.46,30.87,23.51,2.47,3,428,21.77
2026-06-08 03:48:50,1393.69,65.8,57.04,40.94,18.77,3.96,4,427,17.32
2026-06-08 03:49:50,1017.05,65.32,56.07,41.76,18.34,5.0,4,331,15.51
2026-06-08 03:50:50,1177.42,47.0,44.88,65.33,15.85,5.52,5,358,13.26
2026-06-08 03:51:50,1459.85,48.98,44.81,33.12,16.1,5.6,4,436,12.94
2026-06-08 03:52:50,1744.57,30.49,27.07,64.5,13.82,6.43,6,452,11.59
2026-06-08 03:53:50,1531.89,34.28,30.5,48.72,13.46,6.18,5,411,10.11
2026-06-08 03:54:50,1101.18,95.37,60.93,44.5,22.84,4.16,4,405,21.5
2026-06-08 03:55:50,1699.86,35.81,25.33,33.15,16.0,7.05,6,462,11.58
2026-06-08 03:56:50,1076.93,41.35,59.08,31.16,14.11,4.64,4,321,11.59
2026-06-08 03:57:50,1334.17,96.76,54.36,34.1,25.35,4.36,4,482,22.86
2026-06-08 03:58:50,1295.98,49.35,26.99,66.83,15.9,7.1,6,376,13.39
2026-06-08 03:59:50,926.51,33.52,28.57,31.93,11.8,6.68,7,242,10.73
2026-06-08 04:00:50,1514.48,86.18,63.88,49.27,23.58,3.83,3,531,21.65
2026-06-08 04:01:50,1254.95,66.37,92.78,39.26,18.12,1.85,2,432,16.47
2026-06-08 04:02:50,1527.31,37.67,74.22,66.42,15.57,3.06,2,448,11.65
2026-06-08 04:03:50,1633.22,92.82,44.38,69.56,24.8,5.05,5,523,21.45
2026-06-08 04:04:50,1701.05,78.23,95.61,52.73,21.96,1.31,1,563,19.7
2026-06-08 04:05:50,1379.92,75.7,46.49,38.27,21.28,4.84,4,466,18.34
2026-06-08 04:06:50,1096.61,43.05,91.69,34.09,13.46,2.13,1,349,11.7
2026-06-08 04:07:50,1505.12,94.99,88.54,37.23,24.15,1.43,1,570,23.05
2026-06-08 04:08:50,1274.17,76.07,84.66,56.02,21.18,2.62,3,422,18.69
2026-06-08 04:09:50,1777.71,84.53,37.08,40.64,24.02,6.36,6,550,20.51
2026-06-08 04:10:50,1658.86,56.02,56.76,65.88,19.29,4.6,4,495,15.54
2026-06-08 04:11:50,988.72,31.42,75.33,64.89,11.58,2.77,3,295,10.0
2026-06-08 04:12:50,1742.23,63.73,58.56,35.08,20.09,4.51,4,534,17.07
2026-06-08 04:13:50,1182.51,99.93,99.3,42.72,25.58,0.73,2,477,23.06
2026-06-08 04:14:50,1151.18,93.04,31.05,42.84,23.1,6.13,6,401,21.56
2026-06-08 04:15:50,1529.74,36.77,28.88,30.39,15.4,6.48,7,409,11.24
2026-06-08 04:16:50,1688.68,49.53,45.23,69.72,18.38,5.72,5,502,15.15
2026-06-08 04:17:50,1037.25,53.3,98.94,31.65,15.16,1.46,2,364,13.33
2026-06-08 04:18:50,1054.56,62.82,68.85,54.97,18.37,3.27,4,348,15.62
2026-06-08 04:19:50,964.48,96.74,97.36,65.66,23.55,1.49,2,390,21.9
2026-06-08 04:20:50,1667.87,91.8,40.33,50.64,25.32,6.09,6,541,23.04
2026-06-08 04:21:50,1420.18,56.01,61.36,60.65,17.87,4.51,5,415,14.37
2026-06-08 04:22:50,967.52,89.25,56.51,65.84,21.97,4.78,4,372,20.54
2026-06-08 04:23:50,1784.04,73.67,41.53,33.89,21.57,5.95,6,542,18.16
2026-06-08 04:24:50,1233.79,54.58,88.65,56.29,15.82,1.84,2,404,14.66
2026-06-08 04:25:50,1697.76,85.07,54.87,64.66,24.67,4.29,4,541,22.04
2026-06-08 04:26:50,953.26,91.68,38.49,51.3,22.56,5.7,6,323,20.22
2026-06-08 04:27:50,1268.77,68.26,28.18,55.55,19.76,6.37,5,379,16.34
2026-06-08 04:28:50,1435.11,40.3,72.54,43.0,15.91,3.24,2,419,13.07
2026-06-08 04:29:50,1727.2,36.51,98.83,32.99,16.24,1.29,1,532,11.82
2026-06-08 04:30:50,1754.69,59.73,56.91,59.04,20.61,4.37,3,530,16.37
2026-06-08 04:31:50,1133.58,80.06,99.08,57.76,20.84,1.06,2,414,19.83
2026-06-08 04:32:50,1052.17,37.79,28.42,51.18,12.78,6.62,5,282,11.08
2026-06-08 04:33:50,1203.62,61.03,73.35,44.22,17.78,3.09,3,413,15.82
2026-06-08 04:34:50,1177.54,91.12,30.27,58.3,22.65,7.0,5,406,21.48
2026-06-08 04:35:50,1005.97,45.92,30.37,61.5,14.26,6.93,6,279,12.39
2026-06-08 04:36:50,1765.6,44.91,46.03,30.76,17.38,5.31,4,512,14.73
2026-06-08 04:37:50,1551.83,60.27,85.48,33.95,18.55,2.46,3,476,16.35
2026-06-08 04:38:50,1126.56,82.56,27.5,43.29,21.53,7.05,6,357,19.41
2026-06-08 04:39:50,1304.77,63.38,60.85,53.87,18.74,3.64,2,417,17.24
2026-06-08 04:40:50,1661.66,41.76,91.57,49.3,16.51,1.94,1,503,13.56
2026-06-08 04:41:50,1514.04,40.49,64.0,59.59,15.91,3.83,3,457,12.87
2026-06-08 04:42:50,1089.48,83.05,75.43,39.35,21.7,3.16,3,383,19.8
2026-06-08 04:43:50,1308.55,78.28,69.17,66.51,21.21,3.95,3,458,19.65
2026-06-08 04:44:50,1133.98,79.53,31.19,41.86,20.13,6.14,5,379,18.14
2026-06-08 04:45:50,1619.82,46.56,93.36,47.29,17.28,1.53,2,504,14.4
2026-06-08 04:46:50,1522.16,44.46,73.3,57.1,15.75,3.48,3,441,13.15
2026-06-08 04:47:50,1061.52,73.83,28.11,34.09,20.29,6.8,6,325,18.45
2026-06-08 04:48:50,1544.55,87.37,34.36,50.48,24.65,6.57,5,506,21.59
2026-06-08 04:49:50,1166.13,98.88,33.88,63.08,25.44,6.6,7,386,22.53
2026-06-08 04:50:50,1328.7,43.33,95.78,65.37,14.24,1.44,1,434,11.44
2026-06-08 04:51:50,1172.76,35.49,29.74,34.35,12.37,6.48,6,331,9.31
2026-06-08 04:52:50,967.91,79.67,92.04,57.53,20.02,1.17,2,381,17.55
2026-06-08 04:53:50,1600.21,79.03,94.6,59.92,22.36,1.45,1,573,19.28
2026-06-08 04:54:50,963.29,61.59,47.54,66.61,16.78,4.72,3,324,14.39
2026-06-08 04:55:50,1498.52,83.14,31.92,30.52,22.64,6.39,6,478,20.63
2026-06-08 04:56:50,1593.23,60.1,28.22,51.28,19.82,7.01,7,467,16.58
2026-06-08 04:57:50,1340.63,47.09,41.71,50.61,16.11,5.41,6,367,13.98
2026-06-08 04:58:50,1416.26,94.09,48.86,62.35,24.44,5.46,5,479,21.48
2026-06-08 04:59:50,1706.99,37.94,78.79,38.8,16.05,2.64,3,486,12.65
2026-06-08 05:00:50,1384.64,98.53,72.58,36.04,24.35,2.93,2,526,22.16
2026-06-08 05:01:50,1391.99,49.46,20.87,33.9,16.62,7.75,7,366,14.42
2026-06-08 05:02:50,905.49,30.82,27.08,53.24,11.19,6.56,5,225,9.92
2026-06-08 05:03:50,1605.86,90.92,70.04,65.03,23.84,3.07,3,545,21.22
2026-06-08 05:04:50,1408.37,94.69,84.15,53.9,24.64,1.77,3,511,22.19
2026-06-08 05:05:50,1000.39,69.26,46.37,33.24,19.26,5.54,5,344,17.22
2026-06-08 05:06:50,1747.39,71.93,49.52,59.94,22.21,5.07,5,532,18.3
2026-06-08 05:07:50,1383.68,44.55,74.97,63.69,15.53,3.34,4,429,11.96
2026-06-08 05:08:50,1302.8,59.68,26.55,52.07,17.41,6.75,7,383,14.44
2026-06-08 05:09:50,1053.89,45.78,32.79,47.53,13.7,5.99,6,286,12.85
2026-06-08 05:10:50,900.64,99.83,45.96,49.22,24.46,5.27,5,365,23.65
2026-06-08 05:11:50,929.63,47.55,85.29,47.76,14.25,2.65,2,318,13.16
2026-06-08 05:12:50,1382.95,86.78,28.11,65.66,23.13,6.3,6,446,20.62
2026-06-08 05:13:50,1625.33,57.75,33.42,31.89,19.68,6.09,4,485,16.19
2026-06-08 05:14:50,1076.78,91.87,87.77,61.56,22.95,2.43,3,418,21.08
2026-06-08 05:15:50,1294.92,91.05,60.66,69.63,24.13,4.53,4,450,22.72
2026-06-08 05:16:50,1389.72,66.95,42.33,67.84,20.52,5.28,4,454,17.88
2026-06-08 05:17:50,1040.69,36.52,99.75,56.7,12.19,1.34,2,307,10.62
2026-06-08 05:18:50,1786.06,54.59,68.52,46.2,19.05,3.9,4,532,15.38
2026-06-08 05:19:50,1677.21,98.66,24.32,47.72,26.31,7.27,6,560,22.86
2026-06-08 05:20:50,1064.03,59.31,38.9,68.99,16.36,5.83,6,340,14.49
2026-06-08 05:21:50,1054.33,90.97,41.08,51.49,23.46,5.7,5,375,20.74
2026-06-08 05:22:50,1563.89,63.33,79.4,61.04,18.84,3.13,4,496,15.9
2026-06-08 05:23:50,1676.91,39.12,43.6,48.6,15.03,5.52,4,492,11.45
2026-06-08 05:24:50,1423.04,38.4,63.34,52.61,15.35,3.73,3,439,12.79
2026-06-08 05:25:50,1315.56,92.41,38.02,30.22,23.18,6.31,5,428,21.19
2026-06-08 05:26:50,920.6,63.17,30.1,64.3,17.9,6.73,6,295,15.47
2026-06-08 05:27:50,1090.83,91.49,32.56,49.02,22.92,6.58,6,378,20.31
2026-06-08 05:28:50,1502.77,86.61,50.47,69.21,24.07,5.21,5,481,21.89
2026-06-08 05:29:50,1054.87,61.44,92.07,37.65,17.25,1.16,1,365,14.42
2026-06-08 05:30:50,1371.99,87.88,49.34,55.34,23.04,4.85,5,449,20.94
2026-06-08 05:31:50,1219.25,44.94,51.26,57.54,14.71,5.01,5,338,12.89
2026-06-08 05:32:50,1526.66,75.07,40.61,69.38,21.63,5.41,5,500,18.52
2026-06-08 05:33:50,1643.92,39.68,36.29,55.13,16.1,5.99,4,453,12.59
2026-06-08 05:34:50,1769.18,93.92,22.57,54.93,25.9,7.57,6,565,22.09
2026-06-08 05:35:50,927.78,94.83,29.83,60.7,22.92,6.79,5,360,20.5
2026-06-08 05:36:50,1566.19,75.25,87.2,56.43,21.42,1.62,3,506,19.66
2026-06-08 05:37:50,1035.99,96.72,74.9,32.32,24.15,3.26,4,392,21.83
2026-06-08 05:38:50,934.68,40.0,35.07,38.28,12.53,6.66,5,279,9.94
2026-06-08 05:39:50,1282.53,62.73,44.04,51.24,17.81,5.23,5,406,15.07
2026-06-08 05:40:50,1475.09,47.11,77.45,38.96,16.3,3.14,3,466,13.35
2026-06-08 05:41:50,1535.87,42.95,52.36,49.98,15.96,5.13,5,420,13.6
2026-06-08 05:42:50,1063.55,55.56,68.64,59.8,15.8,3.76,4,320,13.78
2026-06-08 05:43:50,1432.75,45.63,55.62,52.52,15.3,4.73,4,406,13.55
2026-06-08 05:44:50,1635.03,80.87,81.93,53.85,22.52,2.49,2,567,19.63
2026-06-08 05:45:50,1257.69,72.01,98.43,68.04,20.87,1.42,1,467,18.81
2026-06-08 05:46:50,1470.59,96.33,71.84,62.75,25.13,3.14,2,540,23.71
2026-06-08 05:47:50,1295.11,55.99,21.3,42.07,16.6,7.64,7,364,14.36
2026-06-08 05:48:50,1594.1,92.71,24.42,54.29,24.91,7.25,6,521,22.76
2026-06-08 05:49:50,1119.39,81.64,58.35,32.55,22.13,4.39,3,386,19.48
2026-06-08 05:50:50,1399.09,41.35,91.77,47.73,15.97,1.33,1,461,13.12
2026-06-08 05:51:50,1057.79,39.93,60.35,61.08,13.91,4.16,4,319,11.77
2026-06-08 05:52:50,1504.85,63.39,44.23,51.44,18.85,5.19,4,459,16.8
2026-06-08 05:53:50,1108.11,82.59,91.46,35.42,20.52,1.53,2,401,19.74
2026-06-08 05:54:50,1743.05,32.54,26.02,49.69,15.78,7.27,6,476,12.59
2026-06-08 05:55:50,1549.56,35.03,64.93,42.57,14.41,3.71,4,452,10.93
2026-06-08 05:56:50,1375.64,36.11,75.71,69.25,14.81,2.46,3,418,11.59
2026-06-08 05:57:50,1094.19,76.39,45.4,59.71,19.62,5.77,5,367,18.17
2026-06-08 05:58:50,1472.58,51.88,81.31,42.06,16.98,2.05,2,458,15.12
2026-06-08 05:59:50,1203.19,32.2,82.27,45.14,12.8,2.44,3,366,11.06
2026-06-08 06:00:50,1098.62,75.49,39.29,37.3,19.58,5.62,5,358,18.68
2026-06-08 06:01:50,1047.25,34.45,47.01,36.83,11.81,5.05,4,316,10.74
2026-06-08 06:02:50,971.09,62.13,38.2,63.41,16.28,5.79,4,313,15.71
2026-06-08 06:03:50,1540.61,61.65,73.78,44.76,18.37,3.05,2,518,15.85
2026-06-08 06:04:50,1094.46,34.17,43.5,60.19,12.41,5.79,5,297,9.94
2026-06-08 06:05:50,1671.28,39.43,82.02,47.73,16.74,2.44,3,485,12.88
2026-06-08 06:06:50,1043.19,53.21,73.31,49.94,16.19,2.87,2,360,13.02
2026-06-08 06:07:50,919.27,77.05,68.65,42.32,19.37,3.05,3,338,17.05
2026-06-08 06:08:50,1732.5,52.81,93.68,52.19,18.74,1.09,1,568,16.08
2026-06-08 06:09:50,1356.92,57.78,50.69,56.84,17.0,4.75,4,401,14.89
2026-06-08 06:10:50,999.45,89.28,23.52,52.56,22.77,6.96,7,317,20.41
2026-06-08 06:11:50,1671.5,34.37,62.09,58.76,14.51,3.57,3,479,11.56
2026-06-08 06:12:50,1324.95,87.86,77.35,34.07,23.05,2.38,2,467,20.33
2026-06-08 06:13:50,921.05,34.91,67.8,35.71,12.31,3.5,3,280,9.44
2026-06-08 06:14:50,1203.93,98.36,90.72,52.78,24.49,1.34,2,469,22.03
2026-06-08 06:15:50,1769.46,69.88,50.61,43.63,20.86,5.33,5,543,18.79
2026-06-08 06:16:50,1561.8,57.68,49.15,43.07,17.66,4.75,5,469,16.21
2026-06-08 06:17:50,1069.73,68.73,42.6,56.57,18.23,5.09,5,366,15.87
2026-06-08 06:18:50,1316.73,96.08,61.28,52.31,24.58,3.63,3,471,23.12
2026-06-08 06:19:50,958.75,43.19,26.51,44.45,14.37,6.53,5,271,12.64
2026-06-08 06:20:50,1156.18,61.9,49.38,65.44,17.36,4.7,5,373,15.8
2026-06-08 06:21:50,1062.51,94.46,20.32,63.59,23.93,7.65,7,360,21.46
2026-06-08 06:22:50,970.93,91.03,50.39,64.66,22.47,5.44,5,350,21.68
2026-06-08 06:23:50,1475.73,41.37,24.8,36.25,14.83,7.17,6,407,12.96
2026-06-08 06:24:50,1004.21,35.3,49.29,30.17,12.72,5.07,4,305,9.49
2026-06-08 06:25:50,1305.94,90.87,75.36,48.93,23.78,2.81,2,457,22.2
2026-06-08 06:26:50,951.47,47.61,78.39,40.32,15.28,3.2,2,316,13.74
2026-06-08 06:27:50,1671.31,49.31,34.56,35.19,17.35,6.0,6,476,14.29
2026-06-08 06:28:50,1265.78,43.46,97.79,33.23,15.78,1.25,2,383,12.86
2026-06-08 06:29:50,930.3,70.65,94.55,67.52,18.56,1.13,1,368,16.87
2026-06-08 06:30:50,1606.35,79.14,37.57,42.26,23.29,6.3,6,505,20.69
2026-06-08 06:31:50,1459.82,30.8,31.7,34.75,12.73,6.08,6,375,9.32
2026-06-08 06:32:50,1673.86,88.14,42.79,65.23,24.76,5.65,6,519,21.22
2026-06-08 06:33:50,1180.5,83.95,23.33,65.16,21.83,7.22,6,371,20.06
2026-06-08 06:34:50,1010.34,39.38,29.65,38.03,12.89,7.0,7,279,10.81
2026-06-08 06:35:50,1743.33,33.36,97.21,42.84,14.53,0.95,1,519,11.58
2026-06-08 06:36:50,1566.53,98.02,76.94,63.12,25.77,2.94,2,547,22.63
2026-06-08 06:37:50,1233.35,97.53,42.86,46.45,25.16,5.69,5,443,23.52
2026-06-08 06:38:50,1743.27,55.17,35.21,59.47,19.54,5.79,4,501,15.14
2026-06-08 06:39:50,1326.75,30.44,82.1,59.11,13.41,2.32,3,403,11.37
2026-06-08 06:40:50,1050.67,70.0,83.8,57.82,18.8,1.8,1,375,17.45
2026-06-08 06:41:50,1371.77,53.56,42.98,60.59,16.88,5.57,4,428,14.38
2026-06-08 06:42:50,1030.52,65.94,52.61,55.83,17.26,4.38,3,340,15.01
2026-06-08 06:43:50,1417.58,82.27,58.38,69.05,22.24,4.66,5,480,20.34
2026-06-08 06:44:50,1628.68,56.01,49.34,45.59,18.28,4.78,4,490,16.09
2026-06-08 06:45:50,1366.15,68.89,72.41,66.41,19.86,3.38,4,457,17.71
2026-06-08 06:46:50,1338.5,40.47,32.21,64.18,14.15,6.83,6,347,12.63
2026-06-08 06:47:50,1321.28,89.49,22.96,69.22,23.64,7.01,7,419,20.48
2026-06-08 06:48:50,901.8,61.85,40.15,51.03,17.63,6.07,5,294,15.58
2026-06-08 06:49:50,1329.82,69.49,63.81,51.32,20.01,4.37,3,439,17.4
2026-06-08 06:50:50,1631.93,75.0,72.87,55.15,22.17,2.98,2,558,18.9
2026-06-08 06:51:50,1382.14,53.65,76.5,37.94,16.6,2.64,3,427,15.04
2026-06-08 06:52:50,1232.99,80.56,59.51,34.77,21.98,4.22,5,415,19.88
2026-06-08 06:53:50,1249.0,97.78,57.3,65.49,25.34,3.94,3,454,22.42
2026-06-08 06:54:50,1162.41,66.11,20.34,36.95,19.06,7.58,7,332,17.03
2026-06-08 06:55:50,1429.89,36.43,44.45,57.78,13.79,5.25,4,409,12.09
2026-06-08 06:56:50,1306.22,33.91,32.03,52.76,12.48,6.76,5,368,11.1
2026-06-08 06:57:50,1605.16,85.73,62.56,30.58,24.15,3.68,4,520,20.56
2026-06-08 06:58:50,1676.62,84.72,79.34,64.45,24.86,2.76,3,563,20.72
2026-06-08 06:59:50,1447.26,62.64,56.12,34.38,19.58,4.89,4,447,15.98
2026-06-08 07:00:50,1613.3,45.83,93.43,64.35,15.84,1.75,2,507,14.06
2026-06-08 07:01:50,1358.68,36.91,39.47,67.32,14.04,5.64,5,394,11.2
2026-06-08 07:02:50,982.81,49.16,40.53,67.84,14.73,5.44,4,295,13.32
2026-06-08 07:03:50,1577.99,77.26,58.1,65.25,23.04,4.75,5,518,19.26
2026-06-08 07:04:50,1686.35,57.47,75.63,46.18,18.18,3.42,2,515,15.87
2026-06-08 07:05:50,1343.79,50.48,51.97,43.81,15.79,4.94,4,411,13.54
2026-06-08 07:06:50,1145.6,62.35,20.36,52.37,16.94,6.93,6,351,15.8
2026-06-08 07:07:50,1771.9,48.78,44.0,60.22,18.51,5.41,5,496,15.77
2026-06-08 07:08:50,1095.95,56.79,98.63,37.04,16.84,1.35,1,399,15.41
2026-06-08 07:09:50,1136.25,37.4,27.96,52.33,12.31,6.69,6,320,11.26
2026-06-08 07:10:50,905.44,31.07,83.04,40.59,11.77,2.71,3,266,9.74
2026-06-08 07:11:50,1645.76,99.56,50.67,50.97,26.49,5.01,4,573,24.86
2026-06-08 07:12:50,1332.1,91.5,67.23,31.8,23.98,3.75,3,462,21.74
2026-06-08 07:13:50,1625.63,79.04,51.75,63.1,23.21,5.15,5,537,20.35
2026-06-08 07:14:50,1138.25,87.54,26.36,51.73,21.85,7.13,7,373,19.59
2026-06-08 07:15:50,1272.88,76.83,74.17,30.18,20.52,3.52,3,443,18.01
2026-06-08 07:16:50,1228.88,53.92,22.56,43.36,16.27,6.96,7,368,13.37
2026-06-08 07:17:50,1443.41,31.6,70.42,50.2,12.81,3.19,4,398,9.35
2026-06-08 07:18:50,1554.21,80.72,85.98,59.89,22.76,1.84,3,528,20.66
2026-06-08 07:19:50,1463.75,79.84,79.69,54.38,21.56,2.26,2,499,19.13
2026-06-08 07:20:50,1221.48,45.28,50.35,35.26,15.7,4.61,5,336,12.44
2026-06-08 07:21:50,1336.96,74.35,48.25,42.45,21.58,5.23,5,432,17.97
2026-06-08 07:22:50,1697.33,74.87,28.23,69.5,22.2,6.57,6,529,19.41
2026-06-08 07:23:50,1659.45,76.09,85.5,31.65,23.15,1.7,1,558,20.08
2026-06-08 07:24:50,975.71,62.57,44.9,63.93,17.51,5.1,4,337,14.75
2026-06-08 07:25:50,1237.7,71.2,50.12,43.6,19.4,4.52,5,389,17.91
2026-06-08 07:26:50,1468.62,63.12,25.36,36.69,19.49,7.11,7,422,16.0
2026-06-08 07:27:50,1305.38,93.64,83.26,40.82,23.13,2.75,4,478,21.08
2026-06-08 07:28:50,948.25,78.04,83.76,69.33,19.28,2.15,2,363,17.65
2026-06-08 07:29:50,1087.39,48.82,43.29,36.79,14.99,5.69,6,316,12.96
2026-06-08 07:30:50,1086.07,83.21,77.06,44.4,20.94,2.75,3,376,19.9
2026-06-08 07:31:50,1308.32,68.6,40.54,57.62,19.91,5.31,5,399,17.44
2026-06-08 07:32:50,1531.29,37.87,71.77,58.78,15.78,3.65,4,427,12.66
2026-06-08 07:33:50,1149.18,77.03,86.36,46.11,20.54,2.13,3,412,19.19
2026-06-08 07:34:50,1505.64,97.22,26.69,30.26,25.18,6.65,5,525,22.09
2026-06-08 07:35:50,1611.74,59.95,92.4,33.94,18.3,1.67,2,507,16.76
2026-06-08 07:36:50,1184.14,87.3,32.11,63.68,22.45,6.01,5,397,21.32
2026-06-08 07:37:50,1624.83,44.8,41.41,65.71,17.51,6.13,5,450,14.02
2026-06-08 07:38:50,1607.33,56.4,94.38,57.95,19.56,1.53,1,509,16.24
2026-06-08 07:39:50,1759.0,96.01,33.31,58.01,27.07,6.64,7,560,24.92
2026-06-08 07:40:50,1128.91,56.42,27.57,35.9,15.88,6.81,6,343,13.28
2026-06-08 07:41:50,1314.41,45.19,35.62,40.33,16.07,6.37,6,371,13.74
2026-06-08 07:42:50,1371.0,34.13,51.21,50.68,13.72,5.06,4,405,11.12
2026-06-08 07:43:50,901.64,63.05,82.8,30.35,17.49,1.88,2,321,15.18
2026-06-08 07:44:50,1380.73,93.87,39.71,31.89,23.45,5.56,4,470,22.0
2026-06-08 07:45:50,1501.99,44.21,55.29,36.09,16.49,4.65,5,423,13.29
2026-06-08 07:46:50,1501.68,42.16,69.46,53.64,15.65,3.43,3,432,12.34
2026-06-08 07:47:50,933.37,70.27,78.13,37.92,18.39,2.59,3,330,16.16
2026-06-08 07:48:50,1435.65,70.67,79.09,69.89,19.46,2.53,3,485,16.62
2026-06-08 07:49:50,972.48,34.23,65.3,37.21,12.75,3.99,3,287,10.76
2026-06-08 07:50:50,1734.1,46.55,58.15,58.45,17.56,3.91,3,500,14.07
2026-06-08 07:51:50,1141.67,70.57,98.35,67.27,19.47,0.98,2,387,16.75
2026-06-08 07:52:50,1456.04,35.72,57.35,40.22,13.75,4.33,4,423,10.58
2026-06-08 07:53:50,1713.9,42.81,91.57,69.6,16.34,1.57,3,514,12.82
2026-06-08 07:54:50,922.26,55.75,57.24,31.96,15.43,4.26,4,304,14.37
2026-06-08 07:55:50,1560.17,65.17,22.21,33.76,20.74,6.86,6,485,18.11
2026-06-08 07:56:50,1259.34,70.77,55.66,49.36,20.76,4.9,4,410,17.58
2026-06-08 07:57:50,1459.85,71.49,78.63,58.0,20.93,3.2,3,499,17.86
2026-06-08 07:58:50,1484.15,94.98,61.83,46.19,25.4,3.64,3,539,22.02
2026-06-08 07:59:50,1553.92,33.02,83.46,62.36,13.92,2.55,2,445,10.68
2026-06-08 08:00:50,1401.48,51.78,73.12,63.79,17.86,3.51,4,430,15.46
2026-06-08 08:01:50,1435.46,51.6,93.95,68.03,16.3,1.28,1,459,13.92
2026-06-08 08:02:50,1120.11,54.93,89.05,41.27,15.91,2.14,2,373,13.64
2026-06-08 08:03:50,1413.35,62.26,47.62,63.17,19.74,4.88,4,442,15.92
2026-06-08 08:04:50,1313.45,74.69,47.94,45.57,20.7,5.13,5,437,18.35
2026-06-08 08:05:50,1543.0,94.24,66.22,37.85,26.12,3.34,3,555,22.61
2026-06-08 08:06:50,1512.93,69.69,24.99,48.52,20.05,6.64,6,452,17.99
2026-06-08 08:07:50,1650.06,44.43,66.17,60.01,15.85,3.34,2,493,13.23
2026-06-08 08:08:50,908.41,78.53,89.62,64.65,18.86,2.06,2,343,17.54
2026-06-08 08:09:50,1797.99,83.1,62.16,68.17,23.49,4.51,5,556,20.42
2026-06-08 08:10:50,1655.11,39.92,93.98,36.82,16.09,1.11,1,503,12.69
2026-06-08 08:11:50,1158.32,43.02,68.95,52.95,14.22,3.91,3,334,11.53
2026-06-08 08:12:50,1189.85,98.13,65.06,64.48,23.48,3.39,4,450,22.3
2026-06-08 08:13:50,1122.72,36.41,55.01,34.35,13.15,4.44,4,328,10.55
2026-06-08 08:14:50,1704.16,51.0,57.53,68.94,17.94,4.35,3,513,14.49
2026-06-08 08:15:50,1508.0,60.81,21.04,62.5,19.17,7.53,6,423,17.34
2026-06-08 08:16:50,979.44,87.97,72.61,59.09,21.48,2.94,4,381,20.2
2026-06-08 08:17:50,1727.07,69.2,78.89,55.69,20.83,2.78,2,546,17.05
2026-06-08 08:18:50,1517.75,61.88,23.61,52.62,18.31,7.18,6,444,16.76
2026-06-08 08:19:50,1561.22,41.51,50.42,52.06,16.33,4.9,5,456,13.66
2026-06-08 08:20:50,1011.13,61.38,79.15,59.45,17.18,2.24,1,350,14.33
2026-06-08 08:21:50,1409.13,35.64,63.63,32.72,13.74,4.04,3,425,10.9
2026-06-08 08:22:50,1672.95,85.5,83.43,59.46,23.91,2.6,3,571,20.54
2026-06-08 08:23:50,1544.68,72.49,73.66,30.27,21.81,2.7,2,534,19.74
2026-06-08 08:24:50,1519.29,89.63,96.57,51.63,24.87,1.63,1,566,22.01
2026-06-08 08:25:50,1589.41,76.98,58.64,51.47,21.6,3.97,3,523,18.86
2026-06-08 08:26:50,1710.68,57.87,61.4,40.94,19.54,4.47,5,513,15.58
2026-06-08 08:27:50,1501.51,74.09,51.05,47.9,20.48,4.45,5,491,18.42
2026-06-08 08:28:50,987.08,93.77,27.38,59.62,23.1,6.35,6,330,21.71
2026-06-08 08:29:50,904.3,74.8,96.51,64.31,18.98,1.77,1,332,17.4
2026-06-08 08:30:50,1294.08,59.5,31.9,54.24,17.37,6.17,6,370,15.01
2026-06-08 08:31:50,1136.57,60.68,56.16,65.39,17.67,4.64,4,349,16.11
2026-06-08 08:32:50,971.63,92.45,57.62,64.65,23.31,4.85,5,362,21.53
2026-06-08 08:33:50,1720.71,41.68,51.92,43.8,15.44,4.99,5,499,13.48
2026-06-08 08:34:50,965.21,33.66,81.65,51.67,12.71,2.39,2,308,10.14
2026-06-08 08:35:50,1282.37,42.16,38.6,61.47,14.72,5.73,5,380,11.27
2026-06-08 08:36:50,957.19,75.92,46.94,47.4,19.2,5.4,5,344,18.4
2026-06-08 08:37:50,1653.1,62.37,22.05,67.68,18.9,7.73,7,488,16.19
2026-06-08 08:38:50,1003.82,79.62,47.51,35.64,20.92,5.41,5,339,19.74
2026-06-08 08:39:50,1347.02,87.62,71.84,34.5,22.32,3.08,3,488,20.61
2026-06-08 08:40:50,1582.19,34.11,63.61,54.58,15.17,4.14,3,467,12.66
2026-06-08 08:41:50,1597.8,99.67,84.13,52.85,26.73,2.36,2,578,23.08
2026-06-08 08:42:50,1204.52,87.09,69.58,42.81,23.44,3.69,4,443,20.11
2026-06-08 08:43:50,1691.0,91.0,89.38,48.71,25.92,1.4,2,579,22.99
2026-06-08 08:44:50,915.83,93.68,78.31,45.35,23.36,2.75,2,362,22.38
2026-06-08 08:45:50,1719.98,59.96,37.03,51.84,19.23,5.95,5,513,15.93
2026-06-08 08:46:50,1575.03,75.09,45.18,51.69,21.73,5.68,6,478,19.82
2026-06-08 08:47:50,1251.46,38.83,25.45,58.02,14.86,6.72,5,360,12.81
2026-06-08 08:48:50,1723.99,34.3,20.89,67.96,16.07,7.82,6,477,13.17
2026-06-08 08:49:50,1681.71,89.23,49.49,53.65,23.89,5.05,4,572,20.84
2026-06-08 08:50:50,932.05,56.57,59.0,30.04,14.99,4.05,3,309,14.26
2026-06-08 08:51:50,1569.49,37.69,47.58,36.95,15.76,5.24,6,422,13.37
2026-06-08 08:52:50,1395.94,64.81,76.93,55.61,19.68,3.02,3,474,17.47
2026-06-08 08:53:50,1199.73,70.14,26.24,58.1,19.91,6.51,5,379,16.75
2026-06-08 08:54:50,1438.1,39.0,32.48,60.87,15.43,6.84,6,409,12.42
2026-06-08 08:55:50,908.82,82.14,20.6,66.58,19.44,6.87,6,320,17.57
2026-06-08 08:56:50,1384.46,30.42,49.59,60.91,13.24,5.47,5,392,11.07
2026-06-08 08:57:50,1221.04,45.74,66.97,39.64,14.57,3.9,4,373,12.68
2026-06-08 08:58:50,1279.57,37.91,88.54,31.48,13.91,2.33,2,408,11.57
2026-06-08 08:59:50,1453.03,79.56,39.81,32.31,22.89,6.21,5,464,19.21
2026-06-08 09:00:50,1455.3,87.86,44.66,51.81,22.92,5.86,6,462,20.85
2026-06-08 09:01:50,1798.32,93.78,61.18,42.6,25.3,3.86,3,603,22.8
2026-06-08 09:02:50,1535.26,68.83,72.57,38.39,21.32,3.16,3,500,17.65
2026-06-08 09:03:50,1610.35,49.45,29.53,45.29,18.29,6.43,5,447,15.03
2026-06-08 09:04:50,1733.49,87.15,20.86,51.51,23.72,7.34,6,549,21.28
2026-06-08 09:05:50,1767.87,71.86,75.11,56.11,21.68,2.7,3,574,18.53
2026-06-08 09:06:50,1427.87,40.94,62.7,47.86,16.07,3.89,4,436,13.17
2026-06-08 09:07:50,1470.69,61.61,25.0,38.63,19.91,6.59,5,435,16.03
2026-06-08 09:08:50,1583.36,44.04,23.36,49.39,16.34,7.02,7,433,13.49
2026-06-08 09:09:50,1163.88,73.37,84.91,68.15,19.78,2.0,1,418,17.28
2026-06-08 09:10:50,1137.63,52.18,28.19,52.98,15.01,6.68,7,338,13.71
2026-06-08 09:11:50,1442.18,37.6,52.06,37.42,15.18,5.01,4,426,12.4
2026-06-08 09:12:50,1662.44,42.96,31.17,46.6,16.5,6.23,6,463,13.99
2026-06-08 09:13:50,905.1,59.65,32.35,54.47,16.6,6.01,6,274,14.93
2026-06-08 09:14:50,1683.15,99.32,51.23,34.8,26.99,4.41,4,585,24.62
2026-06-08 09:15:50,1437.5,95.22,21.05,69.84,24.88,7.67,7,464,21.58
2026-06-08 09:16:50,1101.22,30.05,40.11,67.91,11.92,5.74,4,292,9.51
2026-06-08 09:17:50,1694.7,46.92,74.56,56.27,17.68,2.7,3,513,13.8
2026-06-08 09:18:50,1031.42,69.38,28.41,60.52,18.79,7.2,7,300,16.97
2026-06-08 09:19:50,1161.12,85.88,27.83,41.79,22.48,7.27,6,399,19.61
2026-06-08 09:20:50,1783.5,72.4,24.75,35.71,22.18,7.49,7,541,18.46
2026-06-08 09:21:50,977.67,46.46,98.76,53.01,13.67,1.41,1,341,11.89
2026-06-08 09:22:50,1503.81,97.13,77.1,53.09,24.68,3.25,3,529,23.52
2026-06-08 09:23:50,1065.83,81.6,44.43,61.11,20.47,5.68,4,377,18.3
2026-06-08 09:24:50,955.97,98.56,40.7,48.13,22.64,5.65,6,362,21.63
2026-06-08 09:25:50,1751.61,30.84,78.19,56.38,14.0,2.28,2,520,10.85
2026-06-08 09:26:50,1667.38,58.33,40.43,46.78,20.04,5.87,4,502,16.35
2026-06-08 09:27:50,1262.84,41.33,72.93,56.98,13.59,3.03,2,377,11.85
2026-06-08 09:28:50,1382.0,48.65,59.09,30.06,15.71,4.56,5,403,13.58
2026-06-08 09:29:50,1691.73,62.31,53.43,56.23,19.54,5.15,4,525,17.21
2026-06-08 09:30:50,934.86,75.4,43.01,49.22,19.81,5.63,6,326,17.61
2026-06-08 09:31:50,1590.23,50.44,98.62,50.23,18.08,1.32,2,483,15.16
2026-06-08 09:32:50,1503.29,67.32,39.91,39.83,19.48,6.18,6,438,16.15
2026-06-08 09:33:50,1147.34,87.22,42.9,59.77,22.82,5.17,5,398,20.62
2026-06-08 09:34:50,1038.94,48.6,45.41,63.89,15.36,5.18,6,300,12.38
2026-06-08 09:35:50,962.93,81.51,61.58,43.47,20.28,4.55,4,360,18.11
2026-06-08 09:36:50,1258.22,97.21,84.97,41.27,25.2,2.35,3,465,23.47
2026-06-08 09:37:50,1490.1,85.5,31.69,42.18,22.42,6.22,5,486,20.54
2026-06-08 09:38:50,1000.94,78.72,67.26,44.53,20.05,4.05,3,369,17.91
2026-06-08 09:39:50,1683.17,30.57,44.4,55.4,13.62,5.54,5,471,10.84
2026-06-08 09:40:50,1708.58,54.05,48.37,45.32,18.47,4.86,5,488,16.19
2026-06-08 09:41:50,1768.29,93.85,30.48,58.26,26.35,6.8,7,565,23.03
2026-06-08 09:42:50,1416.53,66.38,53.25,65.46,20.5,4.6,4,444,17.78
2026-06-08 09:43:50,1679.19,47.62,95.84,50.54,17.86,1.38,2,536,13.86
2026-06-08 09:44:50,1783.34,97.52,81.97,60.27,26.93,2.5,3,600,24.08
2026-06-08 09:45:50,1785.76,69.37,32.54,31.69,22.16,6.1,6,549,18.37
2026-06-08 09:46:50,1168.26,67.9,84.34,44.95,19.69,2.41,2,404,18.07
2026-06-08 09:47:50,1612.29,49.08,37.01,69.29,17.47,6.27,6,451,14.43
2026-06-08 09:48:50,1612.29,55.98,56.81,60.59,19.46,4.13,4,481,16.14
2026-06-08 09:49:50,1146.29,39.97,51.47,48.78,13.08,4.85,4,333,11.57
2026-06-08 09:50:50,1600.64,42.75,26.76,49.67,16.21,7.07,6,456,12.54
2026-06-08 09:51:50,921.21,32.7,85.1,49.11,12.47,1.9,2,272,9.2
2026-06-08 09:52:50,1392.72,73.5,53.59,47.97,21.15,4.83,4,459,18.9
2026-06-08 09:53:50,1242.48,71.22,77.8,53.79,19.24,2.44,3,417,17.05
2026-06-08 09:54:50,1527.56,59.35,33.43,50.58,17.93,5.85,6,451,15.28
2026-06-08 09:55:50,1134.03,47.33,51.82,45.19,14.6,4.97,4,327,12.47
2026-06-08 09:56:50,1165.81,42.42,91.72,69.55,14.84,1.25,1,360,13.07
2026-06-08 09:57:50,1476.7,48.09,68.8,39.16,17.07,3.89,3,439,14.32
2026-06-08 09:58:50,1009.02,97.65,38.17,65.09,23.83,5.73,4,393,22.43
2026-06-08 09:59:50,1065.73,43.07,48.78,52.59,14.67,5.09,4,321,11.87
2026-06-08 10:00:50,1274.93,78.11,88.4,38.39,20.82,2.14,3,448,19.12
2026-06-08 10:01:50,1578.41,50.94,69.69,43.12,18.26,3.58,4,490,14.58
2026-06-08 10:02:50,1501.72,68.29,65.76,68.77,19.54,3.39,2,501,16.35
2026-06-08 10:03:50,1785.03,59.87,26.85,56.19,20.28,6.63,5,534,17.53
2026-06-08 10:04:50,1014.63,53.85,47.1,38.64,16.15,5.5,5,304,14.14
2026-06-08 10:05:50,1470.28,77.93,40.18,45.04,21.66,6.27,6,442,19.92
2026-06-08 10:06:50,1434.74,85.4,83.18,60.62,22.64,2.76,3,480,19.47
2026-06-08 10:07:50,1168.77,87.81,39.23,48.76,22.95,6.18,6,393,20.19
2026-06-08 10:08:50,1638.78,43.69,78.48,38.59,17.06,2.5,3,488,12.94
2026-06-08 10:09:50,1155.71,32.8,58.21,46.72,12.64,4.13,4,321,9.54
2026-06-08 10:10:50,1108.72,40.37,78.99,61.76,13.57,2.83,2,365,11.72
2026-06-08 10:11:50,1634.19,40.64,96.15,69.25,16.51,1.76,3,490,12.69
2026-06-08 10:12:50,1634.04,45.18,61.93,42.62,16.82,4.36,4,468,13.2
2026-06-08 10:13:50,1442.93,73.89,45.3,43.55,20.12,5.57,5,444,17.65
2026-06-08 10:14:50,1653.55,34.11,44.02,47.83,15.62,5.12,5,475,11.67
2026-06-08 10:15:50,1025.13,65.1,64.44,66.2,17.17,3.48,3,351,16.36
2026-06-08 10:16:50,1275.67,54.37,94.55,44.78,16.14,1.79,3,410,14.18
2026-06-08 10:17:50,1698.4,53.95,98.34,36.28,17.69,1.03,1,550,14.66
2026-06-08 10:18:50,1786.43,68.3,73.82,52.64,20.99,3.17,3,565,17.6
2026-06-08 10:19:50,1190.17,94.58,90.13,39.57,23.8,1.43,2,452,21.97
2026-06-08 10:20:50,1348.53,37.27,82.33,43.7,13.48,2.89,4,388,10.92
2026-06-08 10:21:50,1219.67,49.75,80.13,41.1,16.79,2.79,2,394,13.78
2026-06-08 10:22:50,928.7,66.41,41.42,47.05,16.77,5.4,4,321,15.67
2026-06-08 10:23:50,1610.63,92.33,57.02,40.66,24.68,4.69,5,529,23.12
2026-06-08 10:24:50,1364.66,47.2,96.31,50.26,15.11,0.85,2,434,12.5
2026-06-08 10:25:50,1519.47,81.57,24.37,50.46,22.23,7.14,6,495,19.82
2026-06-08 10:26:50,1069.38,81.91,59.56,49.97,20.79,4.26,4,368,18.32
2026-06-08 10:27:50,1624.99,64.34,97.64,64.57,19.71,1.5,1,525,17.31
2026-06-08 10:28:50,965.23,30.99,77.72,45.74,12.13,3.01,4,279,9.96
2026-06-08 10:29:50,1415.68,60.62,53.26,54.42,18.32,4.7,4,434,16.83
2026-06-08 10:30:50,1355.78,55.04,41.51,34.51,16.72,5.37,6,407,14.24
2026-06-08 10:31:50,1267.77,83.65,70.22,44.36,23.01,3.44,3,454,20.95
2026-06-08 10:32:50,1521.01,34.4,27.87,57.89,14.57,6.48,6,408,10.79
2026-06-08 10:33:50,1693.42,82.24,53.03,30.92,22.72,4.89,3,542,20.69
2026-06-08 10:34:50,1436.61,80.16,82.45,30.09,23.05,1.91,2,493,19.5
2026-06-08 10:35:50,1625.56,87.75,80.28,62.14,24.56,2.26,2,557,22.49
2026-06-08 10:36:50,976.6,54.66,26.1,56.26,15.58,7.14,6,298,14.08
2026-06-08 10:37:50,1100.35,94.85,25.1,56.1,23.38,6.78,6,366,21.95
2026-06-08 10:38:50,1422.27,41.81,68.42,47.63,14.5,3.31,3,419,12.58
2026-06-08 10:39:50,1392.9,96.76,69.22,40.06,25.02,3.79,3,484,23.07
2026-06-08 10:40:50,1738.42,92.51,48.57,68.64,26.04,4.83,4,576,23.25
2026-06-08 10:41:50,1200.31,35.17,93.3,54.14,13.52,1.42,2,375,11.47
2026-06-08 10:42:50,1499.12,80.61,41.8,62.43,23.36,5.82,5,479,19.49
2026-06-08 10:43:50,1590.7,72.95,84.75,62.54,21.19,2.22,3,541,17.94
2026-06-08 10:44:50,1158.81,50.75,59.83,37.76,16.39,3.84,4,345,13.1
2026-06-08 10:45:50,1536.47,73.69,63.88,40.77,22.2,3.43,4,484,18.3
2026-06-08 10:46:50,1131.16,88.81,72.2,59.8,22.86,3.21,3,414,20.25
2026-06-08 10:47:50,1669.01,62.02,76.56,41.18,20.57,3.0,3,538,17.59
2026-06-08 10:48:50,1732.77,38.72,77.3,48.12,15.06,2.57,2,515,11.4
2026-06-08 10:49:50,1431.64,79.27,91.51,69.79,21.56,1.46,2,501,19.79
2026-06-08 10:50:50,1234.93,42.95,43.07,63.32,14.79,5.39,5,345,12.07
2026-06-08 10:51:50,1322.71,59.02,62.84,35.1,17.23,3.57,3,433,14.57
2026-06-08 10:52:50,1606.09,69.31,98.52,34.13,20.76,0.9,1,556,17.52
2026-06-08 10:53:50,1010.39,83.85,49.5,46.77,20.92,5.47,4,354,19.75
2026-06-08 10:54:50,1726.01,75.16,68.76,38.65,21.96,3.09,2,586,18.51
2026-06-08 10:55:50,1224.58,82.12,78.98,40.74,21.06,2.53,3,415,18.47
2026-06-08 10:56:50,1672.27,35.26,22.47,43.33,15.56,7.55,7,458,13.15
2026-06-08 10:57:50,1062.36,97.8,40.72,38.45,24.29,5.39,6,369,23.28
2026-06-08 10:58:50,1725.53,60.87,29.06,65.7,20.51,6.92,6,495,16.62
2026-06-08 10:59:50,1274.3,87.98,20.23,46.42,23.12,7.69,7,390,21.15
2026-06-08 11:00:50,1488.81,70.2,83.01,64.01,20.47,2.26,2,487,18.01
2026-06-08 11:01:50,1269.26,75.52,93.44,36.35,20.12,1.76,2,428,17.57
2026-06-08 11:02:50,1237.45,65.06,28.14,32.19,18.41,7.05,6,385,15.61
2026-06-08 11:03:50,1102.44,55.36,87.54,39.35,16.42,1.76,3,381,15.07
2026-06-08 11:04:50,1341.82,65.71,58.7,47.8,20.13,4.03,4,414,16.38
2026-06-08 11:05:50,1741.06,66.26,89.99,49.32,20.56,1.43,2,571,18.32
2026-06-08 11:06:50,1212.07,81.8,61.66,56.33,22.07,3.86,3,434,20.57
2026-06-08 11:07:50,1151.57,79.6,87.11,57.23,20.71,2.11,1,423,19.42
2026-06-08 11:08:50,1180.84,30.47,89.06,58.6,13.17,2.34,2,362,11.13
2026-06-08 11:09:50,1362.86,40.11,58.44,37.08,14.17,4.65,4,401,11.19
2026-06-08 11:10:50,1205.58,52.29,78.58,68.8,15.67,2.53,3,378,13.14
2026-06-08 11:11:50,1537.16,91.16,96.36,50.17,24.34,1.05,2,566,21.79
2026-06-08 11:12:50,1740.02,80.93,21.24,63.94,22.87,7.6,7,513,20.83
2026-06-08 11:13:50,1218.99,70.78,58.62,54.73,19.92,4.43,4,398,17.42
2026-06-08 11:14:50,1040.46,66.14,83.65,67.66,18.06,2.5,3,362,15.52
2026-06-08 11:15:50,1534.9,30.9,47.45,31.16,13.2,5.09,5,404,10.62
2026-06-08 11:16:50,1094.21,67.46,20.28,66.33,19.52,7.8,7,347,17.15
2026-06-08 11:17:50,1306.65,41.5,33.19,45.63,14.75,6.59,6,349,11.73
2026-06-08 11:18:50,1726.66,31.98,42.29,38.36,15.09,5.64,5,488,12.12
2026-06-08 11:19:50,1388.38,56.53,97.67,59.57,17.33,0.77,1,476,14.77
2026-06-08 11:20:50,1373.55,52.72,89.18,63.14,16.02,2.22,2,433,14.66
2026-06-08 11:21:50,1201.93,96.65,44.96,40.43,23.51,5.51,6,408,22.48
2026-06-08 11:22:50,1006.46,93.69,40.96,62.95,22.42,5.24,5,377,20.53
2026-06-08 11:23:50,1167.1,34.79,41.33,69.04,12.78,5.28,5,328,10.21
2026-06-08 11:24:50,1144.49,96.36,43.29,45.15,24.51,5.4,4,408,22.78
2026-06-08 11:25:50,1099.36,96.99,25.98,48.74,23.26,7.41,6,385,20.87
2026-06-08 11:26:50,1690.12,88.29,68.63,67.81,24.75,3.2,3,584,22.87
2026-06-08 11:27:50,1646.13,37.12,23.25,58.27,15.19,6.72,7,457,12.59
2026-06-08 11:28:50,1565.67,81.35,94.75,65.32,22.81,1.64,2,521,20.0
2026-06-08 11:29:50,1483.07,65.8,30.02,64.46,19.58,6.25,5,437,16.45
2026-06-08 11:30:50,1068.31,44.66,91.76,44.83,13.6,1.19,2,327,10.83
2026-06-08 11:31:50,1341.51,77.3,63.71,57.56,20.31,3.6,4,440,17.85
2026-06-08 11:32:50,1425.86,34.12,71.07,44.51,13.32,3.05,4,404,10.93
2026-06-08 11:33:50,910.17,66.63,27.22,61.6,16.92,6.38,6,300,15.67
2026-06-08 11:34:50,1524.65,35.37,71.12,52.28,14.21,3.67,4,438,11.43
2026-06-08 11:35:50,1552.42,89.72,42.22,49.69,25.35,5.56,4,528,21.82
2026-06-08 11:36:50,1789.14,96.76,47.74,45.94,26.16,5.51,5,606,24.32
2026-06-08 11:37:50,1026.71,42.65,56.11,41.15,13.37,4.87,5,277,12.14
2026-06-08 11:38:50,1243.52,67.47,26.81,60.8,18.79,6.56,5,384,16.66
2026-06-08 11:39:50,995.62,71.14,28.52,35.67,19.33,6.47,5,312,17.22
2026-06-08 11:40:50,1086.74,58.02,92.36,63.41,16.4,2.03,2,358,13.98
2026-06-08 11:41:50,1798.81,38.13,80.71,36.16,15.46,2.95,2,536,13.08
2026-06-08 11:42:50,1255.89,55.94,93.33,39.72,17.3,1.97,1,407,15.47
2026-06-08 11:43:50,1070.79,97.56,90.89,33.09,22.95,1.32,2,417,22.42
2026-06-08 11:44:50,1721.61,47.67,86.83,43.85,17.31,2.03,2,516,14.4
2026-06-08 11:45:50,1008.53,52.78,52.41,38.37,15.08,4.53,4,306,13.7
2026-06-08 11:46:50,1230.53,95.9,76.82,41.43,24.38,2.96,3,453,23.23
2026-06-08 11:47:50,917.23,85.48,47.17,59.62,20.85,5.56,6,306,19.99
2026-06-08 11:48:50,1215.04,32.49,62.28,36.43,11.76,4.11,4,339,9.47
2026-06-08 11:49:50,1695.65,41.02,86.08,44.56,16.69,1.9,2,531,12.76
2026-06-08 11:50:50,1080.67,81.06,95.21,57.58,20.58,0.88,2,414,18.35
2026-06-08 11:51:50,1761.72,99.63,57.53,49.18,27.13,4.85,5,588,24.99
2026-06-08 11:52:50,1119.24,36.46,66.32,50.29,13.42,3.34,4,319,10.47
2026-06-08 11:53:50,1203.51,38.97,95.71,43.14,14.2,1.75,1,388,12.62
2026-06-08 11:54:50,1533.97,72.32,89.52,43.19,20.16,1.97,2,518,17.57
2026-06-08 11:55:50,1340.34,41.57,49.35,37.83,14.37,4.66,4,408,11.08
2026-06-08 11:56:50,1529.95,73.27,42.28,69.19,21.34,5.4,5,463,17.7
2026-06-08 11:57:50,1234.67,35.3,97.32,31.15,13.6,1.57,1,378,10.09
2026-06-08 11:58:50,1674.37,80.56,74.56,66.66,23.29,2.72,3,543,20.03
2026-06-08 11:59:50,1174.15,33.67,84.72,66.2,11.91,2.54,2,339,9.55
2026-06-08 12:00:50,978.91,72.38,32.18,47.46,18.22,6.2,6,314,16.0
2026-06-08 12:01:50,921.29,60.9,77.78,62.3,16.83,2.6,2,332,15.36
2026-06-08 12:02:50,1398.95,40.49,49.96,68.2,13.9,4.9,4,411,11.02
2026-06-08 12:03:50,1572.58,59.54,78.39,48.17,18.19,2.84,3,482,15.24
2026-06-08 12:04:50,1582.18,66.64,91.93,43.05,19.9,1.47,2,539,18.12
2026-06-08 12:05:50,1062.33,40.76,30.5,42.43,13.28,6.35,5,305,12.15
2026-06-08 12:06:50,1293.78,42.87,82.53,41.57,14.93,2.78,3,381,11.56
2026-06-08 12:07:50,1775.08,69.23,48.75,30.9,21.84,5.51,6,547,18.12
2026-06-08 12:08:50,971.83,61.98,73.15,58.26,17.43,2.67,2,321,16.14
2026-06-08 12:09:50,1565.94,34.5,63.79,52.06,13.67,3.56,3,444,10.05
2026-06-08 12:10:50,1610.43,84.71,60.81,52.05,23.85,4.16,4,514,21.99
2026-06-08 12:11:50,989.05,64.74,97.58,34.95,16.96,1.65,2,354,16.05
2026-06-08 12:12:50,1664.21,56.21,63.3,58.58,19.04,3.53,4,514,15.65
2026-06-08 12:13:50,1653.26,67.69,96.97,53.54,21.14,0.92,1,559,17.21
2026-06-08 12:14:50,1427.92,75.32,61.8,60.89,22.09,4.22,5,453,19.71
2026-06-08 12:15:50,1186.16,62.97,51.65,40.64,18.19,4.61,4,375,16.67
2026-06-08 12:16:50,1040.75,37.66,67.78,61.34,13.09,3.08,3,316,11.61
2026-06-08 12:17:50,1192.32,77.8,39.88,56.26,21.28,6.3,6,388,19.0
2026-06-08 12:18:50,1315.77,52.45,57.42,61.41,16.54,4.51,4,419,14.01
2026-06-08 12:19:50,1063.69,96.1,61.95,64.36,23.31,4.22,3,393,22.01
2026-06-08 12:20:50,1158.85,34.03,72.43,33.4,13.67,3.29,3,338,11.85
2026-06-08 12:21:50,1768.2,46.13,68.92,60.01,17.82,3.37,4,528,14.17
2026-06-08 12:22:50,902.69,40.09,25.01,59.56,12.67,7.48,6,239,9.9
2026-06-08 12:23:50,1698.13,90.77,43.58,47.92,24.16,5.25,5,566,21.88
2026-06-08 12:24:50,984.07,44.75,84.46,49.18,14.93,2.06,2,338,12.31
2026-06-08 12:25:50,966.37,71.96,41.0,65.52,18.31,5.73,6,303,15.84
2026-06-08 12:26:50,1650.9,67.76,82.74,65.93,19.88,2.51,3,516,17.9
2026-06-08 12:27:50,1726.01,83.77,82.84,48.24,23.62,2.29,2,568,21.17
2026-06-08 12:28:50,1439.21,74.75,50.92,39.96,22.09,5.09,4,477,18.24
2026-06-08 12:29:50,1710.17,86.07,53.16,58.01,24.08,4.86,4,579,22.18
2026-06-08 12:30:50,1386.02,43.69,64.07,68.21,14.52,4.13,5,382,12.97
2026-06-08 12:31:50,1560.47,35.5,87.73,68.69,14.11,2.44,2,449,11.89
2026-06-08 12:32:50,1012.47,50.14,90.15,66.73,14.08,1.33,2,353,12.61
2026-06-08 12:33:50,1578.7,38.28,30.63,52.48,14.88,6.85,6,435,11.55
2026-06-08 12:34:50,1622.4,82.44,35.87,35.1,23.92,5.71,5,506,21.08
2026-06-08 12:35:50,1625.45,52.12,29.62,57.36,17.45,6.59,6,453,13.97
2026-06-08 12:36:50,991.04,88.3,84.02,52.99,22.64,2.27,3,360,21.01
2026-06-08 12:37:50,1465.15,82.47,27.01,64.59,22.98,7.0,7,443,20.72
2026-06-08 12:38:50,1533.64,61.75,60.19,40.39,19.79,4.09,3,489,16.54
2026-06-08 12:39:50,1081.9,63.16,68.64,48.94,17.77,3.05,3,367,14.78
2026-06-08 12:40:50,971.3,54.85,28.26,33.65,15.39,6.26,6,284,14.54
2026-06-08 12:41:50,1608.25,91.65,62.99,40.76,24.11,4.18,3,559,21.67
2026-06-08 12:42:50,1254.24,62.18,93.31,54.84,19.19,1.37,2,436,16.19
2026-06-08 12:43:50,1468.72,73.47,82.01,57.71,21.67,2.62,3,490,17.88
2026-06-08 12:44:50,1063.3,54.97,85.29,36.68,15.3,2.25,1,380,14.08
2026-06-08 12:45:50,1600.54,45.92,76.53,40.92,16.86,2.74,3,477,13.65
2026-06-08 12:46:50,955.56,71.18,44.02,43.73,17.86,5.63,4,317,15.85
2026-06-08 12:47:50,1014.49,94.73,73.56,30.18,22.96,3.48,4,394,21.39
2026-06-08 12:48:50,1549.43,75.28,36.96,51.77,22.06,6.13,6,498,18.76
2026-06-08 12:49:50,1437.95,42.59,39.19,63.54,15.69,5.83,4,409,12.8
2026-06-08 12:50:50,1587.88,47.31,45.62,50.44,16.88,4.98,5,441,13.95
2026-06-08 12:51:50,1637.68,91.08,57.08,51.81,25.52,4.83,4,540,23.46
2026-06-08 12:52:50,1003.55,56.37,74.77,43.67,15.96,2.96,2,335,14.73
2026-06-08 12:53:50,1698.19,57.49,36.28,49.47,20.11,6.24,6,488,15.95
2026-06-08 12:54:50,1537.73,63.72,26.98,47.04,18.86,7.27,7,449,16.18
2026-06-08 12:55:50,1713.09,36.83,51.41,41.97,15.87,4.89,5,468,12.06
2026-06-08 12:56:50,1732.98,72.2,30.95,34.38,22.3,6.73,5,542,18.92
2026-06-08 12:57:50,1227.68,42.95,23.19,50.04,14.95,7.6,7,343,11.78
2026-06-08 12:58:50,1474.26,32.78,61.36,62.53,13.3,4.48,5,425,11.44
2026-06-08 12:59:50,1388.13,92.56,28.57,43.33,25.19,6.71,6,442,22.82
2026-06-08 13:00:50,1347.28,91.53,39.74,46.57,23.94,6.07,5,469,20.72
2026-06-08 13:01:50,1232.44,86.15,73.11,57.29,22.24,2.83,3,450,19.56
2026-06-08 13:02:50,1765.27,34.57,77.99,65.22,16.06,3.14,4,495,13.03
2026-06-08 13:03:50,1470.36,52.0,86.33,35.55,17.4,2.31,3,441,13.97
2026-06-08 13:04:50,995.56,43.88,59.64,56.79,13.65,4.13,3,309,11.79
2026-06-08 13:05:50,1085.87,82.45,51.43,58.1,20.38,5.2,5,388,19.34
2026-06-08 13:06:50,947.13,37.68,45.17,50.39,12.78,5.12,5,280,10.17
2026-06-08 13:07:50,1710.61,40.82,84.91,59.81,16.09,1.82,3,494,12.21
2026-06-08 13:08:50,1160.37,91.71,46.06,59.64,23.44,4.92,5,422,22.37
2026-06-08 13:09:50,1648.59,33.96,47.73,43.25,15.05,5.3,4,465,12.3
2026-06-08 13:10:50,1217.4,45.72,95.28,65.7,14.93,1.53,1,385,12.6
2026-06-08 13:11:50,1172.76,50.66,97.14,33.66,15.86,0.86,1,404,14.29
2026-06-08 13:12:50,1695.89,66.47,69.51,39.32,20.78,3.01,3,555,17.22
2026-06-08 13:13:50,1662.8,32.96,89.02,58.93,15.36,1.75,2,474,10.88
2026-06-08 13:14:50,1645.95,43.51,57.08,43.95,16.8,4.06,3,476,14.29
2026-06-08 13:15:50,1431.42,93.99,53.79,57.51,24.71,4.96,5,494,22.04
2026-06-08 13:16:50,925.33,47.71,86.34,63.39,13.95,2.32,2,293,11.49
2026-06-08 13:17:50,1538.97,77.04,32.72,36.43,22.1,6.88,6,493,19.66
2026-06-08 13:18:50,1167.21,42.75,27.02,51.68,15.14,7.07,7,310,12.59
2026-06-08 13:19:50,1569.31,83.45,48.22,69.59,23.44,4.78,3,535,21.56
2026-06-08 13:20:50,1189.52,34.31,90.98,50.25,12.54,1.31,2,383,11.21
2026-06-08 13:21:50,1634.61,62.21,82.3,63.91,20.46,2.78,2,535,17.1
2026-06-08 13:22:50,1116.34,54.82,50.68,49.3,17.24,4.84,4,339,15.03
2026-06-08 13:23:50,1397.16,78.01,80.69,43.44,21.18,2.88,2,471,18.36
2026-06-08 13:24:50,1067.52,81.35,55.13,60.44,21.61,4.32,4,378,20.02
2026-06-08 13:25:50,1528.91,43.68,39.1,31.58,15.56,6.18,5,442,12.6
2026-06-08 13:26:50,941.14,44.21,56.62,60.31,14.0,4.92,5,260,11.13
2026-06-08 13:27:50,1361.83,30.89,39.13,44.81,12.68,5.73,4,368,10.73
2026-06-08 13:28:50,1269.57,82.43,34.6,53.78,22.04,6.72,5,400,19.45
2026-06-08 13:29:50,926.84,41.43,49.54,67.9,13.37,4.8,4,272,11.62
2026-06-08 13:30:50,1232.53,87.28,32.96,66.59,22.73,6.38,7,399,20.22
2026-06-08 13:31:50,1011.28,47.9,37.87,31.33,15.44,5.81,5,286,13.54
2026-06-08 13:32:50,1012.78,80.73,88.51,46.61,20.08,1.49,1,395,18.44
2026-06-08 13:33:50,1623.88,32.26,23.09,69.76,13.94,7.49,6,423,10.91
2026-06-08 13:34:50,926.06,69.7,60.75,60.77,17.86,3.8,4,313,16.58
2026-06-08 13:35:50,1319.46,34.58,72.97,46.82,13.65,3.59,4,374,10.24
2026-06-08 13:36:50,1756.49,76.28,27.94,31.57,23.61,6.78,7,546,20.14
2026-06-08 13:37:50,1272.89,42.54,78.58,64.72,15.35,2.4,2,389,13.01
2026-06-08 13:38:50,1728.41,48.78,69.38,33.58,17.81,3.09,4,522,13.92
2026-06-08 13:39:50,1003.27,94.65,71.49,34.77,22.72,2.78,3,370,22.04
2026-06-08 13:40:50,1541.01,33.79,49.66,31.92,14.24,4.56,4,451,10.98
2026-06-08 13:41:50,1642.28,70.1,43.3,36.94,21.65,5.77,4,510,19.35
2026-06-08 13:42:50,1527.48,87.79,72.88,66.84,24.88,3.61,3,525,22.89
2026-06-08 13:43:50,1037.84,98.16,30.19,36.93,23.39,6.32,5,373,22.84
2026-06-08 13:44:50,1059.02,99.59,69.43,50.35,24.53,3.17,3,394,21.69
2026-06-08 13:45:50,1411.34,96.46,82.44,65.17,24.79,2.5,3,496,21.77
2026-06-08 13:46:50,934.31,93.29,40.91,50.58,22.82,5.53,5,353,21.43
2026-06-08 13:47:50,1413.35,85.27,36.19,53.86,22.53,5.71,6,458,19.37
2026-06-08 13:48:50,1518.16,84.91,48.0,69.22,23.93,4.78,5,518,21.29
2026-06-08 13:49:50,1393.45,36.67,33.42,61.31,14.25,6.14,6,394,11.39
2026-06-08 13:50:50,1065.78,70.59,70.99,59.81,19.44,3.08,3,356,16.38
2026-06-08 13:51:50,1218.39,68.16,84.86,47.85,18.4,2.36,1,445,17.44
2026-06-08 13:52:50,1212.99,61.22,75.6,65.87,17.51,2.97,4,389,16.05
2026-06-08 13:53:50,904.21,62.64,29.12,63.38,16.41,6.73,5,290,15.6
2026-06-08 13:54:50,1121.39,44.08,83.46,51.48,13.76,2.3,2,352,11.4
2026-06-08 13:55:50,1781.27,93.21,28.86,31.88,25.16,7.1,6,581,21.99
2026-06-08 13:56:50,1726.36,83.31,45.48,47.95,23.68,4.94,4,552,21.45
2026-06-08 13:57:50,1300.55,58.36,76.14,39.29,17.85,3.09,4,422,15.51
2026-06-08 13:58:50,989.75,91.41,97.02,48.58,21.85,1.56,1,393,20.68
2026-06-08 13:59:50,1286.25,86.18,79.64,46.43,22.36,3.01,3,465,21.08
2026-06-08 14:00:50,1062.1,53.82,64.03,42.63,16.6,3.53,4,340,14.15
2026-06-08 14:01:50,1686.56,48.78,49.93,39.38,16.69,4.51,4,509,13.24
2026-06-08 14:02:50,1203.8,34.68,66.86,53.07,13.39,4.03,4,358,10.58
2026-06-08 14:03:50,1318.48,94.29,39.28,40.89,24.54,6.04,5,434,23.25
2026-06-08 14:04:50,1062.97,87.59,79.52,39.98,21.19,3.1,2,407,18.81
2026-06-08 14:05:50,916.14,30.03,84.75,39.5,11.58,2.63,2,274,8.53
2026-06-08 14:06:50,1001.48,44.7,24.56,51.45,13.26,7.34,7,266,12.22
2026-06-08 14:07:50,1602.88,51.14,72.28,40.25,17.94,2.88,3,491,14.15
2026-06-08 14:08:50,1311.13,31.56,83.84,69.82,13.25,2.17,2,392,11.02
2026-06-08 14:09:50,1383.72,81.37,87.48,59.59,21.56,1.67,2,507,19.36
2026-06-08 14:10:50,1176.99,36.8,46.21,59.54,12.68,5.31,5,334,10.88
2026-06-08 14:11:50,999.72,41.91,55.67,31.09,13.06,4.69,5,294,11.29
2026-06-08 14:12:50,1000.82,57.84,65.57,58.39,15.43,3.96,3,340,12.91
2026-06-08 14:13:50,930.62,69.6,32.08,51.47,19.24,6.54,5,311,16.44
2026-06-08 14:14:50,976.15,46.46,94.22,30.0,14.84,1.18,2,330,13.45
2026-06-08 14:15:50,1157.28,74.71,76.63,44.87,20.65,3.09,2,403,17.89
2026-06-08 14:16:50,1705.59,32.95,33.44,55.63,13.95,6.28,6,478,10.5
2026-06-08 14:17:50,1440.02,41.31,54.98,37.51,14.86,4.31,4,434,12.79
2026-06-08 14:18:50,1214.24,51.84,29.73,37.06,16.61,6.98,6,332,14.76
2026-06-08 14:19:50,1754.66,83.01,84.87,35.82,23.16,1.87,2,612,21.01
2026-06-08 14:20:50,1013.71,49.29,29.65,32.13,14.58,7.1,6,291,13.51
2026-06-08 14:21:50,1403.42,58.17,87.04,41.33,18.5,2.11,2,467,15.55
2026-06-08 14:22:50,1276.13,72.06,82.23,63.14,19.69,2.18,2,452,17.11
2026-06-08 14:23:50,1647.19,38.94,68.57,56.77,15.88,3.41,4,480,13.11
2026-06-08 14:24:50,1228.27,88.81,23.85,47.64,22.83,6.83,5,397,20.81
2026-06-08 14:25:50,1519.76,68.76,75.33,33.43,20.83,3.02,3,484,18.56
2026-06-08 14:26:50,1059.89,67.45,77.82,51.77,18.43,2.65,3,366,16.86
2026-06-08 14:27:50,1186.75,43.08,30.87,58.32,14.47,6.65,5,331,12.7
2026-06-08 14:28:50,1394.7,37.56,38.28,61.59,13.47,6.28,5,384,11.49
2026-06-08 14:29:50,1010.72,86.57,95.01,54.89,20.64,1.28,1,393,19.63
2026-06-08 14:30:50,1651.88,91.07,36.56,67.56,25.11,6.02,5,552,22.73
2026-06-08 14:31:50,1137.4,41.78,96.55,50.88,14.11,1.22,2,351,11.51
2026-06-08 14:32:50,1524.34,85.78,48.97,47.05,23.21,5.49,4,495,21.3
2026-06-08 14:33:50,1528.22,86.72,87.15,30.05,22.84,1.82,2,522,20.59
2026-06-08 14:34:50,1558.66,53.93,23.92,43.39,18.66,7.18,5,458,14.62
2026-06-08 14:35:50,1127.94,87.21,88.6,52.04,22.43,1.56,2,440,21.23
2026-06-08 14:36:50,1247.1,57.51,62.31,33.28,17.55,3.98,4,398,15.68
2026-06-08 14:37:50,1298.88,94.29,88.62,32.24,25.13,1.65,2,495,22.47
2026-06-08 14:38:50,1434.21,75.98,38.32,67.36,21.92,6.0,5,466,18.58
2026-06-08 14:39:50,1408.23,60.9,83.32,33.32,17.61,2.38,3,442,16.27
2026-06-08 14:40:50,1587.02,45.04,82.54,58.03,17.34,1.95,2,495,14.09
2026-06-08 14:41:50,1421.24,55.24,60.62,54.95,17.79,4.51,4,447,14.24
2026-06-08 14:42:50,1435.38,83.73,47.12,48.82,23.28,5.28,5,468,21.57
2026-06-08 14:43:50,1678.96,79.9,41.71,67.42,23.52,5.32,6,524,20.62
2026-06-08 14:44:50,1219.95,73.19,92.2,69.75,19.68,1.61,2,437,18.35
2026-06-08 14:45:50,1094.83,74.1,77.09,62.61,18.9,2.34,2,405,18.04
2026-06-08 14:46:50,1726.19,95.34,43.06,65.14,26.91,5.75,6,570,24.77
2026-06-08 14:47:50,1027.77,84.99,42.22,65.24,21.55,5.65,4,361,20.05
2026-06-08 14:48:50,1716.56,39.79,64.84,55.61,15.62,3.71,4,504,12.9
2026-06-08 14:49:50,1209.86,75.8,86.1,44.37,20.9,1.74,2,423,17.87
2026-06-08 14:50:50,1792.26,42.69,76.5,68.83,16.44,2.71,2,536,13.36
2026-06-08 14:51:50,1151.06,46.48,81.12,32.91,15.83,2.94,3,374,12.98
2026-06-08 14:52:50,1692.09,81.3,32.31,41.9,22.61,6.16,5,555,19.45
2026-06-08 14:53:50,1125.16,83.01,26.71,67.86,21.31,6.75,7,372,20.21
2026-06-08 14:54:50,1631.69,49.68,85.36,55.59,16.52,2.03,2,513,13.58
2026-06-08 14:55:50,1214.96,42.81,85.07,50.81,15.14,2.64,2,394,11.95
2026-06-08 14:56:50,983.23,86.32,26.41,31.99,21.2,6.76,7,327,20.3
2026-06-08 14:57:50,1329.43,42.93,58.42,47.96,14.45,4.64,4,389,11.41
2026-06-08 14:58:50,1519.35,77.61,36.16,58.8,22.99,5.66,6,483,19.44
2026-06-08 14:59:50,1077.26,60.93,67.26,37.36,16.66,3.68,4,353,15.3
2026-06-08 15:00:50,1097.43,98.86,56.48,34.18,24.76,4.35,4,412,22.46
2026-06-08 15:01:50,1625.96,42.53,82.45,36.4,15.39,2.56,3,472,12.66
2026-06-08 15:02:50,1211.14,88.25,95.82,68.21,22.31,1.77,2,433,20.18
2026-06-08 15:03:50,1778.75,69.16,40.09,64.8,22.53,5.76,5,525,18.91
2026-06-08 15:04:50,1688.99,31.45,85.08,34.16,14.22,2.64,3,472,10.14
2026-06-08 15:05:50,1291.33,96.12,92.3,55.91,23.6,1.39,1,484,21.99
2026-06-08 15:06:50,1397.08,35.76,58.65,37.52,13.16,4.14,3,397,10.41
2026-06-08 15:07:50,1100.98,81.17,56.71,48.79,20.77,4.96,5,357,18.06
2026-06-08 15:08:50,998.33,30.46,72.9,65.46,11.74,3.33,2,299,9.12
2026-06-08 15:09:50,1246.42,63.15,23.23,53.66,18.21,7.61,6,370,16.44
2026-06-08 15:10:50,1083.46,98.48,73.55,61.7,24.34,2.76,2,408,21.5
2026-06-08 15:11:50,1172.37,41.01,50.03,57.66,13.08,4.82,5,354,11.4
2026-06-08 15:12:50,1578.21,32.09,27.08,68.47,14.79,7.18,6,403,12.14
2026-06-08 15:13:50,1346.03,88.89,40.36,56.29,23.51,5.97,5,445,21.74
2026-06-08 15:14:50,1577.33,40.61,50.19,48.26,16.45,5.07,5,434,13.81
2026-06-08 15:15:50,1458.32,45.22,25.96,32.86,15.0,7.04,6,413,12.56
2026-06-08 15:16:50,1471.12,91.23,39.13,69.36,24.42,5.77,5,498,21.84
2026-06-08 15:17:50,972.2,34.31,71.39,53.64,11.97,3.34,4,291,9.4
2026-06-08 15:18:50,1745.75,64.7,96.18,50.16,19.71,0.85,1,591,16.81
2026-06-08 15:19:50,1275.61,49.25,75.71,47.27,16.08,3.01,3,391,13.34
2026-06-08 15:20:50,1341.34,38.3,73.07,63.95,15.15,3.01,3,418,12.63
2026-06-08 15:21:50,1710.66,92.24,93.82,33.87,25.97,1.71,2,601,22.89
2026-06-08 15:22:50,1341.82,81.17,99.97,40.76,21.44,1.05,2,493,19.06
2026-06-08 15:23:50,1328.41,53.89,60.17,47.67,16.68,3.8,3,423,14.18
2026-06-08 15:24:50,972.76,76.12,93.55,62.18,19.89,1.6,2,384,17.04
2026-06-08 15:25:50,1099.2,39.16,60.79,49.43,12.71,4.53,4,308,11.33
2026-06-08 15:26:50,909.31,30.04,66.42,54.18,11.16,3.52,4,255,9.62
2026-06-08 15:27:50,1776.35,30.84,30.18,57.93,14.62,6.56,5,500,11.22
2026-06-08 15:28:50,1667.48,72.73,79.54,49.66,21.81,2.99,3,530,18.03
2026-06-08 15:29:50,1222.81,63.78,49.66,64.5,17.39,4.68,5,399,14.77
2026-06-08 15:30:50,1071.9,74.84,71.8,60.23,19.25,3.56,4,383,16.88
2026-06-08 15:31:50,1532.45,84.28,79.18,39.64,22.85,2.42,3,511,20.56
2026-06-08 15:32:50,1589.1,71.59,28.93,30.92,21.62,6.52,5,494,18.44
2026-06-08 15:33:50,1621.86,54.08,80.53,59.76,17.71,2.47,3,519,14.68
2026-06-08 15:34:50,1590.92,93.36,74.62,41.55,24.46,3.29,2,554,22.49
2026-06-08 15:35:50,1665.65,35.02,93.61,54.82,14.31,1.04,0,525,11.15
2026-06-08 15:36:50,1705.27,59.25,59.95,65.03,20.38,4.11,3,518,16.3
2026-06-08 15:37:50,1003.24,49.65,63.08,69.39,14.71,3.49,3,329,12.72
2026-06-08 15:38:50,1448.99,93.15,51.52,62.63,23.86,4.95,5,499,22.17
2026-06-08 15:39:50,1608.08,73.94,64.76,35.44,21.35,3.96,5,523,19.47
2026-06-08 15:40:50,1172.43,83.17,53.92,43.88,21.98,4.43,4,417,20.2
2026-06-08 15:41:50,1566.13,38.63,30.71,47.31,15.81,6.58,5,448,11.64
2026-06-08 15:42:50,1276.04,66.78,54.39,34.42,18.95,4.21,4,412,17.69
2026-06-08 15:43:50,1307.58,50.66,88.5,49.96,17.21,2.08,1,410,13.72
2026-06-08 15:44:50,1276.07,60.64,63.31,36.08,17.73,4.07,4,394,14.71
2026-06-08 15:45:50,1697.63,77.57,49.87,59.18,22.94,5.35,4,531,19.04
2026-06-08 15:46:50,976.57,44.57,48.81,35.19,14.8,4.73,5,295,13.38
2026-06-08 15:47:50,1218.65,65.87,46.78,53.6,19.2,5.17,5,400,16.84
2026-06-08 15:48:50,1140.34,45.42,78.04,69.97,15.14,2.72,2,379,13.56
2026-06-08 15:49:50,1510.35,44.36,52.36,60.07,16.57,4.8,4,440,13.67
2026-06-08 15:50:50,1605.67,87.38,97.91,43.63,23.19,1.36,2,546,21.27
2026-06-08 15:51:50,905.57,56.88,79.76,31.48,15.48,2.57,3,325,13.07
2026-06-08 15:52:50,1145.79,40.29,37.67,57.43,13.87,5.99,6,312,11.62
2026-06-08 15:53:50,1109.19,38.24,36.47,32.42,13.89,6.43,6,300,11.97
2026-06-08 15:54:50,1740.66,64.54,71.79,46.16,21.42,2.98,3,555,17.81
2026-06-08 15:55:50,1204.8,43.75,96.72,55.36,15.45,1.3,1,407,13.76
2026-06-08 15:56:50,973.47,99.39,51.36,40.86,24.44,5.37,5,362,22.99
2026-06-08 15:57:50,984.14,87.58,46.7,41.43,22.32,5.51,6,347,20.85
2026-06-08 15:58:50,1455.04,97.65,24.17,34.55,26.39,6.58,5,509,22.96
2026-06-08 15:59:50,1212.69,63.72,62.58,31.75,17.88,4.01,4,373,15.62
2026-06-08 16:00:50,1174.5,98.04,81.55,36.89,23.51,2.96,4,440,21.75
2026-06-08 16:01:50,1143.84,64.85,27.52,37.73,18.89,7.28,5,340,15.66
2026-06-08 16:02:50,1297.38,40.53,54.4,64.5,14.06,4.98,4,358,12.26
2026-06-08 16:03:50,938.71,94.12,49.66,35.81,23.4,5.13,5,334,21.86
2026-06-08 16:04:50,1264.75,98.82,30.11,53.45,23.95,6.38,5,437,22.17
2026-06-08 16:05:50,1219.29,68.57,54.67,52.61,19.18,5.12,4,408,17.56
2026-06-08 16:06:50,1179.18,73.28,35.47,52.67,19.95,6.4,6,375,17.95
2026-06-08 16:07:50,1443.88,96.8,25.11,30.29,25.16,7.46,7,476,21.91
2026-06-08 16:08:50,1382.25,71.64,27.14,41.2,20.64,6.94,6,419,17.17
2026-06-08 16:09:50,1026.36,93.32,64.86,50.39,23.07,3.69,4,391,20.72
2026-06-08 16:10:50,1563.42,38.57,92.69,50.68,15.88,1.76,2,455,13.31
2026-06-08 16:11:50,1046.79,97.94,81.84,58.41,23.55,2.47,2,418,22.49
2026-06-08 16:12:50,1238.86,32.25,76.15,40.89,12.92,2.58,3,377,10.71
2026-06-08 16:13:50,939.41,64.3,45.0,53.79,17.79,5.89,6,296,15.59
2026-06-08 16:14:50,973.84,62.52,54.08,60.68,18.13,4.45,4,308,15.84
2026-06-08 16:15:50,1184.82,31.21,85.71,36.8,11.88,2.19,2,363,9.19
2026-06-08 16:16:50,1383.4,87.08,54.08,65.09,22.42,4.7,4,473,21.4
2026-06-08 16:17:50,1324.21,97.01,45.16,32.99,24.59,5.39,6,466,23.07
2026-06-08 16:18:50,934.21,84.45,61.78,58.49,20.04,4.46,5,323,19.64
2026-06-08 16:19:50,970.69,64.7,60.11,64.71,17.43,3.78,4,329,16.4
2026-06-08 16:20:50,1438.48,51.3,68.4,57.57,17.18,3.16,3,428,14.11
2026-06-08 16:21:50,1093.76,79.06,49.87,66.77,20.23,5.21,4,369,17.9
2026-06-08 16:22:50,1230.84,53.79,41.36,50.56,16.08,6.04,5,359,13.76
2026-06-08 16:23:50,1523.3,52.71,40.9,46.73,16.99,6.01,4,439,13.81
2026-06-08 16:24:50,1136.94,87.86,67.35,42.78,23.25,3.6,4,401,21.92
2026-06-08 16:25:50,1144.7,74.63,47.93,33.6,20.38,5.35,6,372,18.86
2026-06-08 16:26:50,1780.06,31.32,70.04,42.7,14.07,2.93,3,494,11.47
2026-06-08 16:27:50,1005.21,90.8,83.76,47.03,22.15,2.2,1,383,20.0
2026-06-08 16:28:50,994.51,30.04,72.13,65.35,10.99,3.28,4,268,8.87
2026-06-08 16:29:50,1237.9,64.47,92.33,45.6,18.04,1.24,2,413,16.02
2026-06-08 16:30:50,1690.22,52.52,43.57,55.98,17.39,5.86,6,466,14.14
2026-06-08 16:31:50,1755.11,47.41,33.82,38.9,16.71,6.0,5,501,13.11
2026-06-08 16:32:50,1271.3,88.29,99.54,52.58,23.2,1.33,1,456,20.96
2026-06-08 16:33:50,1098.67,32.35,31.48,67.22,12.99,6.8,6,302,9.67
2026-06-08 16:34:50,924.59,30.23,49.75,30.03,10.46,4.73,4,260,7.73
2026-06-08 16:35:50,1797.79,77.18,69.65,52.55,22.78,3.15,3,584,19.57
2026-06-08 16:36:50,1614.74,81.7,22.53,49.41,22.9,7.11,6,507,20.39
2026-06-08 16:37:50,1424.64,81.79,85.6,35.17,23.22,2.03,1,512,21.13
2026-06-08 16:38:50,1269.46,71.64,52.61,40.72,19.28,4.95,4,407,17.45
2026-06-08 16:39:50,1351.99,69.52,77.25,61.55,19.67,3.02,2,447,17.23
2026-06-08 16:40:50,1538.42,92.59,85.42,37.28,24.14,1.75,2,564,20.9
2026-06-08 16:41:50,1229.79,72.95,26.13,45.29,19.57,7.07,6,397,17.71
2026-06-08 16:42:50,1177.5,78.1,70.46,46.49,20.97,3.39,3,400,17.98
2026-06-08 16:43:50,1218.36,31.48,48.51,63.8,12.95,5.19,4,331,9.5
2026-06-08 16:44:50,1257.26,43.79,57.82,65.4,15.89,4.78,5,356,13.73
2026-06-08 16:45:50,1103.05,53.71,95.6,56.19,15.09,1.36,2,361,14.34
2026-06-08 16:46:50,1793.03,63.07,58.95,63.63,20.13,4.17,4,563,17.34
2026-06-08 16:47:50,1728.2,92.46,94.18,68.12,24.66,1.9,1,592,21.52
2026-06-08 16:48:50,1462.87,58.2,73.94,39.42,17.65,3.26,4,473,14.35
2026-06-08 16:49:50,1070.09,95.26,20.09,63.78,24.29,6.93,7,363,22.98
2026-06-08 16:50:50,1077.62,83.31,34.37,31.43,21.08,5.85,6,366,19.94
2026-06-08 16:51:50,913.5,50.36,68.61,39.11,14.46,3.38,3,316,11.88
2026-06-08 16:52:50,1610.33,82.15,26.96,38.58,23.27,6.83,6,521,19.66
2026-06-08 16:53:50,1491.6,81.97,99.92,53.4,21.86,0.91,2,526,20.12
2026-06-08 16:54:50,1189.26,78.79,97.97,31.22,20.5,0.88,1,423,17.73
2026-06-08 16:55:50,1676.9,66.77,75.59,45.05,19.75,2.82,3,524,17.35
2026-06-08 16:56:50,1308.09,78.58,76.93,48.23,20.62,2.38,3,452,17.92
2026-06-08 16:57:50,1264.65,52.84,49.88,69.03,15.64,5.1,4,393,14.28
2026-06-08 16:58:50,1216.92,53.35,57.52,56.39,16.99,4.72,4,380,14.65
2026-06-08 16:59:50,1092.3,46.42,92.41,33.16,15.12,1.96,2,342,13.62
2026-06-08 17:00:50,1232.94,41.96,38.86,48.27,15.16,5.61,6,333,11.8
2026-06-08 17:01:50,1305.14,92.14,34.81,47.41,23.09,6.33,5,456,21.43
2026-06-08 17:02:50,1497.14,71.55,76.3,60.5,20.73,2.44,3,475,18.02
2026-06-08 17:03:50,1219.08,79.18,86.0,65.89,21.35,2.4,2,443,19.55
2026-06-08 17:04:50,1792.67,91.11,60.02,56.03,25.4,3.8,3,595,22.17
2026-06-08 17:05:50,1758.88,57.16,52.41,53.57,18.48,5.07,5,507,15.38
2026-06-08 17:06:50,1512.01,47.51,91.74,57.9,16.72,1.23,2,456,13.18
2026-06-08 17:07:50,1133.37,54.84,73.22,31.12,16.46,3.5,4,350,15.24
2026-06-08 17:08:50,1572.7,41.48,96.55,67.55,16.25,1.03,0,487,13.38
2026-06-08 17:09:50,1352.18,85.07,69.77,33.35,22.5,3.77,3,474,21.05
2026-06-08 17:10:50,1396.27,97.86,91.24,45.29,25.27,2.13,2,507,23.5
2026-06-08 17:11:50,1265.11,75.43,31.37,61.15,19.65,6.38,6,383,17.61
2026-06-08 17:12:50,1201.8,73.69,92.64,60.88,19.65,1.36,1,421,17.65
2026-06-08 17:13:50,1153.76,52.52,96.37,62.76,16.94,1.09,2,396,13.74
2026-06-08 17:14:50,1459.13,82.53,58.0,43.95,22.65,4.07,4,473,20.87
2026-06-08 17:15:50,1381.85,76.74,90.75,51.13,22.3,1.72,2,485,19.45
2026-06-08 17:16:50,1627.33,41.85,55.31,35.64,16.0,4.12,3,491,13.04
2026-06-08 17:17:50,1101.64,48.0,62.26,50.46,15.51,3.98,4,356,12.36
2026-06-08 17:18:50,1774.9,41.07,89.6,59.89,15.96,1.45,2,541,12.42
2026-06-08 17:19:50,1708.76,50.12,65.47,62.75,18.08,4.12,4,517,14.89
2026-06-08 17:20:50,1338.3,80.9,52.51,68.69,21.95,4.64,4,445,19.68
2026-06-08 17:21:50,1152.01,39.53,71.93,49.53,13.74,3.2,4,354,12.14
2026-06-08 17:22:50,1757.85,53.34,28.73,58.24,19.31,6.24,5,514,15.37
2026-06-08 17:23:50,1017.16,45.54,53.68,52.73,15.11,5.03,4,322,13.28
2026-06-08 17:24:50,1682.87,86.87,42.4,43.87,23.77,5.27,4,555,21.59
2026-06-08 17:25:50,1334.97,89.26,37.92,46.95,23.54,6.32,5,430,21.09
2026-06-08 17:26:50,1074.19,99.07,93.31,45.58,24.73,1.5,1,430,23.35
2026-06-08 17:27:50,1131.34,55.67,22.0,48.65,17.08,7.15,7,317,14.66
2026-06-08 17:28:50,1024.7,43.82,85.85,59.48,13.85,1.85,2,319,12.59
2026-06-08 17:29:50,1166.18,83.46,47.94,57.6,22.04,5.22,5,394,20.55
2026-06-08 17:30:50,1141.59,82.88,35.55,61.41,21.39,5.86,5,396,19.98
2026-06-08 17:31:50,1062.81,75.5,69.2,55.06,20.09,3.3,3,374,18.85
2026-06-08 17:32:50,1254.34,73.58,88.22,49.76,21.09,1.93,1,457,18.86
2026-06-08 17:33:50,1697.46,47.02,89.22,49.09,17.62,1.97,2,523,13.4
2026-06-08 17:34:50,1175.39,86.87,41.98,64.65,21.66,5.18,4,427,19.12
2026-06-08 17:35:50,1464.24,43.21,84.41,48.62,15.24,2.31,3,443,11.61
2026-06-08 17:36:50,956.01,76.14,41.62,30.46,20.47,5.47,6,298,18.26
2026-06-08 17:37:50,1505.38,48.62,91.02,53.17,15.91,1.95,2,483,12.81
2026-06-08 17:38:50,1282.69,70.43,28.44,64.64,19.13,6.76,7,407,17.15
2026-06-08 17:39:50,1223.02,91.97,91.68,46.11,23.33,1.92,2,448,20.63
2026-06-08 17:40:50,1220.43,60.34,97.08,68.04,17.29,1.18,1,401,14.51
2026-06-08 17:41:50,1187.69,57.36,44.68,65.25,16.74,5.17,5,355,15.58
2026-06-08 17:42:50,974.59,66.63,30.23,48.59,17.29,6.86,5,305,15.72
2026-06-08 17:43:50,966.98,96.47,92.08,38.78,23.14,1.81,2,380,21.96
2026-06-08 17:44:50,1633.54,79.89,90.54,64.57,22.73,1.27,2,560,19.46
2026-06-08 17:45:50,1306.06,82.48,75.34,65.06,21.15,3.04,2,467,18.81
2026-06-08 17:46:50,932.9,98.36,37.61,47.7,23.32,6.15,5,357,22.26
2026-06-08 17:47:50,1285.23,61.06,62.63,65.19,17.63,4.48,4,421,15.13
2026-06-08 17:48:50,947.79,45.33,69.31,44.64,13.08,3.77,3,315,12.32
2026-06-08 17:49:50,1259.0,75.68,34.36,67.11,19.76,6.22,5,400,17.05
2026-06-08 17:50:50,1160.35,44.79,58.0,58.34,15.43,4.54,5,332,13.5
2026-06-08 17:51:50,990.52,50.36,27.64,45.58,14.5,6.5,5,304,13.21
2026-06-08 17:52:50,1360.71,97.13,87.03,43.83,24.52,1.99,2,523,22.04
2026-06-08 17:53:50,1656.68,86.35,71.42,47.25,23.25,3.4,3,553,20.27
2026-06-08 17:54:50,1073.64,36.38,83.09,49.95,13.59,1.91,2,336,11.23
2026-06-08 17:55:50,1073.95,30.68,79.09,41.27,11.24,3.0,4,298,8.97
2026-06-08 17:56:50,1374.53,44.19,98.62,43.2,16.22,0.93,0,457,14.19
2026-06-08 17:57:50,1011.13,62.28,94.19,33.24,17.26,1.09,1,361,15.55
2026-06-08 17:58:50,1792.94,56.44,93.34,48.18,18.77,1.33,1,558,16.44
2026-06-08 17:59:50,1133.66,78.11,22.06,35.63,19.94,6.9,7,339,19.17
2026-06-08 18:00:50,1770.13,35.43,37.98,65.78,16.12,6.39,7,480,13.03
2026-06-08 18:01:50,1058.12,61.08,84.82,39.41,17.06,2.29,1,355,14.3
2026-06-08 18:02:50,1719.02,82.24,43.68,47.82,23.88,5.37,5,564,21.85
2026-06-08 18:03:50,1414.61,47.32,44.45,65.22,15.48,5.68,5,390,13.64
2026-06-08 18:04:50,1216.8,67.28,69.06,44.21,18.0,3.44,3,419,17.08
2026-06-08 18:05:50,1728.18,43.02,55.6,42.69,16.15,4.65,5,511,13.13
2026-06-08 18:06:50,987.92,55.15,81.65,44.11,15.01,1.99,2,352,13.36
2026-06-08 18:07:50,1256.08,48.68,70.97,32.09,15.04,3.38,3,403,12.69
2026-06-08 18:08:50,1003.9,49.92,88.17,65.82,14.93,1.46,1,359,13.85
2026-06-08 18:09:50,1059.73,76.15,81.18,34.8,20.22,2.45,3,390,17.55
2026-06-08 18:10:50,943.21,41.66,26.79,34.83,14.16,7.01,6,263,11.8
2026-06-08 18:11:50,1468.79,43.66,26.21,44.96,16.09,6.77,5,425,13.07
2026-06-08 18:12:50,1695.47,91.79,92.19,49.02,25.45,1.72,2,576,22.01
2026-06-08 18:13:50,1172.54,67.9,20.76,48.58,18.88,7.0,6,377,16.37
2026-06-08 18:14:50,1327.91,69.29,86.22,67.12,19.37,1.98,3,446,16.37
2026-06-08 18:15:50,980.57,85.45,87.0,56.05,22.25,1.64,2,391,20.43
2026-06-08 18:16:50,1600.94,84.84,36.11,46.58,23.21,5.89,4,532,21.12
2026-06-08 18:17:50,998.91,97.88,83.52,42.94,24.29,1.97,3,403,22.43
2026-06-08 18:18:50,1403.32,88.33,40.65,40.51,22.82,5.74,5,450,20.04
2026-06-08 18:19:50,1445.42,73.29,78.23,64.59,20.41,2.94,2,490,17.54
2026-06-08 18:20:50,984.67,34.32,63.35,60.28,12.24,3.67,3,302,10.96
2026-06-08 18:21:50,1796.5,63.35,46.71,54.31,20.42,5.09,4,532,16.76
2026-06-08 18:22:50,1149.74,63.81,37.97,33.19,18.91,5.76,6,337,15.62
2026-06-08 18:23:50,1482.87,42.11,40.6,37.55,14.8,6.19,6,414,12.05
2026-06-08 18:24:50,1597.03,35.04,86.95,66.12,14.58,2.28,3,462,10.87
2026-06-08 18:25:50,1614.59,57.73,65.64,47.38,18.88,3.79,3,487,15.63
2026-06-08 18:26:50,1571.63,78.02,79.63,46.08,22.56,2.4,3,515,19.51
2026-06-08 18:27:50,1056.4,97.32,71.31,44.11,23.14,3.47,3,390,20.85
2026-06-08 18:28:50,1193.03,65.28,34.04,47.53,18.23,6.62,5,386,16.69
2026-06-08 18:29:50,1566.64,85.77,58.21,32.17,23.13,4.03,3,533,19.82
2026-06-08 18:30:50,1137.63,34.93,39.41,44.03,12.07,5.88,5,331,10.74
2026-06-08 18:31:50,1728.71,74.57,97.28,56.96,21.51,1.61,1,593,19.63
2026-06-08 18:32:50,1538.84,44.89,46.72,39.27,16.95,5.65,5,436,13.0
2026-06-08 18:33:50,1384.61,58.75,40.73,51.12,18.7,5.86,5,422,16.64
2026-06-08 18:34:50,1711.77,86.32,51.58,62.61,25.36,4.58,5,556,21.73
2026-06-08 18:35:50,972.26,81.53,57.92,57.99,20.78,3.92,3,357,19.55
2026-06-08 18:36:50,1424.22,58.05,52.61,52.71,18.53,4.9,4,431,15.24
2026-06-08 18:37:50,948.01,85.62,43.41,53.42,20.65,5.99,6,324,19.25
2026-06-08 18:38:50,1453.1,92.21,31.64,59.74,24.02,6.78,6,484,22.01
2026-06-08 18:39:50,1500.15,76.14,30.76,57.66,21.65,6.14,6,481,20.03
2026-06-08 18:40:50,1507.74,60.25,36.27,35.46,18.47,6.27,6,435,16.59
2026-06-08 18:41:50,1477.91,93.44,76.05,60.94,25.5,3.42,4,518,23.34
2026-06-08 18:42:50,1057.46,95.56,23.94,49.42,23.98,6.97,7,347,21.54
2026-06-08 18:43:50,1220.4,79.39,20.18,64.46,21.25,6.98,7,365,18.51
2026-06-08 18:44:50,1710.53,31.03,84.33,31.85,13.56,1.93,3,512,10.51
2026-06-08 18:45:50,1390.18,89.41,57.84,41.56,22.65,4.81,5,463,21.34
2026-06-08 18:46:50,1086.21,80.21,40.68,42.93,20.78,5.58,6,359,18.98
2026-06-08 18:47:50,1360.53,96.08,97.97,65.42,25.12,1.32,1,523,23.23
2026-06-08 18:48:50,1698.57,58.98,25.94,34.58,19.0,7.25,6,484,16.75
2026-06-08 18:49:50,1782.72,57.28,90.98,62.04,19.85,1.98,3,564,17.31
2026-06-08 18:50:50,1387.85,55.94,79.89,65.08,17.91,2.88,2,456,14.51
2026-06-08 18:51:50,1556.27,93.79,31.94,30.52,25.46,6.62,6,493,23.74
2026-06-08 18:52:50,1770.14,52.52,70.37,39.51,17.56,3.69,4,519,13.92
2026-06-08 18:53:50,1167.94,89.14,92.38,40.35,22.91,1.42,1,462,21.44
2026-06-08 18:54:50,1290.47,53.02,63.21,36.61,15.88,4.43,4,385,14.55
2026-06-08 18:55:50,1281.41,79.19,40.18,39.12,21.94,5.75,5,416,19.27
2026-06-08 18:56:50,1373.04,80.78,92.1,53.24,21.19,1.15,1,505,20.08
2026-06-08 18:57:50,962.17,58.41,21.71,32.26,15.64,7.54,7,269,13.53
2026-06-08 18:58:50,1162.54,65.94,30.89,48.38,18.67,7.0,6,365,16.39
2026-06-08 18:59:50,1658.36,98.81,81.88,69.62,26.73,2.34,1,602,24.27
2026-06-08 19:00:50,1419.64,59.84,68.71,43.15,19.15,3.79,3,446,15.95
2026-06-08 19:01:50,1261.82,48.06,59.94,67.55,16.66,4.4,4,383,13.28
2026-06-08 19:02:50,1616.13,68.07,66.23,40.27,20.77,3.7,4,497,17.56
2026-06-08 19:03:50,1356.09,80.64,27.67,64.98,22.16,6.53,6,451,19.74
2026-06-08 19:04:50,1455.54,36.02,72.91,36.48,14.44,3.63,3,444,12.18
2026-06-08 19:05:50,1220.67,51.62,42.57,64.79,16.91,5.4,6,335,13.39
2026-06-08 19:06:50,1184.81,59.84,88.15,35.92,17.44,1.87,2,407,15.65
2026-06-08 19:07:50,1588.46,37.91,64.57,49.24,15.55,4.15,5,431,12.64
2026-06-08 19:08:50,1125.32,31.33,44.38,54.27,11.93,5.76,6,280,9.86
2026-06-08 19:09:50,1477.8,32.35,28.45,52.8,12.74,6.83,7,380,10.04
2026-06-08 19:10:50,1582.02,50.85,91.61,34.67,17.89,1.9,2,492,14.57
2026-06-08 19:11:50,1497.56,31.32,53.27,51.11,14.5,4.77,4,400,12.19
2026-06-08 19:12:50,1008.55,50.21,94.3,47.51,15.58,1.92,1,359,13.44
2026-06-08 19:13:50,1463.75,39.17,55.87,43.66,15.25,4.81,4,421,11.88
2026-06-08 19:14:50,1737.28,82.01,74.46,63.81,22.82,3.09,2,598,20.42
2026-06-08 19:15:50,1573.49,63.84,75.97,67.96,20.21,3.35,3,518,17.09
2026-06-08 19:16:50,972.83,55.75,55.64,61.86,15.69,4.26,4,294,13.77
2026-06-08 19:17:50,1765.33,58.95,55.06,42.69,19.46,5.0,4,547,15.9
2026-06-08 19:18:50,1121.94,54.45,72.26,44.91,16.6,3.38,4,370,15.06
2026-06-08 19:19:50,900.03,99.23,30.71,40.45,22.55,6.46,5,345,21.88
2026-06-08 19:20:50,913.65,58.23,33.76,32.71,16.43,6.73,6,268,15.2
2026-06-08 19:21:50,1434.65,97.37,84.15,35.18,25.82,2.07,2,525,23.48
2026-06-08 19:22:50,1681.36,40.4,98.35,44.16,15.55,1.46,1,502,12.93
2026-06-08 19:23:50,1114.45,49.04,30.27,49.74,15.52,6.29,6,325,12.39
2026-06-08 19:24:50,1711.6,44.9,75.46,68.39,17.23,2.73,2,531,13.34
2026-06-08 19:25:50,1302.53,31.77,86.95,56.04,12.64,2.37,3,385,10.38
2026-06-08 19:26:50,1797.83,73.87,54.75,67.37,22.49,4.97,4,550,19.38
2026-06-08 19:27:50,912.75,92.71,72.85,42.54,22.12,2.94,3,374,19.89
2026-06-08 19:28:50,1088.84,43.54,21.97,56.27,14.86,6.83,6,282,11.79
2026-06-08 19:29:50,1797.97,82.88,72.62,37.91,23.64,3.51,4,600,20.33
2026-06-08 19:30:50,1780.26,82.57,79.62,32.15,23.28,3.03,2,615,20.74
2026-06-08 19:31:50,1311.82,46.96,75.09,38.38,14.91,3.12,3,389,13.43
2026-06-08 19:32:50,1617.15,38.7,97.38,65.61,15.63,1.37,1,508,12.71
2026-06-08 19:33:50,1335.46,84.51,34.69,51.39,23.49,5.87,4,446,21.43
2026-06-08 19:34:50,1791.79,63.39,34.11,36.07,20.08,6.1,6,533,16.45
2026-06-08 19:35:50,1036.23,45.11,84.99,67.47,14.08,2.24,3,326,12.0
2026-06-08 19:36:50,1184.74,31.85,27.71,54.49,12.87,6.9,6,294,9.66
2026-06-08 19:37:50,1747.28,35.03,95.51,50.25,15.6,1.25,1,523,12.46
2026-06-08 19:38:50,1237.83,40.6,23.27,41.91,14.24,6.81,6,329,10.85
2026-06-08 19:39:50,1261.57,67.25,95.7,53.73,19.2,1.13,2,452,17.35
2026-06-08 19:40:50,1504.94,48.01,98.02,45.18,16.69,0.81,1,502,14.57
2026-06-08 19:41:50,1486.65,97.72,26.73,41.04,26.44,7.15,7,496,23.89
2026-06-08 19:42:50,920.44,99.07,39.9,33.31,23.27,5.67,5,361,22.86
2026-06-08 19:43:50,972.26,72.66,98.71,53.4,18.82,1.26,2,354,16.79
2026-06-08 19:44:50,1329.1,56.07,66.49,57.13,17.68,4.04,4,410,15.74
2026-06-08 19:45:50,1453.07,91.74,45.53,51.52,24.79,4.89,5,490,22.98
2026-06-08 19:46:50,1390.73,93.77,37.39,37.97,24.85,6.27,5,473,22.55
2026-06-08 19:47:50,1288.89,87.97,81.51,40.25,21.99,2.87,3,466,19.26
2026-06-08 19:48:50,1375.12,69.26,70.93,63.76,20.38,3.1,4,456,18.14
2026-06-08 19:49:50,1512.03,64.69,86.19,49.67,20.5,2.44,2,478,18.47
2026-06-08 19:50:50,1314.0,45.73,83.08,57.86,15.07,2.0,2,434,12.02
2026-06-08 19:51:50,1097.3,31.65,75.45,68.47,12.13,2.82,2,325,8.86
2026-06-08 19:52:50,1406.2,68.62,73.32,40.41,20.95,2.81,3,472,17.88
2026-06-08 19:53:50,1118.76,35.68,87.89,61.61,12.22,1.9,1,344,10.44
2026-06-08 19:54:50,964.97,79.12,99.45,36.34,19.69,0.65,1,369,18.89
2026-06-08 19:55:50,1595.88,74.79,93.47,61.88,22.34,1.64,1,542,19.25
2026-06-08 19:56:50,1352.68,80.67,21.33,36.0,22.32,7.73,7,411,20.21
2026-06-08 19:57:50,1338.62,39.41,92.34,42.82,15.06,2.06,2,412,11.65
2026-06-08 19:58:50,1299.89,68.43,27.03,64.76,20.09,6.82,5,409,17.44
2026-06-08 19:59:50,1211.88,96.27,41.17,41.31,24.98,6.21,5,439,23.42
2026-06-08 20:00:50,1779.17,51.24,74.26,63.96,19.21,2.56,3,562,15.43
2026-06-08 20:01:50,1237.64,30.27,98.62,45.5,11.71,1.24,1,374,8.54
2026-06-08 20:02:50,1755.88,55.03,54.96,64.66,19.85,4.15,3,538,16.04
2026-06-08 20:03:50,1261.88,81.24,94.01,52.82,21.05,1.89,2,466,19.36
2026-06-08 20:04:50,1435.3,79.22,43.74,57.85,22.9,5.39,4,479,21.03
2026-06-08 20:05:50,909.76,86.94,95.91,59.39,22.19,1.18,1,357,20.44
2026-06-08 20:06:50,900.64,93.92,66.21,55.05,22.98,3.56,3,371,20.52
2026-06-08 20:07:50,1529.95,56.43,24.12,64.02,17.55,6.99,6,435,15.5
2026-06-08 20:08:50,1008.29,70.51,26.66,48.62,19.64,6.89,6,316,17.07
2026-06-08 20:09:50,1358.64,55.96,26.72,42.39,18.12,6.78,7,370,14.84
2026-06-08 20:10:50,1120.22,54.7,82.71,57.92,15.36,1.88,1,399,13.67
2026-06-08 20:11:50,1199.26,42.61,24.29,54.94,14.76,6.95,7,336,12.62
2026-06-08 20:12:50,1752.75,83.72,98.55,45.16,23.43,1.17,1,590,20.39
2026-06-08 20:13:50,1436.43,92.82,45.48,46.21,24.06,5.46,5,471,21.39
2026-06-08 20:14:50,1463.84,93.77,76.84,62.73,24.28,2.47,3,534,21.43
2026-06-08 20:15:50,1131.83,68.62,31.49,66.66,18.73,6.45,5,378,16.89
2026-06-08 20:16:50,956.02,37.01,94.76,40.38,13.34,0.98,1,308,10.91
2026-06-08 20:17:50,1316.07,31.62,27.31,57.23,13.5,6.33,6,347,10.26
2026-06-08 20:18:50,1076.62,41.68,59.2,53.68,13.91,4.65,4,335,11.86
2026-06-08 20:19:50,998.63,78.17,21.2,42.4,20.08,7.2,7,310,17.47
2026-06-08 20:20:50,1717.64,46.78,47.92,55.17,16.75,4.97,5,483,14.38
2026-06-08 20:21:50,1082.29,87.14,71.37,52.23,21.55,3.28,3,414,18.92
2026-06-08 20:22:50,1559.47,94.73,68.98,61.96,25.2,3.25,3,556,23.21
2026-06-08 20:23:50,1473.58,49.68,59.36,32.22,17.76,3.76,4,453,15.6
2026-06-08 20:24:50,1764.72,89.45,28.01,44.8,24.94,6.93,7,537,21.91
2026-06-08 20:25:50,962.93,91.08,78.9,69.85,22.22,2.43,2,401,20.28
2026-06-08 20:26:50,1314.94,43.0,40.53,69.82,14.9,5.75,5,363,11.59
2026-06-08 20:27:50,1343.01,53.27,74.61,38.63,17.66,2.89,4,434,14.11
2026-06-08 20:28:50,1347.45,54.49,91.69,62.97,17.78,1.26,1,461,15.79
2026-06-08 20:29:50,1709.46,90.1,86.59,51.09,24.11,2.49,2,593,20.9
2026-06-08 20:30:50,1209.13,95.43,58.04,65.32,23.03,4.34,4,443,22.14
2026-06-08 20:31:50,1003.45,53.97,22.53,55.78,14.94,7.1,7,301,14.03
2026-06-08 20:32:50,1593.61,74.91,88.14,40.16,22.08,2.14,3,535,18.4
2026-06-08 20:33:50,1175.11,58.81,99.4,48.65,16.65,1.12,1,407,13.71
2026-06-08 20:34:50,1570.95,45.7,86.27,35.23,17.21,1.89,2,482,14.84
2026-06-08 20:35:50,1515.41,36.0,94.68,45.84,15.31,1.86,2,459,12.58
2026-06-08 20:36:50,1358.11,75.06,93.09,55.92,20.52,1.41,2,454,18.95
2026-06-08 20:37:50,962.47,43.57,60.16,52.36,13.59,3.76,4,274,10.99
2026-06-08 20:38:50,1077.69,74.46,25.35,32.28,20.52,7.23,7,339,18.25
2026-06-08 20:39:50,1673.01,60.72,60.41,60.35,19.7,3.87,4,530,17.47
2026-06-08 20:40:50,1664.76,88.51,92.8,50.97,25.34,1.61,2,576,21.53
2026-06-08 20:41:50,1002.19,49.34,47.17,35.47,15.14,5.52,6,298,12.43
2026-06-08 20:42:50,1556.75,74.62,56.45,33.05,21.91,4.94,5,481,18.51
2026-06-08 20:43:50,1138.87,85.16,94.08,43.14,22.71,1.22,2,422,20.61
2026-06-08 20:44:50,1082.96,57.98,25.43,64.48,17.48,7.12,6,333,14.62
2026-06-08 20:45:50,1432.73,52.45,59.56,44.82,16.68,4.45,4,422,14.33
2026-06-08 20:46:50,1747.71,84.99,49.68,57.19,23.92,5.38,5,560,21.4
2026-06-08 20:47:50,1199.75,82.24,64.03,64.29,22.49,3.76,3,417,19.53
2026-06-08 20:48:50,1542.07,91.94,50.07,41.39,25.48,5.08,5,497,22.42
2026-06-08 20:49:50,1131.36,58.85,28.08,57.98,16.5,7.01,6,348,14.41
2026-06-08 20:50:50,1617.16,87.62,81.55,59.07,25.12,2.95,2,554,22.8
2026-06-08 20:51:50,1632.24,48.0,47.04,46.22,17.23,5.4,5,460,14.17
2026-06-08 20:52:50,1286.08,32.05,67.95,34.44,13.81,3.97,3,380,11.57
2026-06-08 20:53:50,1465.22,53.44,78.54,46.21,17.73,3.06,4,447,15.87
2026-06-08 20:54:50,1723.32,53.6,70.42,65.4,19.07,3.53,4,537,16.71
2026-06-08 20:55:50,1494.09,33.87,87.43,55.88,13.13,1.58,2,432,11.01
2026-06-08 20:56:50,1488.43,88.24,31.53,62.17,24.57,6.56,6,495,22.02
2026-06-08 20:57:50,1274.43,86.27,49.29,40.66,23.15,5.13,4,444,20.68
2026-06-08 20:58:50,1259.81,46.91,55.44,63.01,16.41,4.87,5,382,14.58
2026-06-08 20:59:50,1776.95,97.56,89.08,50.79,25.75,1.83,1,611,22.93
2026-06-08 21:00:50,1601.78,40.07,66.7,44.58,14.83,3.17,4,458,11.24
2026-06-08 21:01:50,1163.99,85.44,42.0,31.08,21.33,5.18,4,402,20.34
2026-06-08 21:02:50,1642.22,42.68,70.02,42.61,17.03,3.47,3,482,13.23
2026-06-08 21:03:50,944.59,49.77,98.85,58.0,13.82,0.77,2,327,12.04
2026-06-08 21:04:50,1080.28,80.35,70.22,45.92,20.49,3.41,3,368,19.45
2026-06-08 21:05:50,1383.37,65.08,35.62,69.22,19.54,5.89,6,413,16.7
2026-06-08 21:06:50,916.74,92.91,97.13,61.16,21.53,1.21,2,390,20.08
2026-06-08 21:07:50,1150.52,66.98,74.92,30.38,19.16,2.72,3,403,16.39
2026-06-08 21:08:50,1347.55,49.92,72.14,46.15,15.67,3.24,2,410,12.62
2026-06-08 21:09:50,1077.1,30.66,75.69,41.77,11.49,2.58,3,321,9.64
2026-06-08 21:10:50,1046.55,85.5,83.03,37.82,22.13,2.44,2,388,20.97
2026-06-08 21:11:50,1797.91,48.79,40.5,34.48,18.51,5.41,5,517,14.89
2026-06-08 21:12:50,1787.12,64.13,26.86,55.79,20.05,6.43,6,543,17.15
2026-06-08 21:13:50,1675.61,33.6,29.17,35.62,15.33,7.0,7,443,11.32
2026-06-08 21:14:50,1605.05,72.82,43.9,67.96,21.27,5.0,5,523,19.45
2026-06-08 21:15:50,1488.02,71.66,22.73,33.6,20.02,6.72,5,466,18.6
2026-06-08 21:16:50,1477.64,68.32,23.05,40.85,20.82,7.38,7,427,17.6
2026-06-08 21:17:50,1462.35,33.56,45.05,48.44,13.24,4.9,5,411,10.46
2026-06-08 21:18:50,1628.86,46.23,39.71,32.19,17.56,5.63,6,446,13.84
2026-06-08 21:19:50,929.29,61.51,52.47,62.1,17.47,5.13,4,287,14.68
2026-06-08 21:20:50,1461.16,78.67,64.76,49.57,21.3,4.24,4,469,18.29
2026-06-08 21:21:50,1044.67,72.72,87.05,30.54,20.06,2.38,2,388,18.7
2026-06-08 21:22:50,1549.08,57.76,92.45,45.29,18.07,1.39,2,486,15.72
2026-06-08 21:23:50,1298.26,62.91,43.9,55.44,18.57,5.16,4,412,15.33
2026-06-08 21:24:50,1111.7,34.27,90.99,36.51,11.64,1.27,2,343,8.93
2026-06-08 21:25:50,1426.49,71.16,74.97,51.24,21.45,2.7,3,491,18.23
2026-06-08 21:26:50,1367.3,67.8,33.88,65.15,19.62,6.0,4,431,17.6
2026-06-08 21:27:50,1372.44,49.22,72.73,53.0,16.12,3.14,3,426,13.93
2026-06-08 21:28:50,1525.9,69.53,27.91,51.69,20.01,6.58,6,460,18.32
2026-06-08 21:29:50,1253.63,30.72,64.62,56.47,12.86,3.99,3,345,10.77
2026-06-08 21:30:50,1031.44,68.28,72.91,61.04,17.89,3.03,2,376,15.49
2026-06-08 21:31:50,1239.73,57.35,69.39,31.02,17.96,3.71,3,384,16.18
2026-06-08 21:32:50,1610.96,90.78,52.49,47.76,24.01,4.4,3,567,21.01
2026-06-08 21:33:50,1366.06,86.71,88.32,38.19,23.45,1.98,2,487,21.66
2026-06-08 21:34:50,1653.59,60.08,95.82,60.59,19.52,1.46,1,557,17.29
2026-06-08 21:35:50,1458.39,74.38,74.44,38.53,20.83,2.91,3,467,19.28
2026-06-08 21:36:50,1652.31,77.45,79.75,52.45,22.52,2.56,3,552,18.78
2026-06-08 21:37:50,1547.28,91.12,99.66,47.79,23.91,1.01,2,556,21.42
2026-06-08 21:38:50,1184.05,67.5,67.91,47.53,18.51,3.54,4,378,16.13
2026-06-08 21:39:50,1649.52,86.95,53.57,68.3,23.64,5.14,5,522,21.88
2026-06-08 21:40:50,1664.94,74.1,59.06,59.97,21.05,4.24,3,531,19.34
2026-06-08 21:41:50,1587.83,33.46,78.59,66.62,14.74,2.78,3,442,10.69
2026-06-08 21:42:50,1139.96,76.07,50.99,64.41,20.87,5.31,5,360,18.28
2026-06-08 21:43:50,1273.74,63.7,76.35,44.56,19.39,2.4,2,443,17.52
2026-06-08 21:44:50,1695.23,63.52,93.18,66.91,19.38,1.7,2,558,15.83
2026-06-08 21:45:50,1762.19,84.43,62.36,34.67,24.21,4.05,5,575,20.96
2026-06-08 21:46:50,1540.5,96.0,48.84,39.26,25.96,4.64,5,541,24.06
2026-06-08 21:47:50,1082.41,33.47,24.73,48.97,12.27,6.83,5,287,10.09
2026-06-08 21:48:50,1406.27,71.17,76.11,54.77,19.83,2.85,3,456,17.38
2026-06-08 21:49:50,1291.98,85.92,95.37,54.9,22.59,1.8,3,466,21.13
2026-06-08 21:50:50,911.87,30.28,23.42,60.93,10.14,7.39,5,218,9.07
2026-06-08 21:51:50,1109.23,83.76,97.18,56.86,22.31,1.62,2,414,19.29
2026-06-08 21:52:50,949.33,44.32,64.71,35.55,14.12,4.25,4,283,12.61
2026-06-08 21:53:50,1056.26,60.45,73.85,69.21,16.47,3.55,4,348,14.73
2026-06-08 21:54:50,1186.73,30.38,70.27,39.14,11.82,3.82,3,349,9.33
2026-06-08 21:55:50,1056.06,50.21,36.6,47.64,14.64,6.2,5,325,13.41
2026-06-08 21:56:50,1212.32,92.2,88.27,38.42,23.91,1.45,1,451,22.7
2026-06-08 21:57:50,937.09,37.65,85.9,63.52,13.0,2.29,2,309,10.09
2026-06-08 21:58:50,1521.64,54.27,93.21,34.92,18.25,1.15,2,487,14.5
2026-06-08 21:59:50,1581.71,68.7,44.66,58.85,19.7,5.04,4,499,17.26
2026-06-08 22:00:50,1497.28,92.98,25.2,37.18,24.38,7.43,6,496,21.47
2026-06-08 22:01:50,1678.84,75.05,41.85,37.16,22.53,5.84,5,507,19.48
2026-06-08 22:02:50,1267.67,99.43,65.34,67.55,25.23,4.14,3,460,23.97
2026-06-08 22:03:50,901.93,37.62,38.6,66.57,12.06,5.79,5,246,9.97
2026-06-08 22:04:50,1505.93,77.57,58.24,33.45,21.34,4.62,3,492,18.49
2026-06-08 22:05:50,1315.7,34.71,38.41,53.31,12.69,5.54,4,378,11.19
2026-06-08 22:06:50,1785.98,80.92,80.06,37.43,23.18,2.13,1,599,20.49
2026-06-08 22:07:50,1019.16,76.52,35.93,63.09,19.24,6.61,6,334,18.21
2026-06-08 22:08:50,1321.45,88.4,85.72,37.25,22.95,1.76,3,493,20.8
2026-06-08 22:09:50,934.04,54.02,78.84,34.32,14.71,2.29,2,320,13.27
2026-06-08 22:10:50,1024.53,60.04,43.52,69.96,16.17,5.48,6,304,15.38
2026-06-08 22:11:50,913.09,86.01,34.41,46.31,21.5,6.52,6,317,19.48
2026-06-08 22:12:50,1699.62,40.5,99.59,38.93,15.42,1.22,1,543,13.09
2026-06-08 22:13:50,1581.92,45.01,49.96,67.48,15.45,5.48,4,458,13.68
2026-06-08 22:14:50,1164.37,83.29,52.69,32.65,20.93,5.04,4,390,18.43
2026-06-08 22:15:50,1397.15,48.0,34.57,62.59,15.25,6.19,5,409,12.89
2026-06-08 22:16:50,1009.05,66.71,78.45,62.54,18.52,2.24,3,332,16.23
2026-06-08 22:17:50,1788.54,83.44,24.6,40.64,25.16,7.08,6,560,22.24
2026-06-08 22:18:50,1315.84,35.81,42.78,31.44,14.01,5.27,5,383,11.31
2026-06-08 22:19:50,1280.87,48.61,60.69,31.02,16.09,3.75,4,391,13.35
2026-06-08 22:20:50,983.64,68.67,24.88,56.21,18.93,6.73,6,318,17.46
2026-06-08 22:21:50,1337.77,79.76,22.18,68.32,21.89,6.97,6,423,19.55
2026-06-08 22:22:50,1073.08,63.12,40.97,67.43,16.86,5.71,4,350,15.7
2026-06-08 22:23:50,1614.84,90.1,23.49,61.11,24.84,7.41,7,501,21.59
2026-06-08 22:24:50,1051.94,93.2,55.1,54.59,22.47,4.13,5,384,20.79
2026-06-08 22:25:50,1037.89,65.97,36.77,36.67,17.99,6.18,5,316,17.03
2026-06-08 22:26:50,1166.55,74.83,75.31,65.92,19.2,2.69,3,387,17.11
2026-06-08 22:27:50,1309.45,56.97,94.55,35.56,18.11,1.92,1,431,14.43
2026-06-08 22:28:50,1534.99,87.3,23.98,68.45,23.96,6.95,6,511,22.06
2026-06-08 22:29:50,1596.98,78.74,90.6,32.76,21.65,1.7,2,545,18.59
2026-06-08 22:30:50,1737.64,40.1,68.26,32.75,15.42,3.89,3,509,13.4
2026-06-08 22:31:50,1363.1,52.59,25.36,38.81,16.69,6.53,5,398,14.83
